{"type":"FeatureCollection","features":[{"type":"Feature","properties":{"name":"浜崎橋JCT","ref":null},"geometry":{"type":"Point","coordinates":[139.75881,35.65396]}},{"type":"Feature","properties":{"name":"銀座","ref":"16/15"},"geometry":{"type":"Point","coordinates":[139.76818,35.66762]}},{"type":"Feature","properties":{"name":"新富町","ref":"13/14"},"geometry":{"type":"Point","coordinates":[139.77157,35.67118]}},{"type":"Feature","properties":{"name":"芝公園入口","ref":null},"geometry":{"type":"Point","coordinates":[139.75297,35.65337]}},{"type":"Feature","properties":{"name":"芝公園出口","ref":"20/19"},"geometry":{"type":"Point","coordinates":[139.74791,35.65382]}},{"type":"Feature","properties":{"name":"一ノ橋JCT","ref":null},"geometry":{"type":"Point","coordinates":[139.73829,35.65674]}},{"type":"Feature","properties":{"name":"飯倉","ref":"21"},"geometry":{"type":"Point","coordinates":[139.73706,35.65956]}},{"type":"Feature","properties":{"name":"清新町","ref":"C47"},"geometry":{"type":"Point","coordinates":[139.84963,35.66929]}},{"type":"Feature","properties":{"name":"船堀橋","ref":"C46"},"geometry":{"type":"Point","coordinates":[139.85533,35.68457]}},{"type":"Feature","properties":{"name":"千葉北IC","ref":"6"},"geometry":{"type":"Point","coordinates":[140.11869,35.67064]}},{"type":"Feature","properties":{"name":"佐倉IC","ref":"8"},"geometry":{"type":"Point","coordinates":[140.23744,35.68732]}},{"type":"Feature","properties":{"name":"成田JCT","ref":"9-1"},"geometry":{"type":"Point","coordinates":[140.3458,35.78237]}},{"type":"Feature","properties":{"name":"千代田石岡IC","ref":"7"},"geometry":{"type":"Point","coordinates":[140.24441,36.17352]}},{"type":"Feature","properties":{"name":"岩間IC","ref":"8"},"geometry":{"type":"Point","coordinates":[140.31921,36.28205]}},{"type":"Feature","properties":{"name":"川口東","ref":"71"},"geometry":{"type":"Point","coordinates":[139.74924,35.85219]}},{"type":"Feature","properties":{"name":"川口JCT","ref":"70/1"},"geometry":{"type":"Point","coordinates":[139.7339,35.85408]}},{"type":"Feature","properties":{"name":"横浜青葉IC/JCT","ref":"3-1"},"geometry":{"type":"Point","coordinates":[139.53979,35.54303]}},{"type":"Feature","properties":{"name":"若柳金成IC","ref":"33"},"geometry":{"type":"Point","coordinates":[141.08427,38.79374]}},{"type":"Feature","properties":{"name":"金成PA (下り)","ref":null},"geometry":{"type":"Point","coordinates":[141.09855,38.83862]}},{"type":"Feature","properties":{"name":"北上JCT","ref":"37"},"geometry":{"type":"Point","coordinates":[141.07619,39.27438]}},{"type":"Feature","properties":{"name":"矢巾PA (下り)","ref":null},"geometry":{"type":"Point","coordinates":[141.1296,39.6147]}},{"type":"Feature","properties":{"name":"畑PA (下り)","ref":null},"geometry":{"type":"Point","coordinates":[141.0169,40.05485]}},{"type":"Feature","properties":{"name":"九戸IC","ref":"3"},"geometry":{"type":"Point","coordinates":[141.40221,40.25314]}},{"type":"Feature","properties":{"name":"軽米IC","ref":"4"},"geometry":{"type":"Point","coordinates":[141.44919,40.32735]}},{"type":"Feature","properties":{"name":"美女木JCT","ref":"60"},"geometry":{"type":"Point","coordinates":[139.64343,35.8232]}},{"type":"Feature","properties":{"name":"和光北IC","ref":"52"},"geometry":{"type":"Point","coordinates":[139.61942,35.80057]}},{"type":"Feature","properties":{"name":"中之島見附IC","ref":"38"},"geometry":{"type":"Point","coordinates":[138.86991,37.5313]}},{"type":"Feature","properties":{"name":"富津金谷IC","ref":"21"},"geometry":{"type":"Point","coordinates":[139.83081,35.17021]}},{"type":"Feature","properties":{"name":"木更津JCT","ref":"16/110"},"geometry":{"type":"Point","coordinates":[139.98132,35.37356]}},{"type":"Feature","properties":{"name":"蘇我IC","ref":"12"},"geometry":{"type":"Point","coordinates":[140.13963,35.56591]}},{"type":"Feature","properties":{"name":"天理IC","ref":"6/29"},"geometry":{"type":"Point","coordinates":[135.83457,34.61734]}},{"type":"Feature","properties":{"name":"天理東IC","ref":"28"},"geometry":{"type":"Point","coordinates":[135.85499,34.61483]}},{"type":"Feature","properties":{"name":"五ヶ谷IC","ref":"27"},"geometry":{"type":"Point","coordinates":[135.87883,34.62196]}},{"type":"Feature","properties":{"name":"福住IC","ref":"26"},"geometry":{"type":"Point","coordinates":[135.91051,34.60814]}},{"type":"Feature","properties":{"name":"針IC","ref":"24"},"geometry":{"type":"Point","coordinates":[135.96236,34.61237]}},{"type":"Feature","properties":{"name":"山添IC","ref":"21"},"geometry":{"type":"Point","coordinates":[136.03918,34.68081]}},{"type":"Feature","properties":{"name":"治田IC","ref":"19"},"geometry":{"type":"Point","coordinates":[136.07553,34.70667]}},{"type":"Feature","properties":{"name":"白樫IC","ref":"18"},"geometry":{"type":"Point","coordinates":[136.08553,34.72318]}},{"type":"Feature","properties":{"name":"上野東IC","ref":"15"},"geometry":{"type":"Point","coordinates":[136.13295,34.75275]}},{"type":"Feature","properties":{"name":"友生IC","ref":"14"},"geometry":{"type":"Point","coordinates":[136.14728,34.75516]}},{"type":"Feature","properties":{"name":"伊賀一之宮IC","ref":"12"},"geometry":{"type":"Point","coordinates":[136.16357,34.79165]}},{"type":"Feature","properties":{"name":"御代IC","ref":"10"},"geometry":{"type":"Point","coordinates":[136.20375,34.81175]}},{"type":"Feature","properties":{"name":"上柘植IC","ref":"8"},"geometry":{"type":"Point","coordinates":[136.23706,34.83058]}},{"type":"Feature","properties":{"name":"伊賀IC","ref":"7"},"geometry":{"type":"Point","coordinates":[136.25629,34.83878]}},{"type":"Feature","properties":{"name":"南在家IC","ref":"6"},"geometry":{"type":"Point","coordinates":[136.31045,34.83649]}},{"type":"Feature","properties":{"name":"四日市東IC","ref":"30"},"geometry":{"type":"Point","coordinates":[136.60575,35.02607]}},{"type":"Feature","properties":{"name":"四日市JCT","ref":"29-1"},"geometry":{"type":"Point","coordinates":[136.62775,35.04012]}},{"type":"Feature","properties":{"name":"みえ朝日IC","ref":"16"},"geometry":{"type":"Point","coordinates":[136.64396,35.03248]}},{"type":"Feature","properties":{"name":"名港中央IC","ref":"9"},"geometry":{"type":"Point","coordinates":[136.84679,35.05233]}},{"type":"Feature","properties":{"name":"名港潮見IC","ref":"8"},"geometry":{"type":"Point","coordinates":[136.87173,35.05407]}},{"type":"Feature","properties":{"name":"豊明IC","ref":"4"},"geometry":{"type":"Point","coordinates":[137.00218,35.0408]}},{"type":"Feature","properties":{"name":"刈谷PA/スマートIC(上り)","ref":"3-1"},"geometry":{"type":"Point","coordinates":[137.04405,35.04128]}},{"type":"Feature","properties":{"name":"豊田JCT","ref":"19-2"},"geometry":{"type":"Point","coordinates":[137.14676,35.02135]}},{"type":"Feature","properties":{"name":"岡崎IC","ref":"19"},"geometry":{"type":"Point","coordinates":[137.19968,34.94244]}},{"type":"Feature","properties":{"name":"美合PA(上り)","ref":null},"geometry":{"type":"Point","coordinates":[137.22275,34.92852]}},{"type":"Feature","properties":{"name":"赤塚ＰＡ（上り）","ref":null},"geometry":{"type":"Point","coordinates":[137.35874,34.84895]}},{"type":"Feature","properties":{"name":"豊川ＩＣ","ref":"18"},"geometry":{"type":"Point","coordinates":[137.41363,34.83874]}},{"type":"Feature","properties":{"name":"新城ＰＡ（上り）","ref":null},"geometry":{"type":"Point","coordinates":[137.49593,34.84278]}},{"type":"Feature","properties":{"name":"三ケ日ＪＣＴ","ref":"17-1"},"geometry":{"type":"Point","coordinates":[137.54677,34.82563]}},{"type":"Feature","properties":{"name":"三ヶ日ＩＣ","ref":"17"},"geometry":{"type":"Point","coordinates":[137.57997,34.79779]}},{"type":"Feature","properties":{"name":"浜名湖SA (上り)","ref":null},"geometry":{"type":"Point","coordinates":[137.60541,34.78694]}},{"type":"Feature","properties":{"name":"舘山寺スマートIC","ref":"16-3"},"geometry":{"type":"Point","coordinates":[137.63782,34.77457]}},{"type":"Feature","properties":{"name":"浜松西IC","ref":"16-2"},"geometry":{"type":"Point","coordinates":[137.67907,34.76512]}},{"type":"Feature","properties":{"name":"三方原PA/スマートIC（上り）","ref":"16-1"},"geometry":{"type":"Point","coordinates":[137.73554,34.7589]}},{"type":"Feature","properties":{"name":"浜松ＩＣ","ref":"16"},"geometry":{"type":"Point","coordinates":[137.78843,34.74789]}},{"type":"Feature","properties":{"name":"磐田IC","ref":"15-1"},"geometry":{"type":"Point","coordinates":[137.85607,34.74883]}},{"type":"Feature","properties":{"name":"小笠ＰＡ（上り）","ref":null},"geometry":{"type":"Point","coordinates":[137.9926,34.76118]}},{"type":"Feature","properties":{"name":"日本坂ＰＡ（上り）","ref":null},"geometry":{"type":"Point","coordinates":[138.31425,34.88839]}},{"type":"Feature","properties":{"name":"港北ＰＡ（上り）","ref":null},"geometry":{"type":"Point","coordinates":[139.52435,35.53169]}},{"type":"Feature","properties":{"name":"海老名ＳＡ（上り）","ref":null},"geometry":{"type":"Point","coordinates":[139.39634,35.42849]}},{"type":"Feature","properties":{"name":"綾瀬SIC","ref":"4-1"},"geometry":{"type":"Point","coordinates":[139.41813,35.44754]}},{"type":"Feature","properties":{"name":"秦野中井ＩＣ","ref":"5-2"},"geometry":{"type":"Point","coordinates":[139.23443,35.35251]}},{"type":"Feature","properties":{"name":"大井松田ＩＣ","ref":"6"},"geometry":{"type":"Point","coordinates":[139.15426,35.34577]}},{"type":"Feature","properties":{"name":"足柄SA/スマートIC（上り）","ref":"6-1"},"geometry":{"type":"Point","coordinates":[138.96308,35.31075]}},{"type":"Feature","properties":{"name":"大栄IC","ref":"11"},"geometry":{"type":"Point","coordinates":[140.44975,35.83725]}},{"type":"Feature","properties":{"name":"佐原香取IC","ref":"12"},"geometry":{"type":"Point","coordinates":[140.53613,35.87313]}},{"type":"Feature","properties":{"name":"八戸JCT","ref":"5-1"},"geometry":{"type":"Point","coordinates":[141.45595,40.46445]}},{"type":"Feature","properties":{"name":"中野ＩＣ","ref":"4"},"geometry":{"type":"Point","coordinates":[140.26318,35.57156]}},{"type":"Feature","properties":{"name":"東金ＩＣ","ref":"101"},"geometry":{"type":"Point","coordinates":[140.31175,35.57356]}},{"type":"Feature","properties":{"name":"松ヶ丘ＩＣ","ref":"11"},"geometry":{"type":"Point","coordinates":[140.14894,35.59804]}},{"type":"Feature","properties":{"name":"藤野PA（下り）","ref":null},"geometry":{"type":"Point","coordinates":[139.15987,35.61576]}},{"type":"Feature","properties":{"name":"談合坂SA（下り）","ref":null},"geometry":{"type":"Point","coordinates":[139.06894,35.63254]}},{"type":"Feature","properties":{"name":"初狩PA（下り）","ref":null},"geometry":{"type":"Point","coordinates":[138.88869,35.60091]}},{"type":"Feature","properties":{"name":"碓氷軽井沢ＩＣ","ref":"6"},"geometry":{"type":"Point","coordinates":[138.67157,36.29335]}},{"type":"Feature","properties":{"name":"富岡IC","ref":"3"},"geometry":{"type":"Point","coordinates":[138.89435,36.24013]}},{"type":"Feature","properties":{"name":"藤岡JCT","ref":"9"},"geometry":{"type":"Point","coordinates":[139.0951,36.27383]}},{"type":"Feature","properties":{"name":"吉井IC","ref":"2"},"geometry":{"type":"Point","coordinates":[138.99222,36.24304]}},{"type":"Feature","properties":{"name":"嵐山小川IC","ref":"6-1"},"geometry":{"type":"Point","coordinates":[139.31236,36.06836]}},{"type":"Feature","properties":{"name":"東松山IC","ref":"6"},"geometry":{"type":"Point","coordinates":[139.38134,36.02659]}},{"type":"Feature","properties":{"name":"熊野町JCT","ref":null},"geometry":{"type":"Point","coordinates":[139.70789,35.74265]}},{"type":"Feature","properties":{"name":"谷町JCT","ref":null},"geometry":{"type":"Point","coordinates":[139.74009,35.66809]}},{"type":"Feature","properties":{"name":"小矢部川SA(上り)","ref":null},"geometry":{"type":"Point","coordinates":[136.87691,36.62718]}},{"type":"Feature","properties":{"name":"親不知ＩＣ","ref":"28"},"geometry":{"type":"Point","coordinates":[137.72099,37.00063]}},{"type":"Feature","properties":{"name":"上越ＪＣＴ","ref":"31-1"},"geometry":{"type":"Point","coordinates":[138.21893,37.13993]}},{"type":"Feature","properties":{"name":"名立谷浜ＳＡ（上り）、ＩＣ","ref":"31"},"geometry":{"type":"Point","coordinates":[138.11683,37.16475]}},{"type":"Feature","properties":{"name":"米山ＩＣ","ref":"34"},"geometry":{"type":"Point","coordinates":[138.48083,37.33914]}},{"type":"Feature","properties":{"name":"刈羽ＰＡ（上り）","ref":null},"geometry":{"type":"Point","coordinates":[138.64747,37.4283]}},{"type":"Feature","properties":{"name":"米山ＳＡ（上り）","ref":null},"geometry":{"type":"Point","coordinates":[138.49932,37.34813]}},{"type":"Feature","properties":{"name":"大積ＰＡ（上り）","ref":null},"geometry":{"type":"Point","coordinates":[138.73582,37.44065]}},{"type":"Feature","properties":{"name":"鶴ヶ島IC","ref":"5"},"geometry":{"type":"Point","coordinates":[139.39838,35.94587]}},{"type":"Feature","properties":{"name":"高坂ＳＡ（下り）","ref":null},"geometry":{"type":"Point","coordinates":[139.38092,35.98317]}},{"type":"Feature","properties":{"name":"本庄児玉ＩＣ","ref":"8"},"geometry":{"type":"Point","coordinates":[139.1645,36.21831]}},{"type":"Feature","properties":{"name":"高崎JCT","ref":"9-2"},"geometry":{"type":"Point","coordinates":[139.07621,36.3217]}},{"type":"Feature","properties":{"name":"昭和ＩＣ","ref":"12-2"},"geometry":{"type":"Point","coordinates":[139.06693,36.61539]}},{"type":"Feature","properties":{"name":"下牧ＰＡ（下り）","ref":null},"geometry":{"type":"Point","coordinates":[138.98797,36.69982]}},{"type":"Feature","properties":{"name":"塩沢石打IC;塩沢石打SA（下り）","ref":"16-1"},"geometry":{"type":"Point","coordinates":[138.81896,36.99288]}},{"type":"Feature","properties":{"name":"小千谷ＩＣ","ref":"20"},"geometry":{"type":"Point","coordinates":[138.77937,37.3085]}},{"type":"Feature","properties":{"name":"魚沼IC","ref":"18"},"geometry":{"type":"Point","coordinates":[138.97379,37.21441]}},{"type":"Feature","properties":{"name":"堀之内IC;堀之内PA（下り）","ref":"18-1"},"geometry":{"type":"Point","coordinates":[138.92869,37.25439]}},{"type":"Feature","properties":{"name":"鶴ヶ島JCT","ref":"50/4-1"},"geometry":{"type":"Point","coordinates":[139.40557,35.93203]}},{"type":"Feature","properties":{"name":"東部湯の丸IC;東部湯の丸SA（下り）","ref":"9"},"geometry":{"type":"Point","coordinates":[138.34938,36.36819]}},{"type":"Feature","properties":{"name":"駒寄ＰＡ（上り）、スマートＩＣ","ref":"11-1"},"geometry":{"type":"Point","coordinates":[139.01446,36.43548]}},{"type":"Feature","properties":{"name":"赤城ＩＣ、赤城ＰＡ（上り）","ref":"12-1"},"geometry":{"type":"Point","coordinates":[139.04917,36.53988]}},{"type":"Feature","properties":{"name":"塩沢石打SA（上り）","ref":null},"geometry":{"type":"Point","coordinates":[138.81378,36.98294]}},{"type":"Feature","properties":{"name":"湯沢IC","ref":"16"},"geometry":{"type":"Point","coordinates":[138.82898,36.93261]}},{"type":"Feature","properties":{"name":"湯沢IC","ref":null},"geometry":{"type":"Point","coordinates":[140.4823,39.17538]}},{"type":"Feature","properties":{"name":"大積ＰＡ（下り）","ref":null},"geometry":{"type":"Point","coordinates":[138.72608,37.43673]}},{"type":"Feature","properties":{"name":"長岡JCT","ref":"37"},"geometry":{"type":"Point","coordinates":[138.79136,37.4611]}},{"type":"Feature","properties":{"name":"米山ＩＣ、米山ＳＡ（下り）","ref":"34"},"geometry":{"type":"Point","coordinates":[138.47092,37.3338]}},{"type":"Feature","properties":{"name":"糸魚川ＩＣ","ref":"29"},"geometry":{"type":"Point","coordinates":[137.85149,37.02721]}},{"type":"Feature","properties":{"name":"蓮台寺PA(下り)","ref":null},"geometry":{"type":"Point","coordinates":[137.86662,37.03229]}},{"type":"Feature","properties":{"name":"砺波IC","ref":"20"},"geometry":{"type":"Point","coordinates":[136.95289,36.62401]}},{"type":"Feature","properties":{"name":"不動寺PA(下り)","ref":null},"geometry":{"type":"Point","coordinates":[136.71945,36.60568]}},{"type":"Feature","properties":{"name":"小矢部川SA(下り)","ref":null},"geometry":{"type":"Point","coordinates":[136.87062,36.6268]}},{"type":"Feature","properties":{"name":"中郷ＩＣ","ref":"19"},"geometry":{"type":"Point","coordinates":[138.22113,36.96888]}},{"type":"Feature","properties":{"name":"上越JCT","ref":"31-1"},"geometry":{"type":"Point","coordinates":[138.21302,37.13835]}},{"type":"Feature","properties":{"name":"坂城IC","ref":"11"},"geometry":{"type":"Point","coordinates":[138.20828,36.44561]}},{"type":"Feature","properties":{"name":"長野ＩＣ","ref":"13"},"geometry":{"type":"Point","coordinates":[138.20042,36.57463]}},{"type":"Feature","properties":{"name":"小布施ＰＡ（下り）、スマートＩＣ","ref":"14-1"},"geometry":{"type":"Point","coordinates":[138.29253,36.68799]}},{"type":"Feature","properties":{"name":"信州中野ＩＣ","ref":"15"},"geometry":{"type":"Point","coordinates":[138.31712,36.72977]}},{"type":"Feature","properties":{"name":"妙高高原ＩＣ","ref":"18"},"geometry":{"type":"Point","coordinates":[138.19389,36.86576]}},{"type":"Feature","properties":{"name":"小矢部東IC","ref":"1"},"geometry":{"type":"Point","coordinates":[136.91009,36.6518]}},{"type":"Feature","properties":{"name":"高岡IC","ref":"3"},"geometry":{"type":"Point","coordinates":[136.96155,36.73789]}},{"type":"Feature","properties":{"name":"名立谷浜ＳＡ（下り）、ＩＣ","ref":"31"},"geometry":{"type":"Point","coordinates":[138.1083,37.16748]}},{"type":"Feature","properties":{"name":"妙高ＳＡ（上り）","ref":null},"geometry":{"type":"Point","coordinates":[138.212,36.93156]}},{"type":"Feature","properties":{"name":"黒姫野尻湖ＰＡ（上り）","ref":null},"geometry":{"type":"Point","coordinates":[138.21598,36.80677]}},{"type":"Feature","properties":{"name":"小布施ＰＡ（上り）、スマートＩＣ","ref":"14-1"},"geometry":{"type":"Point","coordinates":[138.29656,36.69608]}},{"type":"Feature","properties":{"name":"木更津北ＩＣ","ref":"15"},"geometry":{"type":"Point","coordinates":[139.99701,35.38587]}},{"type":"Feature","properties":{"name":"東京IC","ref":"1"},"geometry":{"type":"Point","coordinates":[139.61796,35.62834]}},{"type":"Feature","properties":{"name":"東名川崎IC","ref":"3"},"geometry":{"type":"Point","coordinates":[139.56772,35.5871]}},{"type":"Feature","properties":{"name":"三芳PA(下り),スマートIC","ref":null},"geometry":{"type":"Point","coordinates":[139.5044,35.83741]}},{"type":"Feature","properties":{"name":"川越 IC","ref":"4"},"geometry":{"type":"Point","coordinates":[139.45905,35.89379]}},{"type":"Feature","properties":{"name":"古賀SA(上り)","ref":null},"geometry":{"type":"Point","coordinates":[130.51361,33.73393]}},{"type":"Feature","properties":{"name":"新門司IC","ref":"1-1"},"geometry":{"type":"Point","coordinates":[130.96972,33.88451]}},{"type":"Feature","properties":{"name":"沖縄北IC","ref":"5"},"geometry":{"type":"Point","coordinates":[127.81814,26.37462]}},{"type":"Feature","properties":{"name":"木津IC","ref":"7"},"geometry":{"type":"Point","coordinates":[135.81077,34.72202]}},{"type":"Feature","properties":{"name":"美原JCT","ref":"12-1"},"geometry":{"type":"Point","coordinates":[135.56702,34.55093]}},{"type":"Feature","properties":{"name":"西石切IC","ref":null},"geometry":{"type":"Point","coordinates":[135.63989,34.68008]}},{"type":"Feature","properties":{"name":"淡路IC/SA(下り)","ref":"4"},"geometry":{"type":"Point","coordinates":[135.01396,34.58654]}},{"type":"Feature","properties":{"name":"東浦IC","ref":"5"},"geometry":{"type":"Point","coordinates":[134.98214,34.54518]}},{"type":"Feature","properties":{"name":"淡路島南IC/PA(下り)","ref":"10"},"geometry":{"type":"Point","coordinates":[134.68912,34.2628]}},{"type":"Feature","properties":{"name":"鳴門IC","ref":"12"},"geometry":{"type":"Point","coordinates":[134.57557,34.17393]}},{"type":"Feature","properties":{"name":"鳴門JCT","ref":"7"},"geometry":{"type":"Point","coordinates":[134.56228,34.16904]}},{"type":"Feature","properties":{"name":"湾岸習志野IC","ref":"3"},"geometry":{"type":"Point","coordinates":[140.01812,35.66501]}},{"type":"Feature","properties":{"name":"花園ＩＣ","ref":"7"},"geometry":{"type":"Point","coordinates":[139.24817,36.12451]}},{"type":"Feature","properties":{"name":"狭山ＰＡ（内廻り）","ref":null},"geometry":{"type":"Point","coordinates":[139.36845,35.85409]}},{"type":"Feature","properties":{"name":"青梅IC","ref":"44"},"geometry":{"type":"Point","coordinates":[139.32246,35.79736]}},{"type":"Feature","properties":{"name":"大刀洗PA(下り)","ref":null},"geometry":{"type":"Point","coordinates":[130.61129,33.395]}},{"type":"Feature","properties":{"name":"甘木IC","ref":"2"},"geometry":{"type":"Point","coordinates":[130.6491,33.40177]}},{"type":"Feature","properties":{"name":"横須賀ＰＡ","ref":null},"geometry":{"type":"Point","coordinates":[139.64165,35.25159]}},{"type":"Feature","properties":{"name":"横須賀","ref":"7"},"geometry":{"type":"Point","coordinates":[139.63469,35.27516]}},{"type":"Feature","properties":{"name":"日野ＩＣ","ref":"5"},"geometry":{"type":"Point","coordinates":[139.58598,35.38052]}},{"type":"Feature","properties":{"name":"新保土ヶ谷","ref":null},"geometry":{"type":"Point","coordinates":[139.57169,35.4493]}},{"type":"Feature","properties":{"name":"小郡JCT","ref":"34-1"},"geometry":{"type":"Point","coordinates":[131.40314,34.12554]}},{"type":"Feature","properties":{"name":"徳山東IC","ref":"37"},"geometry":{"type":"Point","coordinates":[131.85346,34.04544]}},{"type":"Feature","properties":{"name":"佐波川SA(下り)","ref":null},"geometry":{"type":"Point","coordinates":[131.51261,34.05153]}},{"type":"Feature","properties":{"name":"山口南IC","ref":"41"},"geometry":{"type":"Point","coordinates":[131.4646,34.08782]}},{"type":"Feature","properties":{"name":"小月IC","ref":"36"},"geometry":{"type":"Point","coordinates":[131.03186,34.07856]}},{"type":"Feature","properties":{"name":"三宅坂ジャンクション","ref":null},"geometry":{"type":"Point","coordinates":[139.74433,35.68098]}},{"type":"Feature","properties":{"name":"釜利谷JCT","ref":"4-1"},"geometry":{"type":"Point","coordinates":[139.59632,35.35165]}},{"type":"Feature","properties":{"name":"朝比奈ＩＣ","ref":"5"},"geometry":{"type":"Point","coordinates":[139.59141,35.33632]}},{"type":"Feature","properties":{"name":"横須賀ＩＣ","ref":"7"},"geometry":{"type":"Point","coordinates":[139.63156,35.27984]}},{"type":"Feature","properties":{"name":"衣笠ＩＣ","ref":"8"},"geometry":{"type":"Point","coordinates":[139.65912,35.24124]}},{"type":"Feature","properties":{"name":"古賀SA(下り)","ref":null},"geometry":{"type":"Point","coordinates":[130.52381,33.74269]}},{"type":"Feature","properties":{"name":"広川IC/SA(下り)","ref":"10-1"},"geometry":{"type":"Point","coordinates":[130.53782,33.25822]}},{"type":"Feature","properties":{"name":"熊本IC","ref":"15"},"geometry":{"type":"Point","coordinates":[130.77908,32.83489]}},{"type":"Feature","properties":{"name":"廿日市JCT","ref":"32"},"geometry":{"type":"Point","coordinates":[132.29545,34.33598]}},{"type":"Feature","properties":{"name":"別府IC","ref":"11"},"geometry":{"type":"Point","coordinates":[131.46322,33.29394]}},{"type":"Feature","properties":{"name":"大和PA（上り）;大和スマートIC","ref":"17-1"},"geometry":{"type":"Point","coordinates":[138.9517,37.1665]}},{"type":"Feature","properties":{"name":"江戸橋ジャンクション","ref":null},"geometry":{"type":"Point","coordinates":[139.77655,35.68319]}},{"type":"Feature","properties":{"name":"柏崎ＩＣ","ref":"35"},"geometry":{"type":"Point","coordinates":[138.5932,37.36085]}},{"type":"Feature","properties":{"name":"柿崎ＩＣ","ref":"33"},"geometry":{"type":"Point","coordinates":[138.39289,37.26877]}},{"type":"Feature","properties":{"name":"会津若松IC","ref":"7"},"geometry":{"type":"Point","coordinates":[139.9202,37.52635]}},{"type":"Feature","properties":{"name":"海老名ＳＡ（下り）","ref":null},"geometry":{"type":"Point","coordinates":[139.40286,35.4346]}},{"type":"Feature","properties":{"name":"海老名JCT","ref":"4-2"},"geometry":{"type":"Point","coordinates":[139.3781,35.42398]}},{"type":"Feature","properties":{"name":"厚木西IC","ref":"8"},"geometry":{"type":"Point","coordinates":[139.35381,35.41666]}},{"type":"Feature","properties":{"name":"高田IC","ref":"23"},"geometry":{"type":"Point","coordinates":[132.68074,34.71873]}},{"type":"Feature","properties":{"name":"七塚原SA(上り)","ref":null},"geometry":{"type":"Point","coordinates":[132.95487,34.82541]}},{"type":"Feature","properties":{"name":"庄原IC","ref":"21"},"geometry":{"type":"Point","coordinates":[133.02326,34.84545]}},{"type":"Feature","properties":{"name":"帝釈峡PA(上り)","ref":null},"geometry":{"type":"Point","coordinates":[133.24151,34.89569]}},{"type":"Feature","properties":{"name":"大山IC","ref":"14"},"geometry":{"type":"Point","coordinates":[133.46525,35.47793]}},{"type":"Feature","properties":{"name":"淀江IC","ref":"15"},"geometry":{"type":"Point","coordinates":[133.43913,35.46034]}},{"type":"Feature","properties":{"name":"塩沢石打IC","ref":"16-1"},"geometry":{"type":"Point","coordinates":[138.82086,36.99954]}},{"type":"Feature","properties":{"name":"長岡IC","ref":"21"},"geometry":{"type":"Point","coordinates":[138.78818,37.4472]}},{"type":"Feature","properties":{"name":"落合JCT","ref":"15"},"geometry":{"type":"Point","coordinates":[133.80715,35.05216]}},{"type":"Feature","properties":{"name":"三次IC","ref":"22"},"geometry":{"type":"Point","coordinates":[132.86183,34.78622]}},{"type":"Feature","properties":{"name":"松江中央IC","ref":"25"},"geometry":{"type":"Point","coordinates":[133.06325,35.44213]}},{"type":"Feature","properties":{"name":"宍道IC","ref":"28"},"geometry":{"type":"Point","coordinates":[132.89977,35.39325]}},{"type":"Feature","properties":{"name":"雲南加茂スマートIC","ref":"7"},"geometry":{"type":"Point","coordinates":[132.89429,35.33397]}},{"type":"Feature","properties":{"name":"三刀屋木次IC","ref":"6"},"geometry":{"type":"Point","coordinates":[132.89043,35.29427]}},{"type":"Feature","properties":{"name":"諏訪IC","ref":"20"},"geometry":{"type":"Point","coordinates":[138.12885,36.00239]}},{"type":"Feature","properties":{"name":"諏訪湖SA（下り）","ref":null},"geometry":{"type":"Point","coordinates":[138.07938,36.02382]}},{"type":"Feature","properties":{"name":"諏訪湖SA（上り）","ref":null},"geometry":{"type":"Point","coordinates":[138.07382,36.02868]}},{"type":"Feature","properties":{"name":"梓川SA（下り）;梓川スマートIC","ref":"4-1"},"geometry":{"type":"Point","coordinates":[137.93497,36.25696]}},{"type":"Feature","properties":{"name":"筑北PA（下り）","ref":null},"geometry":{"type":"Point","coordinates":[138.01388,36.4348]}},{"type":"Feature","properties":{"name":"麻績IC","ref":"6"},"geometry":{"type":"Point","coordinates":[138.04794,36.4526]}},{"type":"Feature","properties":{"name":"姨捨SA（下り）、スマートＩＣ","ref":"6-1"},"geometry":{"type":"Point","coordinates":[138.09813,36.49432]}},{"type":"Feature","properties":{"name":"姨捨SA（上り）","ref":null},"geometry":{"type":"Point","coordinates":[138.09485,36.4993]}},{"type":"Feature","properties":{"name":"筑北PA（上り）","ref":null},"geometry":{"type":"Point","coordinates":[138.02924,36.43663]}},{"type":"Feature","properties":{"name":"松本IC","ref":"4"},"geometry":{"type":"Point","coordinates":[137.93836,36.23343]}},{"type":"Feature","properties":{"name":"妙高ＳＡ（下り）","ref":null},"geometry":{"type":"Point","coordinates":[138.21388,36.92501]}},{"type":"Feature","properties":{"name":"新井ＰＡ（上り）、スマートＩＣ","ref":"19-1"},"geometry":{"type":"Point","coordinates":[138.22787,37.03004]}},{"type":"Feature","properties":{"name":"差塩PA（下り）","ref":null},"geometry":{"type":"Point","coordinates":[140.72268,37.17322]}},{"type":"Feature","properties":{"name":"刈羽ＰＡ（下り）","ref":null},"geometry":{"type":"Point","coordinates":[138.64309,37.42438]}},{"type":"Feature","properties":{"name":"新潟西IC","ref":"41"},"geometry":{"type":"Point","coordinates":[139.00904,37.86474]}},{"type":"Feature","properties":{"name":"山谷ＰＡ（下り）","ref":null},"geometry":{"type":"Point","coordinates":[138.78188,37.32316]}},{"type":"Feature","properties":{"name":"堀之内IC;堀之内PA（上り）","ref":"18-1"},"geometry":{"type":"Point","coordinates":[138.92353,37.25634]}},{"type":"Feature","properties":{"name":"霞が関","ref":"23"},"geometry":{"type":"Point","coordinates":[139.74512,35.67208]}},{"type":"Feature","properties":{"name":"竹橋ジャンクション","ref":null},"geometry":{"type":"Point","coordinates":[139.75838,35.69077]}},{"type":"Feature","properties":{"name":"神田橋","ref":"29/28"},"geometry":{"type":"Point","coordinates":[139.76356,35.68998]}},{"type":"Feature","properties":{"name":"相模湖東ＩＣ","ref":"7"},"geometry":{"type":"Point","coordinates":[139.19706,35.62231]}},{"type":"Feature","properties":{"name":"国立府中IC","ref":"4"},"geometry":{"type":"Point","coordinates":[139.44126,35.67223]}},{"type":"Feature","properties":{"name":"石川ＰＡ（下り）","ref":null},"geometry":{"type":"Point","coordinates":[139.37405,35.67909]}},{"type":"Feature","properties":{"name":"八王子 (第１出口)","ref":"5-1"},"geometry":{"type":"Point","coordinates":[139.35891,35.67465]}},{"type":"Feature","properties":{"name":"大潟ＰＡ（下り）","ref":null},"geometry":{"type":"Point","coordinates":[138.32272,37.21483]}},{"type":"Feature","properties":{"name":"蓮台寺PA(上り)","ref":null},"geometry":{"type":"Point","coordinates":[137.87193,37.03338]}},{"type":"Feature","properties":{"name":"安田IC","ref":"12"},"geometry":{"type":"Point","coordinates":[139.23456,37.75827]}},{"type":"Feature","properties":{"name":"阿賀野川SA（上り）","ref":null},"geometry":{"type":"Point","coordinates":[139.31539,37.73858]}},{"type":"Feature","properties":{"name":"三川IC","ref":"11"},"geometry":{"type":"Point","coordinates":[139.37246,37.69733]}},{"type":"Feature","properties":{"name":"津川IC","ref":"10"},"geometry":{"type":"Point","coordinates":[139.45143,37.673]}},{"type":"Feature","properties":{"name":"上川PA（上り）","ref":null},"geometry":{"type":"Point","coordinates":[139.47411,37.65128]}},{"type":"Feature","properties":{"name":"西会津IC;西会津PA（上り）","ref":"9"},"geometry":{"type":"Point","coordinates":[139.6413,37.57819]}},{"type":"Feature","properties":{"name":"西藤IC","ref":null},"geometry":{"type":"Point","coordinates":[133.23544,34.44956]}},{"type":"Feature","properties":{"name":"上分PA(上り)","ref":null},"geometry":{"type":"Point","coordinates":[133.58512,33.98271]}},{"type":"Feature","properties":{"name":"川之江JCT","ref":"6"},"geometry":{"type":"Point","coordinates":[133.59785,34.0007]}},{"type":"Feature","properties":{"name":"川之江東JCT","ref":"7"},"geometry":{"type":"Point","coordinates":[133.61935,33.99605]}},{"type":"Feature","properties":{"name":"立川PA(下り)","ref":null},"geometry":{"type":"Point","coordinates":[133.66438,33.82005]}},{"type":"Feature","properties":{"name":"大豊IC","ref":"9"},"geometry":{"type":"Point","coordinates":[133.6587,33.77059]}},{"type":"Feature","properties":{"name":"奥屋PA(上り)","ref":null},"geometry":{"type":"Point","coordinates":[132.61962,34.45728]}},{"type":"Feature","properties":{"name":"志和IC","ref":"27"},"geometry":{"type":"Point","coordinates":[132.64452,34.46027]}},{"type":"Feature","properties":{"name":"小谷SA(上り)","ref":null},"geometry":{"type":"Point","coordinates":[132.83222,34.43201]}},{"type":"Feature","properties":{"name":"河内IC","ref":"25"},"geometry":{"type":"Point","coordinates":[132.87087,34.42909]}},{"type":"Feature","properties":{"name":"広島JCT","ref":"30"},"geometry":{"type":"Point","coordinates":[132.41078,34.44956]}},{"type":"Feature","properties":{"name":"広島西風新都IC","ref":"2"},"geometry":{"type":"Point","coordinates":[132.39032,34.47705]}},{"type":"Feature","properties":{"name":"高坂ＳＡ（上り）","ref":null},"geometry":{"type":"Point","coordinates":[139.3841,35.9892]}},{"type":"Feature","properties":{"name":"八王子ＪＣＴ","ref":"6"},"geometry":{"type":"Point","coordinates":[139.25485,35.6418]}},{"type":"Feature","properties":{"name":"八王子","ref":"5"},"geometry":{"type":"Point","coordinates":[139.34311,35.67711]}},{"type":"Feature","properties":{"name":"境川PA（下り）","ref":null},"geometry":{"type":"Point","coordinates":[138.60612,35.60161]}},{"type":"Feature","properties":{"name":"甲府昭和IC","ref":"15"},"geometry":{"type":"Point","coordinates":[138.53744,35.6443]}},{"type":"Feature","properties":{"name":"韮崎IC","ref":"16"},"geometry":{"type":"Point","coordinates":[138.46578,35.71992]}},{"type":"Feature","properties":{"name":"七飯大川IC","ref":"2"},"geometry":{"type":"Point","coordinates":[140.72787,41.86936]}},{"type":"Feature","properties":{"name":"八雲IC","ref":"9"},"geometry":{"type":"Point","coordinates":[140.25177,42.26334]}},{"type":"Feature","properties":{"name":"北広島IC","ref":"28"},"geometry":{"type":"Point","coordinates":[141.47828,42.97732]}},{"type":"Feature","properties":{"name":"千歳恵庭JCT","ref":"25"},"geometry":{"type":"Point","coordinates":[141.58661,42.84593]}},{"type":"Feature","properties":{"name":"夕張IC","ref":"3"},"geometry":{"type":"Point","coordinates":[142.03567,42.92248]}},{"type":"Feature","properties":{"name":"トマムIC","ref":"6"},"geometry":{"type":"Point","coordinates":[142.66315,43.04373]}},{"type":"Feature","properties":{"name":"十勝平原SA","ref":null},"geometry":{"type":"Point","coordinates":[143.02299,42.98166]}},{"type":"Feature","properties":{"name":"芽室IC","ref":"8"},"geometry":{"type":"Point","coordinates":[143.04497,42.96941]}},{"type":"Feature","properties":{"name":"帯広JCT","ref":"9"},"geometry":{"type":"Point","coordinates":[143.09555,42.96889]}},{"type":"Feature","properties":{"name":"芽室帯広IC","ref":"1"},"geometry":{"type":"Point","coordinates":[143.10793,42.93201]}},{"type":"Feature","properties":{"name":"有珠山SA (上り)","ref":null},"geometry":{"type":"Point","coordinates":[140.91064,42.46216]}},{"type":"Feature","properties":{"name":"室蘭IC","ref":"16"},"geometry":{"type":"Point","coordinates":[140.97073,42.3874]}},{"type":"Feature","properties":{"name":"登別室蘭IC","ref":"17"},"geometry":{"type":"Point","coordinates":[141.08062,42.40048]}},{"type":"Feature","properties":{"name":"苫小牧東IC","ref":"22"},"geometry":{"type":"Point","coordinates":[141.65215,42.71059]}},{"type":"Feature","properties":{"name":"苫小牧中央IC","ref":"21"},"geometry":{"type":"Point","coordinates":[141.58607,42.66314]}},{"type":"Feature","properties":{"name":"苫東中央IC","ref":"3"},"geometry":{"type":"Point","coordinates":[141.78213,42.67279]}},{"type":"Feature","properties":{"name":"厚真IC","ref":"4"},"geometry":{"type":"Point","coordinates":[141.83836,42.62349]}},{"type":"Feature","properties":{"name":"鵡川IC","ref":"5"},"geometry":{"type":"Point","coordinates":[141.92718,42.58902]}},{"type":"Feature","properties":{"name":"板橋JCT","ref":null},"geometry":{"type":"Point","coordinates":[139.71124,35.74843]}},{"type":"Feature","properties":{"name":"王子南","ref":"C33"},"geometry":{"type":"Point","coordinates":[139.7407,35.75263]}},{"type":"Feature","properties":{"name":"江北JCT","ref":null},"geometry":{"type":"Point","coordinates":[139.75994,35.76518]}},{"type":"Feature","properties":{"name":"久喜白岡JCT","ref":"3-2/70"},"geometry":{"type":"Point","coordinates":[139.65815,36.04768]}},{"type":"Feature","properties":{"name":"久喜IC","ref":"4"},"geometry":{"type":"Point","coordinates":[139.65343,36.06051]}},{"type":"Feature","properties":{"name":"大谷PA (下り)","ref":null},"geometry":{"type":"Point","coordinates":[139.84217,36.59598]}},{"type":"Feature","properties":{"name":"岩舟JCT","ref":"7-2"},"geometry":{"type":"Point","coordinates":[139.62355,36.34956]}},{"type":"Feature","properties":{"name":"栃木都賀JCT","ref":"8-1"},"geometry":{"type":"Point","coordinates":[139.72071,36.42515]}},{"type":"Feature","properties":{"name":"鹿沼IC","ref":"9"},"geometry":{"type":"Point","coordinates":[139.79854,36.53931]}},{"type":"Feature","properties":{"name":"磐梯山SA（上り）","ref":null},"geometry":{"type":"Point","coordinates":[140.02919,37.53667]}},{"type":"Feature","properties":{"name":"五百川PA（上り）","ref":null},"geometry":{"type":"Point","coordinates":[140.31376,37.48587]}},{"type":"Feature","properties":{"name":"日立中央IC;日立中央PA（上り）","ref":"11-1"},"geometry":{"type":"Point","coordinates":[140.63673,36.60526]}},{"type":"Feature","properties":{"name":"日立南太田IC","ref":"11"},"geometry":{"type":"Point","coordinates":[140.57513,36.50866]}},{"type":"Feature","properties":{"name":"東海PA（上り）;東海スマートIC","ref":"10-1"},"geometry":{"type":"Point","coordinates":[140.55525,36.48598]}},{"type":"Feature","properties":{"name":"水戸IC","ref":"9"},"geometry":{"type":"Point","coordinates":[140.38615,36.38154]}},{"type":"Feature","properties":{"name":"美野里PA（上り）","ref":null},"geometry":{"type":"Point","coordinates":[140.29772,36.23911]}},{"type":"Feature","properties":{"name":"石岡小美玉スマートIC","ref":"7-1"},"geometry":{"type":"Point","coordinates":[140.28086,36.2202]}},{"type":"Feature","properties":{"name":"千代田PA（上り）","ref":null},"geometry":{"type":"Point","coordinates":[140.214,36.14891]}},{"type":"Feature","properties":{"name":"つくばJCT","ref":"4-1/80"},"geometry":{"type":"Point","coordinates":[140.12714,36.03326]}},{"type":"Feature","properties":{"name":"流山IC","ref":"1-2"},"geometry":{"type":"Point","coordinates":[139.90004,35.87825]}},{"type":"Feature","properties":{"name":"三郷JCT","ref":"1/80"},"geometry":{"type":"Point","coordinates":[139.85949,35.83837]}},{"type":"Feature","properties":{"name":"三条燕IC","ref":"39"},"geometry":{"type":"Point","coordinates":[138.94053,37.6535]}},{"type":"Feature","properties":{"name":"黒磯板室IC;黒磯PA (下り)","ref":"12-1"},"geometry":{"type":"Point","coordinates":[139.98613,36.95578]}},{"type":"Feature","properties":{"name":"那須IC","ref":"13"},"geometry":{"type":"Point","coordinates":[140.03962,37.00539]}},{"type":"Feature","properties":{"name":"白河IC","ref":"14"},"geometry":{"type":"Point","coordinates":[140.16334,37.11715]}},{"type":"Feature","properties":{"name":"白河中央スマートIC","ref":"14-1"},"geometry":{"type":"Point","coordinates":[140.22085,37.14668]}},{"type":"Feature","properties":{"name":"矢吹IC","ref":"15/1"},"geometry":{"type":"Point","coordinates":[140.29956,37.19243]}},{"type":"Feature","properties":{"name":"北上西IC","ref":"1"},"geometry":{"type":"Point","coordinates":[140.9841,39.29155]}},{"type":"Feature","properties":{"name":"北の丸","ref":"26"},"geometry":{"type":"Point","coordinates":[139.75488,35.69095]}},{"type":"Feature","properties":{"name":"五城目八郎潟IC","ref":"10"},"geometry":{"type":"Point","coordinates":[140.09732,39.94916]}},{"type":"Feature","properties":{"name":"霞が関出口","ref":"24"},"geometry":{"type":"Point","coordinates":[139.74929,35.67641]}},{"type":"Feature","properties":{"name":"青森JCT","ref":"54"},"geometry":{"type":"Point","coordinates":[140.67255,40.79351]}},{"type":"Feature","properties":{"name":"青森中央IC","ref":"55"},"geometry":{"type":"Point","coordinates":[140.74216,40.79644]}},{"type":"Feature","properties":{"name":"黒埼PA（上り）","ref":"40-1"},"geometry":{"type":"Point","coordinates":[138.97955,37.82003]}},{"type":"Feature","properties":{"name":"八王子 (第２出口)","ref":"5-2"},"geometry":{"type":"Point","coordinates":[139.3541,35.6753]}},{"type":"Feature","properties":{"name":"稲城IC","ref":"3-1"},"geometry":{"type":"Point","coordinates":[139.51982,35.65569]}},{"type":"Feature","properties":{"name":"石川ＰＡ（上り）","ref":null},"geometry":{"type":"Point","coordinates":[139.37199,35.67827]}},{"type":"Feature","properties":{"name":"府中スマートIC","ref":"3-2"},"geometry":{"type":"Point","coordinates":[139.49308,35.66016]}},{"type":"Feature","properties":{"name":"新潟空港IC","ref":"2"},"geometry":{"type":"Point","coordinates":[139.13126,37.90831]}},{"type":"Feature","properties":{"name":"新潟中央JCT","ref":"42"},"geometry":{"type":"Point","coordinates":[139.04178,37.87145]}},{"type":"Feature","properties":{"name":"熊毛IC","ref":"36"},"geometry":{"type":"Point","coordinates":[131.97221,34.03497]}},{"type":"Feature","properties":{"name":"下松SA(下り)","ref":null},"geometry":{"type":"Point","coordinates":[131.91946,34.04065]}},{"type":"Feature","properties":{"name":"壇之浦PA(下り)","ref":null},"geometry":{"type":"Point","coordinates":[130.95043,33.96657]}},{"type":"Feature","properties":{"name":"筑紫野IC","ref":"8-1"},"geometry":{"type":"Point","coordinates":[130.52056,33.47449]}},{"type":"Feature","properties":{"name":"福岡IC","ref":"7"},"geometry":{"type":"Point","coordinates":[130.48949,33.63009]}},{"type":"Feature","properties":{"name":"福岡IC","ref":"2"},"geometry":{"type":"Point","coordinates":[136.92095,36.68985]}},{"type":"Feature","properties":{"name":"小郡鳥栖南スマートIC","ref":"9-1"},"geometry":{"type":"Point","coordinates":[130.54093,33.36879]}},{"type":"Feature","properties":{"name":"広島IC","ref":"29"},"geometry":{"type":"Point","coordinates":[132.48082,34.46565]}},{"type":"Feature","properties":{"name":"五日市IC","ref":"31"},"geometry":{"type":"Point","coordinates":[132.39134,34.42942]}},{"type":"Feature","properties":{"name":"宮島SA/スマートIC(上り)","ref":"31-1"},"geometry":{"type":"Point","coordinates":[132.3111,34.36361]}},{"type":"Feature","properties":{"name":"八幡IC","ref":"4"},"geometry":{"type":"Point","coordinates":[130.74095,33.78043]}},{"type":"Feature","properties":{"name":"日田IC","ref":"5"},"geometry":{"type":"Point","coordinates":[130.92999,33.34035]}},{"type":"Feature","properties":{"name":"南関IC","ref":"12"},"geometry":{"type":"Point","coordinates":[130.54541,33.07186]}},{"type":"Feature","properties":{"name":"下関IC","ref":"37"},"geometry":{"type":"Point","coordinates":[130.95174,33.97716]}},{"type":"Feature","properties":{"name":"山口JCT","ref":"33"},"geometry":{"type":"Point","coordinates":[131.45196,34.13064]}},{"type":"Feature","properties":{"name":"防府東IC","ref":"39"},"geometry":{"type":"Point","coordinates":[131.56692,34.07393]}},{"type":"Feature","properties":{"name":"あきる野ＩＣ","ref":"42"},"geometry":{"type":"Point","coordinates":[139.28366,35.71853]}},{"type":"Feature","properties":{"name":"日の出ＩＣ","ref":"43"},"geometry":{"type":"Point","coordinates":[139.28239,35.73575]}},{"type":"Feature","properties":{"name":"八王子西ＩＣ","ref":"41"},"geometry":{"type":"Point","coordinates":[139.25265,35.67904]}},{"type":"Feature","properties":{"name":"狭山日高IC","ref":"46"},"geometry":{"type":"Point","coordinates":[139.37775,35.86616]}},{"type":"Feature","properties":{"name":"圏央鶴ヶ島ＩＣ","ref":"47"},"geometry":{"type":"Point","coordinates":[139.38876,35.9199]}},{"type":"Feature","properties":{"name":"一宮御坂IC","ref":"13"},"geometry":{"type":"Point","coordinates":[138.67619,35.63404]}},{"type":"Feature","properties":{"name":"佐久平PA（上り）;佐久平スマートIC","ref":"6-1"},"geometry":{"type":"Point","coordinates":[138.51179,36.2764]}},{"type":"Feature","properties":{"name":"西条IC","ref":"26"},"geometry":{"type":"Point","coordinates":[132.7545,34.44146]}},{"type":"Feature","properties":{"name":"小谷SA(下り)","ref":null},"geometry":{"type":"Point","coordinates":[132.84256,34.42862]}},{"type":"Feature","properties":{"name":"広島東IC/JCT","ref":"28"},"geometry":{"type":"Point","coordinates":[132.54413,34.45165]}},{"type":"Feature","properties":{"name":"守谷SA（下り）","ref":null},"geometry":{"type":"Point","coordinates":[139.96618,35.93593]}},{"type":"Feature","properties":{"name":"谷和原IC","ref":"3"},"geometry":{"type":"Point","coordinates":[139.98172,35.96991]}},{"type":"Feature","properties":{"name":"野黒沢IC","ref":"23"},"geometry":{"type":"Point","coordinates":[140.37283,38.63774]}},{"type":"Feature","properties":{"name":"福島JCT","ref":"21-1"},"geometry":{"type":"Point","coordinates":[140.41662,37.79036]}},{"type":"Feature","properties":{"name":"福島飯坂IC","ref":"22"},"geometry":{"type":"Point","coordinates":[140.45457,37.80277]}},{"type":"Feature","properties":{"name":"国見IC","ref":"23"},"geometry":{"type":"Point","coordinates":[140.53088,37.87978]}},{"type":"Feature","properties":{"name":"国見SA（下り）","ref":null},"geometry":{"type":"Point","coordinates":[140.57386,37.9046]}},{"type":"Feature","properties":{"name":"調布IC","ref":"3"},"geometry":{"type":"Point","coordinates":[139.53498,35.66097]}},{"type":"Feature","properties":{"name":"南国IC","ref":"10"},"geometry":{"type":"Point","coordinates":[133.6356,33.61692]}},{"type":"Feature","properties":{"name":"能生ＩＣ","ref":"30"},"geometry":{"type":"Point","coordinates":[137.98718,37.09091]}},{"type":"Feature","properties":{"name":"港北","ref":"5"},"geometry":{"type":"Point","coordinates":[139.59362,35.52083]}},{"type":"Feature","properties":{"name":"都筑","ref":"4"},"geometry":{"type":"Point","coordinates":[139.60292,35.54608]}},{"type":"Feature","properties":{"name":"京浜川崎","ref":"2"},"geometry":{"type":"Point","coordinates":[139.6254,35.5923]}},{"type":"Feature","properties":{"name":"玉川","ref":"1"},"geometry":{"type":"Point","coordinates":[139.63876,35.60521]}},{"type":"Feature","properties":{"name":"羽沢","ref":"6"},"geometry":{"type":"Point","coordinates":[139.59267,35.48769]}},{"type":"Feature","properties":{"name":"保土ヶ谷","ref":"7"},"geometry":{"type":"Point","coordinates":[139.59467,35.48194]}},{"type":"Feature","properties":{"name":"長坂IC","ref":"17-1"},"geometry":{"type":"Point","coordinates":[138.38826,35.83627]}},{"type":"Feature","properties":{"name":"長坂IC","ref":null},"geometry":{"type":"Point","coordinates":[135.04808,34.67263]}},{"type":"Feature","properties":{"name":"八ヶ岳PA（下り）","ref":null},"geometry":{"type":"Point","coordinates":[138.37046,35.84493]}},{"type":"Feature","properties":{"name":"小淵沢IC","ref":"18"},"geometry":{"type":"Point","coordinates":[138.31216,35.87098]}},{"type":"Feature","properties":{"name":"中央道原PA（下り）","ref":null},"geometry":{"type":"Point","coordinates":[138.19874,35.95262]}},{"type":"Feature","properties":{"name":"郡山東IC","ref":"3-1"},"geometry":{"type":"Point","coordinates":[140.44109,37.44198]}},{"type":"Feature","properties":{"name":"三春PA（上り）","ref":null},"geometry":{"type":"Point","coordinates":[140.48134,37.42929]}},{"type":"Feature","properties":{"name":"差塩PA（上り）","ref":null},"geometry":{"type":"Point","coordinates":[140.71911,37.17774]}},{"type":"Feature","properties":{"name":"小杉IC","ref":"21"},"geometry":{"type":"Point","coordinates":[137.07975,36.6907]}},{"type":"Feature","properties":{"name":"狩場JCT","ref":null},"geometry":{"type":"Point","coordinates":[139.57805,35.44298]}},{"type":"Feature","properties":{"name":"狩場","ref":null},"geometry":{"type":"Point","coordinates":[139.57532,35.4461]}},{"type":"Feature","properties":{"name":"桑名東IC","ref":"28"},"geometry":{"type":"Point","coordinates":[136.66889,35.09103]}},{"type":"Feature","properties":{"name":"蟹江IC","ref":"25"},"geometry":{"type":"Point","coordinates":[136.78213,35.14766]}},{"type":"Feature","properties":{"name":"長島IC","ref":"27"},"geometry":{"type":"Point","coordinates":[136.69495,35.11092]}},{"type":"Feature","properties":{"name":"小諸IC","ref":"8"},"geometry":{"type":"Point","coordinates":[138.40736,36.3458]}},{"type":"Feature","properties":{"name":"柏IC","ref":"2"},"geometry":{"type":"Point","coordinates":[139.9358,35.90899]}},{"type":"Feature","properties":{"name":"大井松田IC","ref":"6"},"geometry":{"type":"Point","coordinates":[139.15904,35.34156]}},{"type":"Feature","properties":{"name":"足柄SA/スマートIC（下り）","ref":"6-1"},"geometry":{"type":"Point","coordinates":[138.96944,35.31765]}},{"type":"Feature","properties":{"name":"駒門PA/SIC（下り）","ref":"7-2"},"geometry":{"type":"Point","coordinates":[138.90855,35.24192]}},{"type":"Feature","properties":{"name":"愛鷹ＰＡ（下り）、スマートIC","ref":"8-1"},"geometry":{"type":"Point","coordinates":[138.84075,35.14273]}},{"type":"Feature","properties":{"name":"富士ＩＣ","ref":"9"},"geometry":{"type":"Point","coordinates":[138.677,35.1802]}},{"type":"Feature","properties":{"name":"富士川ＳＡ（下り）、スマートＩＣ","ref":"9-1"},"geometry":{"type":"Point","coordinates":[138.61983,35.16042]}},{"type":"Feature","properties":{"name":"牧之原ＳＡ（下り）","ref":null},"geometry":{"type":"Point","coordinates":[138.17092,34.7566]}},{"type":"Feature","properties":{"name":"相良牧之原ＩＣ","ref":"13-1"},"geometry":{"type":"Point","coordinates":[138.13924,34.76143]}},{"type":"Feature","properties":{"name":"磐田ＩＣ","ref":"15-1"},"geometry":{"type":"Point","coordinates":[137.86388,34.75076]}},{"type":"Feature","properties":{"name":"遠州豊田PA/スマートIC（下り）","ref":"15-2"},"geometry":{"type":"Point","coordinates":[137.84444,34.74845]}},{"type":"Feature","properties":{"name":"三方原PA/スマートIC（下り）","ref":"16-1"},"geometry":{"type":"Point","coordinates":[137.74008,34.75579]}},{"type":"Feature","properties":{"name":"浜名湖SA (下り)","ref":null},"geometry":{"type":"Point","coordinates":[137.61328,34.78117]}},{"type":"Feature","properties":{"name":"新城ＰＡ（下り）","ref":null},"geometry":{"type":"Point","coordinates":[137.5009,34.84407]}},{"type":"Feature","properties":{"name":"豊橋PA","ref":null},"geometry":{"type":"Point","coordinates":[137.45156,34.84469]}},{"type":"Feature","properties":{"name":"赤塚ＰＡ（下り）","ref":null},"geometry":{"type":"Point","coordinates":[137.36961,34.85127]}},{"type":"Feature","properties":{"name":"刈谷PA/スマートIC(下り)","ref":"3-1"},"geometry":{"type":"Point","coordinates":[137.05224,35.03591]}},{"type":"Feature","properties":{"name":"名古屋南JCT","ref":"5"},"geometry":{"type":"Point","coordinates":[136.94253,35.04614]}},{"type":"Feature","properties":{"name":"飛島JCT","ref":"10-1"},"geometry":{"type":"Point","coordinates":[136.81952,35.05312]}},{"type":"Feature","properties":{"name":"湾岸弥富IC","ref":"11"},"geometry":{"type":"Point","coordinates":[136.78661,35.05019]}},{"type":"Feature","properties":{"name":"湾岸長島IC/PA(下り)","ref":"13"},"geometry":{"type":"Point","coordinates":[136.73576,35.03595]}},{"type":"Feature","properties":{"name":"和歌山IC","ref":"21"},"geometry":{"type":"Point","coordinates":[135.21337,34.24136]}},{"type":"Feature","properties":{"name":"和歌山南スマートIC","ref":"21-1"},"geometry":{"type":"Point","coordinates":[135.22836,34.20848]}},{"type":"Feature","properties":{"name":"山田南IC","ref":"45"},"geometry":{"type":"Point","coordinates":[141.9683,39.42144]}},{"type":"Feature","properties":{"name":"鶴舞南JCT","ref":null},"geometry":{"type":"Point","coordinates":[136.91545,35.15188]}},{"type":"Feature","properties":{"name":"東別院出口","ref":"C03"},"geometry":{"type":"Point","coordinates":[136.90729,35.14997]}},{"type":"Feature","properties":{"name":"新洲崎JCT","ref":null},"geometry":{"type":"Point","coordinates":[136.89155,35.15922]}},{"type":"Feature","properties":{"name":"名駅入口","ref":"C06"},"geometry":{"type":"Point","coordinates":[136.88981,35.17194]}},{"type":"Feature","properties":{"name":"丸の内出口","ref":"C07"},"geometry":{"type":"Point","coordinates":[136.8946,35.17752]}},{"type":"Feature","properties":{"name":"東片端JCT","ref":null},"geometry":{"type":"Point","coordinates":[136.91027,35.17835]}},{"type":"Feature","properties":{"name":"上社JCT","ref":"5-1"},"geometry":{"type":"Point","coordinates":[137.00488,35.1711]}},{"type":"Feature","properties":{"name":"日進JCT","ref":"20-2"},"geometry":{"type":"Point","coordinates":[137.04965,35.1541]}},{"type":"Feature","properties":{"name":"東郷PA(上り)","ref":null},"geometry":{"type":"Point","coordinates":[137.08054,35.13257]}},{"type":"Feature","properties":{"name":"豊田上郷SA/スマートIC(上り)","ref":"19-3"},"geometry":{"type":"Point","coordinates":[137.13039,35.03507]}},{"type":"Feature","properties":{"name":"遠州豊田PA/スマートIC（上り）","ref":"15-2"},"geometry":{"type":"Point","coordinates":[137.83623,34.74763]}},{"type":"Feature","properties":{"name":"日本平ＰＡ（上り）","ref":null},"geometry":{"type":"Point","coordinates":[138.43226,34.98009]}},{"type":"Feature","properties":{"name":"由比ＰＡ（上り）","ref":null},"geometry":{"type":"Point","coordinates":[138.54532,35.07538]}},{"type":"Feature","properties":{"name":"富士川ＳＡ（上り）、スマートＩＣ","ref":"9-1"},"geometry":{"type":"Point","coordinates":[138.61732,35.15485]}},{"type":"Feature","properties":{"name":"愛鷹ＰＡ（上り）、スマートIC","ref":"8-1"},"geometry":{"type":"Point","coordinates":[138.83301,35.14367]}},{"type":"Feature","properties":{"name":"裾野IC","ref":"7-3"},"geometry":{"type":"Point","coordinates":[138.9079,35.22027]}},{"type":"Feature","properties":{"name":"駒門PA/SIC（上り）","ref":"7-2"},"geometry":{"type":"Point","coordinates":[138.91008,35.25061]}},{"type":"Feature","properties":{"name":"中井ＰＡ（上り）","ref":null},"geometry":{"type":"Point","coordinates":[139.19592,35.34081]}},{"type":"Feature","properties":{"name":"釈迦堂PA（下り）","ref":null},"geometry":{"type":"Point","coordinates":[138.71681,35.64662]}},{"type":"Feature","properties":{"name":"釈迦堂PA（上り）","ref":null},"geometry":{"type":"Point","coordinates":[138.71178,35.64314]}},{"type":"Feature","properties":{"name":"初狩PA（上り）","ref":null},"geometry":{"type":"Point","coordinates":[138.8817,35.59923]}},{"type":"Feature","properties":{"name":"談合坂SA/スマートIC（上り）","ref":"9-1"},"geometry":{"type":"Point","coordinates":[139.04142,35.62354]}},{"type":"Feature","properties":{"name":"吉備湯浅PA(下り)","ref":null},"geometry":{"type":"Point","coordinates":[135.20255,34.03993]}},{"type":"Feature","properties":{"name":"新津IC","ref":"13"},"geometry":{"type":"Point","coordinates":[139.15083,37.80428]}},{"type":"Feature","properties":{"name":"御在所SA(下り)","ref":null},"geometry":{"type":"Point","coordinates":[136.59677,35.02101]}},{"type":"Feature","properties":{"name":"安積PA (下り)","ref":null},"geometry":{"type":"Point","coordinates":[140.32584,37.35085]}},{"type":"Feature","properties":{"name":"郡山南IC","ref":"17"},"geometry":{"type":"Point","coordinates":[140.31131,37.36757]}},{"type":"Feature","properties":{"name":"郡山南IC","ref":"8"},"geometry":{"type":"Point","coordinates":[135.79172,34.5988]}},{"type":"Feature","properties":{"name":"郡山中央スマートIC","ref":"17-1"},"geometry":{"type":"Point","coordinates":[140.31254,37.40237]}},{"type":"Feature","properties":{"name":"郡山JCT","ref":"18-1"},"geometry":{"type":"Point","coordinates":[140.35714,37.46593]}},{"type":"Feature","properties":{"name":"本宮IC","ref":"19"},"geometry":{"type":"Point","coordinates":[140.37745,37.48882]}},{"type":"Feature","properties":{"name":"安達太良SA (下り)","ref":null},"geometry":{"type":"Point","coordinates":[140.38082,37.51246]}},{"type":"Feature","properties":{"name":"二本松IC","ref":"20"},"geometry":{"type":"Point","coordinates":[140.4178,37.59155]}},{"type":"Feature","properties":{"name":"福島松川PA (下り);福島松川スマートIC","ref":"20-1"},"geometry":{"type":"Point","coordinates":[140.43986,37.65956]}},{"type":"Feature","properties":{"name":"甲南IC/PA(下り)","ref":"5"},"geometry":{"type":"Point","coordinates":[136.16062,34.91182]}},{"type":"Feature","properties":{"name":"大津JCT（仮称）","ref":null},"geometry":{"type":"Point","coordinates":[135.97643,34.96016]}},{"type":"Feature","properties":{"name":"草津田上IC","ref":"7-1"},"geometry":{"type":"Point","coordinates":[135.96095,34.97357]}},{"type":"Feature","properties":{"name":"草津JCT","ref":"30-1"},"geometry":{"type":"Point","coordinates":[135.95841,34.98154]}},{"type":"Feature","properties":{"name":"瀬田西IC","ref":"30-2"},"geometry":{"type":"Point","coordinates":[135.9086,34.9692]}},{"type":"Feature","properties":{"name":"京都東IC","ref":"32"},"geometry":{"type":"Point","coordinates":[135.83709,34.98754]}},{"type":"Feature","properties":{"name":"京都南IC","ref":"33"},"geometry":{"type":"Point","coordinates":[135.75149,34.95605]}},{"type":"Feature","properties":{"name":"桂川PA(下り)","ref":null},"geometry":{"type":"Point","coordinates":[135.72442,34.94564]}},{"type":"Feature","properties":{"name":"吹田JCT","ref":"35"},"geometry":{"type":"Point","coordinates":[135.5428,34.80768]}},{"type":"Feature","properties":{"name":"吹田SA(下り)","ref":null},"geometry":{"type":"Point","coordinates":[135.52898,34.78487]}},{"type":"Feature","properties":{"name":"西宮IC","ref":"38/3-09"},"geometry":{"type":"Point","coordinates":[135.35429,34.7277]}},{"type":"Feature","properties":{"name":"淡路島南IC/PA(上り)","ref":"10"},"geometry":{"type":"Point","coordinates":[134.67941,34.2567]}},{"type":"Feature","properties":{"name":"江府IC","ref":"4"},"geometry":{"type":"Point","coordinates":[133.47997,35.30001]}},{"type":"Feature","properties":{"name":"米子JCT","ref":"16/6"},"geometry":{"type":"Point","coordinates":[133.39648,35.42332]}},{"type":"Feature","properties":{"name":"緑PA(下り)","ref":null},"geometry":{"type":"Point","coordinates":[134.82061,34.3261]}},{"type":"Feature","properties":{"name":"室津PA(上り)","ref":null},"geometry":{"type":"Point","coordinates":[134.87004,34.50767]}},{"type":"Feature","properties":{"name":"室津PA(下り)","ref":null},"geometry":{"type":"Point","coordinates":[134.87747,34.51532]}},{"type":"Feature","properties":{"name":"北淡IC","ref":"6"},"geometry":{"type":"Point","coordinates":[134.8929,34.5212]}},{"type":"Feature","properties":{"name":"淡路IC/SA(上り)","ref":"4"},"geometry":{"type":"Point","coordinates":[135.01663,34.57853]}},{"type":"Feature","properties":{"name":"垂水JCT","ref":"3"},"geometry":{"type":"Point","coordinates":[135.06689,34.66276]}},{"type":"Feature","properties":{"name":"駒ヶ根ＩＣ","ref":"24"},"geometry":{"type":"Point","coordinates":[137.91101,35.74101]}},{"type":"Feature","properties":{"name":"駒ケ岳ＳＡ（上り）、スマートIC","ref":"24-1"},"geometry":{"type":"Point","coordinates":[137.9086,35.70798]}},{"type":"Feature","properties":{"name":"湾岸長島IC/PA(上り)","ref":"13"},"geometry":{"type":"Point","coordinates":[136.72631,35.03254]}},{"type":"Feature","properties":{"name":"御在所SA(上り)","ref":null},"geometry":{"type":"Point","coordinates":[136.58954,35.01596]}},{"type":"Feature","properties":{"name":"福島松川PA (上り);福島松川スマートIC","ref":"20-1"},"geometry":{"type":"Point","coordinates":[140.44812,37.66328]}},{"type":"Feature","properties":{"name":"いわき中央IC","ref":"17"},"geometry":{"type":"Point","coordinates":[140.83678,37.06624]}},{"type":"Feature","properties":{"name":"北茨城IC","ref":"14"},"geometry":{"type":"Point","coordinates":[140.72486,36.79789]}},{"type":"Feature","properties":{"name":"酒匂IC","ref":"4"},"geometry":{"type":"Point","coordinates":[139.18648,35.26301]}},{"type":"Feature","properties":{"name":"大磯港IC","ref":null},"geometry":{"type":"Point","coordinates":[139.31173,35.30643]}},{"type":"Feature","properties":{"name":"いわきJCT","ref":"16-1"},"geometry":{"type":"Point","coordinates":[140.81633,37.03855]}},{"type":"Feature","properties":{"name":"平湯IC","ref":null},"geometry":{"type":"Point","coordinates":[137.55232,36.1866]}},{"type":"Feature","properties":{"name":"日和佐出入口","ref":null},"geometry":{"type":"Point","coordinates":[134.53541,33.74387]}},{"type":"Feature","properties":{"name":"馬立PA(上り)","ref":null},"geometry":{"type":"Point","coordinates":[133.62987,33.90871]}},{"type":"Feature","properties":{"name":"新宮IC","ref":"8"},"geometry":{"type":"Point","coordinates":[133.63963,33.92359]}},{"type":"Feature","properties":{"name":"新宮IC","ref":null},"geometry":{"type":"Point","coordinates":[135.98717,33.69491]}},{"type":"Feature","properties":{"name":"井川池田IC","ref":"6"},"geometry":{"type":"Point","coordinates":[133.83926,34.02894]}},{"type":"Feature","properties":{"name":"脇町IC","ref":"4"},"geometry":{"type":"Point","coordinates":[134.16934,34.07664]}},{"type":"Feature","properties":{"name":"板野IC","ref":"8"},"geometry":{"type":"Point","coordinates":[134.47324,34.15325]}},{"type":"Feature","properties":{"name":"鳴門西PA(下り)","ref":null},"geometry":{"type":"Point","coordinates":[134.49834,34.1621]}},{"type":"Feature","properties":{"name":"布施畑JCT","ref":"2"},"geometry":{"type":"Point","coordinates":[135.07311,34.6913]}},{"type":"Feature","properties":{"name":"西宮北IC","ref":"5"},"geometry":{"type":"Point","coordinates":[135.23486,34.83894]}},{"type":"Feature","properties":{"name":"西宮名塩SA(下り)","ref":null},"geometry":{"type":"Point","coordinates":[135.30143,34.82757]}},{"type":"Feature","properties":{"name":"西宮名塩SA(上り)","ref":null},"geometry":{"type":"Point","coordinates":[135.28975,34.83001]}},{"type":"Feature","properties":{"name":"中国吹田IC","ref":"1"},"geometry":{"type":"Point","coordinates":[135.52784,34.80721]}},{"type":"Feature","properties":{"name":"高槻JCT","ref":"11"},"geometry":{"type":"Point","coordinates":[135.61619,34.8671]}},{"type":"Feature","properties":{"name":"高槻JCT","ref":"11"},"geometry":{"type":"Point","coordinates":[135.63791,34.86308]}},{"type":"Feature","properties":{"name":"大山崎JCT","ref":"33-3"},"geometry":{"type":"Point","coordinates":[135.69546,34.9031]}},{"type":"Feature","properties":{"name":"石山IC","ref":"1"},"geometry":{"type":"Point","coordinates":[135.89939,34.95021]}},{"type":"Feature","properties":{"name":"栗東湖南IC","ref":"29-3"},"geometry":{"type":"Point","coordinates":[136.01696,35.02095]}},{"type":"Feature","properties":{"name":"蒲生スマートＩＣ","ref":"29-1"},"geometry":{"type":"Point","coordinates":[136.1592,35.07147]}},{"type":"Feature","properties":{"name":"黒丸ＰＡ（上り）","ref":null},"geometry":{"type":"Point","coordinates":[136.18929,35.07849]}},{"type":"Feature","properties":{"name":"八日市IC","ref":"29"},"geometry":{"type":"Point","coordinates":[136.22144,35.09094]}},{"type":"Feature","properties":{"name":"湖東三山PA/SIC","ref":"28-1"},"geometry":{"type":"Point","coordinates":[136.27595,35.16382]}},{"type":"Feature","properties":{"name":"多賀ＳＡ（上り）","ref":null},"geometry":{"type":"Point","coordinates":[136.2858,35.21458]}},{"type":"Feature","properties":{"name":"神田PA(下り)","ref":null},"geometry":{"type":"Point","coordinates":[136.30716,35.35334]}},{"type":"Feature","properties":{"name":"長浜IC","ref":"2"},"geometry":{"type":"Point","coordinates":[136.29349,35.3987]}},{"type":"Feature","properties":{"name":"賤ヶ岳SA(下り)","ref":null},"geometry":{"type":"Point","coordinates":[136.21838,35.51722]}},{"type":"Feature","properties":{"name":"敦賀IC","ref":"4"},"geometry":{"type":"Point","coordinates":[136.09497,35.64552]}},{"type":"Feature","properties":{"name":"南条SA/スマートIC","ref":"5-1"},"geometry":{"type":"Point","coordinates":[136.20138,35.82814]}},{"type":"Feature","properties":{"name":"鯖江IC","ref":"7"},"geometry":{"type":"Point","coordinates":[136.20144,35.95058]}},{"type":"Feature","properties":{"name":"福井北JCT","ref":"9"},"geometry":{"type":"Point","coordinates":[136.27949,36.08612]}},{"type":"Feature","properties":{"name":"松ノ木峠PA(上り)","ref":null},"geometry":{"type":"Point","coordinates":[137.05362,36.07096]}},{"type":"Feature","properties":{"name":"坂北IC","ref":null},"geometry":{"type":"Point","coordinates":[132.50385,34.33938]}},{"type":"Feature","properties":{"name":"仁保JCT","ref":null},"geometry":{"type":"Point","coordinates":[132.49702,34.35331]}},{"type":"Feature","properties":{"name":"宝塚IC","ref":"3"},"geometry":{"type":"Point","coordinates":[135.36884,34.80725]}},{"type":"Feature","properties":{"name":"神戸北IC","ref":"1"},"geometry":{"type":"Point","coordinates":[135.19844,34.84052]}},{"type":"Feature","properties":{"name":"淡河PA(下り)","ref":null},"geometry":{"type":"Point","coordinates":[135.159,34.83177]}},{"type":"Feature","properties":{"name":"三木JCT","ref":"2"},"geometry":{"type":"Point","coordinates":[135.0763,34.81]}},{"type":"Feature","properties":{"name":"藍住IC","ref":"2"},"geometry":{"type":"Point","coordinates":[134.48005,34.11767]}},{"type":"Feature","properties":{"name":"吉野川SA(下り)/スマートIC","ref":"5-1"},"geometry":{"type":"Point","coordinates":[133.89751,34.0374]}},{"type":"Feature","properties":{"name":"南国SA(下り)","ref":null},"geometry":{"type":"Point","coordinates":[133.61806,33.60219]}},{"type":"Feature","properties":{"name":"高知JCT/IC","ref":"11"},"geometry":{"type":"Point","coordinates":[133.56519,33.58954]}},{"type":"Feature","properties":{"name":"高山IC","ref":null},"geometry":{"type":"Point","coordinates":[137.22658,36.16401]}},{"type":"Feature","properties":{"name":"飛騨清見IC","ref":"13"},"geometry":{"type":"Point","coordinates":[137.0774,36.13534]}},{"type":"Feature","properties":{"name":"本村PA(上り)","ref":null},"geometry":{"type":"Point","coordinates":[133.09551,34.85369]}},{"type":"Feature","properties":{"name":"二宮PA(上り)","ref":null},"geometry":{"type":"Point","coordinates":[133.97132,35.06482]}},{"type":"Feature","properties":{"name":"三次東JCT","ref":"21-1"},"geometry":{"type":"Point","coordinates":[132.9098,34.80249]}},{"type":"Feature","properties":{"name":"古城山PA(上り)","ref":null},"geometry":{"type":"Point","coordinates":[136.93492,35.57265]}},{"type":"Feature","properties":{"name":"美濃IC","ref":"6"},"geometry":{"type":"Point","coordinates":[136.90542,35.52664]}},{"type":"Feature","properties":{"name":"泊東郷IC","ref":"6"},"geometry":{"type":"Point","coordinates":[133.92998,35.50691]}},{"type":"Feature","properties":{"name":"羽島PA(下り)","ref":null},"geometry":{"type":"Point","coordinates":[136.71656,35.29903]}},{"type":"Feature","properties":{"name":"美濃関JCT","ref":"5-1"},"geometry":{"type":"Point","coordinates":[136.89855,35.51668]}},{"type":"Feature","properties":{"name":"ひるがの高原SA(上り)/スマートIC","ref":"11-1"},"geometry":{"type":"Point","coordinates":[136.91387,35.98959]}},{"type":"Feature","properties":{"name":"代官町","ref":"25"},"geometry":{"type":"Point","coordinates":[139.74856,35.6894]}},{"type":"Feature","properties":{"name":"高鷲IC","ref":"11"},"geometry":{"type":"Point","coordinates":[136.88086,35.93652]}},{"type":"Feature","properties":{"name":"白鳥IC","ref":"10"},"geometry":{"type":"Point","coordinates":[136.87488,35.8719]}},{"type":"Feature","properties":{"name":"一宮IC","ref":"25"},"geometry":{"type":"Point","coordinates":[136.82519,35.27441]}},{"type":"Feature","properties":{"name":"尾張一宮PA(上り)","ref":null},"geometry":{"type":"Point","coordinates":[136.84277,35.27527]}},{"type":"Feature","properties":{"name":"瑞浪IC","ref":"29"},"geometry":{"type":"Point","coordinates":[137.23749,35.37122]}},{"type":"Feature","properties":{"name":"多治見IC","ref":"31"},"geometry":{"type":"Point","coordinates":[137.10893,35.34794]}},{"type":"Feature","properties":{"name":"一宮JCT","ref":"25-1"},"geometry":{"type":"Point","coordinates":[136.78256,35.28336]}},{"type":"Feature","properties":{"name":"岐阜羽島IC","ref":"25-2"},"geometry":{"type":"Point","coordinates":[136.69231,35.30729]}},{"type":"Feature","properties":{"name":"恵那峡ＳＡ（上り）","ref":null},"geometry":{"type":"Point","coordinates":[137.42189,35.45538]}},{"type":"Feature","properties":{"name":"中津川ＩＣ","ref":"27"},"geometry":{"type":"Point","coordinates":[137.48591,35.47496]}},{"type":"Feature","properties":{"name":"神坂PA/SIC（上り）","ref":"26-3"},"geometry":{"type":"Point","coordinates":[137.56786,35.51872]}},{"type":"Feature","properties":{"name":"松江玉造IC","ref":"27"},"geometry":{"type":"Point","coordinates":[133.03952,35.43377]}},{"type":"Feature","properties":{"name":"宍道JCT","ref":"29"},"geometry":{"type":"Point","coordinates":[132.88419,35.38669]}},{"type":"Feature","properties":{"name":"加茂岩倉PA(下り)","ref":null},"geometry":{"type":"Point","coordinates":[132.88986,35.35332]}},{"type":"Feature","properties":{"name":"五百川PA（下り）","ref":null},"geometry":{"type":"Point","coordinates":[140.3192,37.48554]}},{"type":"Feature","properties":{"name":"磐梯熱海IC","ref":"4"},"geometry":{"type":"Point","coordinates":[140.28747,37.49577]}},{"type":"Feature","properties":{"name":"猪苗代磐梯高原IC","ref":"5"},"geometry":{"type":"Point","coordinates":[140.114,37.54048]}},{"type":"Feature","properties":{"name":"磐梯河東IC","ref":"6"},"geometry":{"type":"Point","coordinates":[139.9713,37.55017]}},{"type":"Feature","properties":{"name":"会津坂下IC","ref":"8"},"geometry":{"type":"Point","coordinates":[139.76799,37.56251]}},{"type":"Feature","properties":{"name":"船引三春IC","ref":"3"},"geometry":{"type":"Point","coordinates":[140.52262,37.43826]}},{"type":"Feature","properties":{"name":"小野IC","ref":"2/8"},"geometry":{"type":"Point","coordinates":[140.61616,37.29303]}},{"type":"Feature","properties":{"name":"小野IC","ref":null},"geometry":{"type":"Point","coordinates":[134.59253,33.79731]}},{"type":"Feature","properties":{"name":"阿武隈高原SA（下り）","ref":null},"geometry":{"type":"Point","coordinates":[140.59684,37.38477]}},{"type":"Feature","properties":{"name":"園原IC","ref":"26-2"},"geometry":{"type":"Point","coordinates":[137.67298,35.45828]}},{"type":"Feature","properties":{"name":"上板SA(下り)","ref":null},"geometry":{"type":"Point","coordinates":[134.42035,34.14183]}},{"type":"Feature","properties":{"name":"土成IC","ref":"3"},"geometry":{"type":"Point","coordinates":[134.35523,34.12109]}},{"type":"Feature","properties":{"name":"阿波PA(下り)","ref":null},"geometry":{"type":"Point","coordinates":[134.20833,34.09033]}},{"type":"Feature","properties":{"name":"阿波PA(上り)","ref":null},"geometry":{"type":"Point","coordinates":[134.2053,34.08866]}},{"type":"Feature","properties":{"name":"美馬IC","ref":"5"},"geometry":{"type":"Point","coordinates":[134.04907,34.05787]}},{"type":"Feature","properties":{"name":"土岐JCT","ref":"30-1"},"geometry":{"type":"Point","coordinates":[137.16765,35.36126]}},{"type":"Feature","properties":{"name":"せと赤津IC/PA(内回り)","ref":"5"},"geometry":{"type":"Point","coordinates":[137.13567,35.21831]}},{"type":"Feature","properties":{"name":"豊田勘八IC","ref":"3"},"geometry":{"type":"Point","coordinates":[137.20727,35.12094]}},{"type":"Feature","properties":{"name":"鞍ヶ池PA/スマートIC","ref":"2-1"},"geometry":{"type":"Point","coordinates":[137.22281,35.09423]}},{"type":"Feature","properties":{"name":"吹田SA(上り)","ref":null},"geometry":{"type":"Point","coordinates":[135.52388,34.77993]}},{"type":"Feature","properties":{"name":"桂川PA(上り)","ref":null},"geometry":{"type":"Point","coordinates":[135.71867,34.94135]}},{"type":"Feature","properties":{"name":"大津IC/SA","ref":"31"},"geometry":{"type":"Point","coordinates":[135.86932,34.99673]}},{"type":"Feature","properties":{"name":"藤岡IC","ref":"1"},"geometry":{"type":"Point","coordinates":[139.07887,36.27271]}},{"type":"Feature","properties":{"name":"赤城高原ＳＡ（下り）","ref":null},"geometry":{"type":"Point","coordinates":[139.06354,36.59892]}},{"type":"Feature","properties":{"name":"千代田JCT","ref":"25"},"geometry":{"type":"Point","coordinates":[132.52501,34.66158]}},{"type":"Feature","properties":{"name":"柏木IC","ref":null},"geometry":{"type":"Point","coordinates":[134.05667,33.46008]}},{"type":"Feature","properties":{"name":"野友IC","ref":null},"geometry":{"type":"Point","coordinates":[134.03374,33.44513]}},{"type":"Feature","properties":{"name":"木更津南ＪＣＴ","ref":"17"},"geometry":{"type":"Point","coordinates":[139.94695,35.35387]}},{"type":"Feature","properties":{"name":"中山スマートIC","ref":"14-1"},"geometry":{"type":"Point","coordinates":[132.68661,33.67736]}},{"type":"Feature","properties":{"name":"大洲IC","ref":"16"},"geometry":{"type":"Point","coordinates":[132.58744,33.53527]}},{"type":"Feature","properties":{"name":"三春PA（下り）","ref":null},"geometry":{"type":"Point","coordinates":[140.48693,37.42902]}},{"type":"Feature","properties":{"name":"荘川IC","ref":"12"},"geometry":{"type":"Point","coordinates":[136.96094,36.01973]}},{"type":"Feature","properties":{"name":"阿武隈高原SA（上り）","ref":null},"geometry":{"type":"Point","coordinates":[140.59326,37.38958]}},{"type":"Feature","properties":{"name":"南国SA(上り)","ref":null},"geometry":{"type":"Point","coordinates":[133.61178,33.60152]}},{"type":"Feature","properties":{"name":"草加","ref":"72"},"geometry":{"type":"Point","coordinates":[139.78235,35.84873]}},{"type":"Feature","properties":{"name":"西新宿JCT","ref":null},"geometry":{"type":"Point","coordinates":[139.68505,35.68262]}},{"type":"Feature","properties":{"name":"和光IC","ref":"51"},"geometry":{"type":"Point","coordinates":[139.6134,35.78745]}},{"type":"Feature","properties":{"name":"戸田西","ref":"53"},"geometry":{"type":"Point","coordinates":[139.63413,35.81679]}},{"type":"Feature","properties":{"name":"浦和IC","ref":"2"},"geometry":{"type":"Point","coordinates":[139.73151,35.87824]}},{"type":"Feature","properties":{"name":"浦和IC","ref":"2"},"geometry":{"type":"Point","coordinates":[139.7176,35.89668]}},{"type":"Feature","properties":{"name":"広島北IC","ref":"1"},"geometry":{"type":"Point","coordinates":[132.45162,34.54933]}},{"type":"Feature","properties":{"name":"広島北JCT","ref":"26"},"geometry":{"type":"Point","coordinates":[132.45631,34.57415]}},{"type":"Feature","properties":{"name":"千代田IC","ref":"24"},"geometry":{"type":"Point","coordinates":[132.54259,34.67171]}},{"type":"Feature","properties":{"name":"永井谷JCT","ref":null},"geometry":{"type":"Point","coordinates":[135.02692,34.68197]}},{"type":"Feature","properties":{"name":"扇大橋","ref":"C35"},"geometry":{"type":"Point","coordinates":[139.76534,35.76266]}},{"type":"Feature","properties":{"name":"千住新橋","ref":"C37/C38"},"geometry":{"type":"Point","coordinates":[139.80354,35.76067]}},{"type":"Feature","properties":{"name":"小菅JCT","ref":null},"geometry":{"type":"Point","coordinates":[139.81953,35.7529]}},{"type":"Feature","properties":{"name":"江北ジャンクション","ref":null},"geometry":{"type":"Point","coordinates":[139.76485,35.7628]}},{"type":"Feature","properties":{"name":"西池袋","ref":"C26/C25"},"geometry":{"type":"Point","coordinates":[139.6956,35.72695]}},{"type":"Feature","properties":{"name":"水戸北スマートIC","ref":"9-1"},"geometry":{"type":"Point","coordinates":[140.42558,36.41722]}},{"type":"Feature","properties":{"name":"三ツ沢","ref":"7"},"geometry":{"type":"Point","coordinates":[139.60163,35.47339]}},{"type":"Feature","properties":{"name":"揖保川PA(下り)","ref":null},"geometry":{"type":"Point","coordinates":[134.48818,35.02936]}},{"type":"Feature","properties":{"name":"佐用JCT","ref":"10-1"},"geometry":{"type":"Point","coordinates":[134.38919,35.02296]}},{"type":"Feature","properties":{"name":"上月PA(下り)","ref":null},"geometry":{"type":"Point","coordinates":[134.31342,35.00811]}},{"type":"Feature","properties":{"name":"作東IC","ref":"11-1"},"geometry":{"type":"Point","coordinates":[134.2485,35.0156]}},{"type":"Feature","properties":{"name":"勝央JCT","ref":"12-1"},"geometry":{"type":"Point","coordinates":[134.13862,35.0353]}},{"type":"Feature","properties":{"name":"勝央SA(下り)","ref":null},"geometry":{"type":"Point","coordinates":[134.11014,35.04456]}},{"type":"Feature","properties":{"name":"二宮PA(下り)","ref":null},"geometry":{"type":"Point","coordinates":[133.97689,35.06384]}},{"type":"Feature","properties":{"name":"美作追分PA(下り)","ref":null},"geometry":{"type":"Point","coordinates":[133.82211,35.05666]}},{"type":"Feature","properties":{"name":"上野PA(上り)","ref":null},"geometry":{"type":"Point","coordinates":[133.7802,35.10529]}},{"type":"Feature","properties":{"name":"新見IC","ref":"19"},"geometry":{"type":"Point","coordinates":[133.44745,34.99773]}},{"type":"Feature","properties":{"name":"大佐SA/スマートIC(上り)","ref":"18-1"},"geometry":{"type":"Point","coordinates":[133.538,35.03517]}},{"type":"Feature","properties":{"name":"落合IC","ref":"16"},"geometry":{"type":"Point","coordinates":[133.74699,35.02506]}},{"type":"Feature","properties":{"name":"美作追分PA(上り)","ref":null},"geometry":{"type":"Point","coordinates":[133.81539,35.05586]}},{"type":"Feature","properties":{"name":"院庄IC","ref":"14"},"geometry":{"type":"Point","coordinates":[133.95068,35.06432]}},{"type":"Feature","properties":{"name":"いわき湯本IC","ref":"16"},"geometry":{"type":"Point","coordinates":[140.81032,37.00369]}},{"type":"Feature","properties":{"name":"湯ノ岳PA（上り）","ref":null},"geometry":{"type":"Point","coordinates":[140.81433,37.02619]}},{"type":"Feature","properties":{"name":"吉野川SA(上り)/スマートIC","ref":"5-1"},"geometry":{"type":"Point","coordinates":[133.89079,34.03762]}},{"type":"Feature","properties":{"name":"竜王ＩＣ","ref":"29-2"},"geometry":{"type":"Point","coordinates":[136.10185,35.05251]}},{"type":"Feature","properties":{"name":"本郷IC","ref":"24-1"},"geometry":{"type":"Point","coordinates":[132.95485,34.43065]}},{"type":"Feature","properties":{"name":"伊吹PA(下り)","ref":null},"geometry":{"type":"Point","coordinates":[136.39047,35.33248]}},{"type":"Feature","properties":{"name":"伊吹PA(上り)","ref":null},"geometry":{"type":"Point","coordinates":[136.39131,35.33261]}},{"type":"Feature","properties":{"name":"養老SA/スマートIC(上り)","ref":"26-2"},"geometry":{"type":"Point","coordinates":[136.53979,35.323]}},{"type":"Feature","properties":{"name":"大垣IC","ref":"26"},"geometry":{"type":"Point","coordinates":[136.61788,35.31638]}},{"type":"Feature","properties":{"name":"岐阜各務原IC","ref":"4"},"geometry":{"type":"Point","coordinates":[136.81728,35.38635]}},{"type":"Feature","properties":{"name":"三原久井IC","ref":"24"},"geometry":{"type":"Point","coordinates":[133.05092,34.46439]}},{"type":"Feature","properties":{"name":"福山西IC","ref":"22"},"geometry":{"type":"Point","coordinates":[133.23887,34.46198]}},{"type":"Feature","properties":{"name":"福山SA/スマートIC(上り)","ref":"21-1"},"geometry":{"type":"Point","coordinates":[133.31324,34.48663]}},{"type":"Feature","properties":{"name":"玉島IC","ref":"18"},"geometry":{"type":"Point","coordinates":[133.688,34.58519]}},{"type":"Feature","properties":{"name":"笠岡IC","ref":"20"},"geometry":{"type":"Point","coordinates":[133.51188,34.53533]}},{"type":"Feature","properties":{"name":"倉敷IC","ref":"17"},"geometry":{"type":"Point","coordinates":[133.76966,34.62591]}},{"type":"Feature","properties":{"name":"倉敷JCT","ref":"16"},"geometry":{"type":"Point","coordinates":[133.79427,34.62644]}},{"type":"Feature","properties":{"name":"岡山IC","ref":"14"},"geometry":{"type":"Point","coordinates":[133.8868,34.70153]}},{"type":"Feature","properties":{"name":"瀬戸PA(上り)","ref":null},"geometry":{"type":"Point","coordinates":[134.07974,34.76964]}},{"type":"Feature","properties":{"name":"備前IC","ref":"11"},"geometry":{"type":"Point","coordinates":[134.2635,34.78287]}},{"type":"Feature","properties":{"name":"高坂PA(下り)","ref":null},"geometry":{"type":"Point","coordinates":[133.01607,34.47265]}},{"type":"Feature","properties":{"name":"播磨JCT","ref":"9-1"},"geometry":{"type":"Point","coordinates":[134.49018,34.83086]}},{"type":"Feature","properties":{"name":"龍野西IC","ref":"9"},"geometry":{"type":"Point","coordinates":[134.50352,34.83407]}},{"type":"Feature","properties":{"name":"山陽姫路西IC","ref":"7"},"geometry":{"type":"Point","coordinates":[134.61476,34.8685]}},{"type":"Feature","properties":{"name":"山陽姫路東IC","ref":"6/3"},"geometry":{"type":"Point","coordinates":[134.73934,34.85326]}},{"type":"Feature","properties":{"name":"八幡PA(下り)","ref":null},"geometry":{"type":"Point","coordinates":[133.10368,34.47467]}},{"type":"Feature","properties":{"name":"尾道JCT","ref":"22-1"},"geometry":{"type":"Point","coordinates":[133.19201,34.46191]}},{"type":"Feature","properties":{"name":"福山東IC","ref":"21"},"geometry":{"type":"Point","coordinates":[133.39639,34.5139]}},{"type":"Feature","properties":{"name":"吉備SA(下り)","ref":"14-1"},"geometry":{"type":"Point","coordinates":[133.87686,34.6949]}},{"type":"Feature","properties":{"name":"山陽IC","ref":"13"},"geometry":{"type":"Point","coordinates":[134.02379,34.74293]}},{"type":"Feature","properties":{"name":"和気IC","ref":"12"},"geometry":{"type":"Point","coordinates":[134.1609,34.78735]}},{"type":"Feature","properties":{"name":"福石PA(下り)","ref":null},"geometry":{"type":"Point","coordinates":[134.30731,34.78118]}},{"type":"Feature","properties":{"name":"龍野IC","ref":"8"},"geometry":{"type":"Point","coordinates":[134.54578,34.85216]}},{"type":"Feature","properties":{"name":"権現湖PA(下り)","ref":null},"geometry":{"type":"Point","coordinates":[134.87924,34.83688]}},{"type":"Feature","properties":{"name":"三木SA(下り)","ref":null},"geometry":{"type":"Point","coordinates":[134.98592,34.81705]}},{"type":"Feature","properties":{"name":"三木東IC","ref":"3"},"geometry":{"type":"Point","coordinates":[135.05455,34.79877]}},{"type":"Feature","properties":{"name":"豊浜SA(上り)","ref":null},"geometry":{"type":"Point","coordinates":[133.63407,34.05416]}},{"type":"Feature","properties":{"name":"大野原IC","ref":"5"},"geometry":{"type":"Point","coordinates":[133.65546,34.08569]}},{"type":"Feature","properties":{"name":"名古屋IC","ref":"21"},"geometry":{"type":"Point","coordinates":[137.02491,35.17066]}},{"type":"Feature","properties":{"name":"大原IC","ref":null},"geometry":{"type":"Point","coordinates":[131.38356,34.07147]}},{"type":"Feature","properties":{"name":"大原IC","ref":"2"},"geometry":{"type":"Point","coordinates":[134.33177,35.10299]}},{"type":"Feature","properties":{"name":"嘉川IC","ref":null},"geometry":{"type":"Point","coordinates":[131.35108,34.05225]}},{"type":"Feature","properties":{"name":"宇部JCT","ref":"42"},"geometry":{"type":"Point","coordinates":[131.31726,33.99619]}},{"type":"Feature","properties":{"name":"四倉PA（上り）","ref":null},"geometry":{"type":"Point","coordinates":[140.9148,37.11717]}},{"type":"Feature","properties":{"name":"本郷PA(下り)","ref":null},"geometry":{"type":"Point","coordinates":[132.60263,34.69765]}},{"type":"Feature","properties":{"name":"福島西IC","ref":"21"},"geometry":{"type":"Point","coordinates":[140.42079,37.73683]}},{"type":"Feature","properties":{"name":"村田JCT","ref":"26"},"geometry":{"type":"Point","coordinates":[140.72212,38.14127]}},{"type":"Feature","properties":{"name":"宮城川崎IC","ref":"1"},"geometry":{"type":"Point","coordinates":[140.62158,38.17461]}},{"type":"Feature","properties":{"name":"古関PA (下り)","ref":null},"geometry":{"type":"Point","coordinates":[140.55567,38.21055]}},{"type":"Feature","properties":{"name":"山形蔵王IC;山形蔵王PA (下り)","ref":"4"},"geometry":{"type":"Point","coordinates":[140.38755,38.24471]}},{"type":"Feature","properties":{"name":"山形北IC","ref":"5"},"geometry":{"type":"Point","coordinates":[140.36224,38.29034]}},{"type":"Feature","properties":{"name":"寒河江IC","ref":"7"},"geometry":{"type":"Point","coordinates":[140.29185,38.35806]}},{"type":"Feature","properties":{"name":"山形JCT","ref":"6/15"},"geometry":{"type":"Point","coordinates":[140.31383,38.30944]}},{"type":"Feature","properties":{"name":"山形蔵王IC;山形蔵王PA (上り)","ref":"4"},"geometry":{"type":"Point","coordinates":[140.3787,38.24612]}},{"type":"Feature","properties":{"name":"古関PA (上り)","ref":null},"geometry":{"type":"Point","coordinates":[140.54778,38.21121]}},{"type":"Feature","properties":{"name":"村田IC","ref":"25"},"geometry":{"type":"Point","coordinates":[140.71179,38.12091]}},{"type":"Feature","properties":{"name":"蔵王PA (上り)","ref":null},"geometry":{"type":"Point","coordinates":[140.6634,38.07025]}},{"type":"Feature","properties":{"name":"吾妻PA (上り)","ref":null},"geometry":{"type":"Point","coordinates":[140.40982,37.76283]}},{"type":"Feature","properties":{"name":"上里ＳＡ（上り）、スマートＩＣ","ref":"8-1"},"geometry":{"type":"Point","coordinates":[139.11508,36.2569]}},{"type":"Feature","properties":{"name":"新千歳空港IC","ref":"23"},"geometry":{"type":"Point","coordinates":[141.62801,42.77736]}},{"type":"Feature","properties":{"name":"沼ノ端西IC","ref":"1"},"geometry":{"type":"Point","coordinates":[141.69357,42.69056]}},{"type":"Feature","properties":{"name":"輪厚PA (下り) / スマートIC","ref":"27"},"geometry":{"type":"Point","coordinates":[141.51554,42.94802]}},{"type":"Feature","properties":{"name":"札幌南IC","ref":"29"},"geometry":{"type":"Point","coordinates":[141.46285,43.01526]}},{"type":"Feature","properties":{"name":"千歳IC","ref":"24"},"geometry":{"type":"Point","coordinates":[141.62117,42.8114]}},{"type":"Feature","properties":{"name":"須坂長野東ＩＣ","ref":"14"},"geometry":{"type":"Point","coordinates":[138.27377,36.63415]}},{"type":"Feature","properties":{"name":"横浜町田IC","ref":"4"},"geometry":{"type":"Point","coordinates":[139.48665,35.51108]}},{"type":"Feature","properties":{"name":"厚木IC","ref":"5"},"geometry":{"type":"Point","coordinates":[139.36124,35.42399]}},{"type":"Feature","properties":{"name":"鮎沢ＰＡ(下り)","ref":null},"geometry":{"type":"Point","coordinates":[139.02285,35.36373]}},{"type":"Feature","properties":{"name":"沼津IC","ref":"8"},"geometry":{"type":"Point","coordinates":[138.86955,35.14997]}},{"type":"Feature","properties":{"name":"清水ＩＣ","ref":"10"},"geometry":{"type":"Point","coordinates":[138.47448,35.04152]}},{"type":"Feature","properties":{"name":"日本平ＰＡ（下り）","ref":null},"geometry":{"type":"Point","coordinates":[138.43584,34.98919]}},{"type":"Feature","properties":{"name":"粒江PA(下り)","ref":null},"geometry":{"type":"Point","coordinates":[133.79998,34.54554]}},{"type":"Feature","properties":{"name":"鴻ノ池SA(下り)","ref":null},"geometry":{"type":"Point","coordinates":[133.77996,34.47723]}},{"type":"Feature","properties":{"name":"水島IC","ref":"2"},"geometry":{"type":"Point","coordinates":[133.80243,34.53109]}},{"type":"Feature","properties":{"name":"音羽蒲郡ＩＣ","ref":"18-1"},"geometry":{"type":"Point","coordinates":[137.30215,34.86722]}},{"type":"Feature","properties":{"name":"豊田南IC","ref":"3"},"geometry":{"type":"Point","coordinates":[137.08447,35.0145]}},{"type":"Feature","properties":{"name":"豊田南IC","ref":"3"},"geometry":{"type":"Point","coordinates":[137.06288,35.02869]}},{"type":"Feature","properties":{"name":"湾岸桑名IC","ref":"14"},"geometry":{"type":"Point","coordinates":[136.70637,35.02492]}},{"type":"Feature","properties":{"name":"箱根口IC","ref":"8"},"geometry":{"type":"Point","coordinates":[139.1277,35.24358]}},{"type":"Feature","properties":{"name":"小田原西IC","ref":null},"geometry":{"type":"Point","coordinates":[139.13359,35.24527]}},{"type":"Feature","properties":{"name":"八戸北IC","ref":"7"},"geometry":{"type":"Point","coordinates":[141.4332,40.55879]}},{"type":"Feature","properties":{"name":"日高富川IC","ref":"6"},"geometry":{"type":"Point","coordinates":[142.03898,42.52808]}},{"type":"Feature","properties":{"name":"白石IC","ref":"24"},"geometry":{"type":"Point","coordinates":[140.63208,38.03877]}},{"type":"Feature","properties":{"name":"佐原ＩＣ","ref":"9"},"geometry":{"type":"Point","coordinates":[139.67228,35.23746]}},{"type":"Feature","properties":{"name":"浦賀ＩＣ","ref":"10"},"geometry":{"type":"Point","coordinates":[139.70569,35.25098]}},{"type":"Feature","properties":{"name":"馬掘海岸ＩＣ","ref":null},"geometry":{"type":"Point","coordinates":[139.71393,35.26326]}},{"type":"Feature","properties":{"name":"並木ＩＣ","ref":"4-3"},"geometry":{"type":"Point","coordinates":[139.63537,35.36095]}},{"type":"Feature","properties":{"name":"泉PA (上り);泉PAスマートIC","ref":"28-1"},"geometry":{"type":"Point","coordinates":[140.85487,38.32746]}},{"type":"Feature","properties":{"name":"牛久阿見IC","ref":"82"},"geometry":{"type":"Point","coordinates":[140.18008,35.99221]}},{"type":"Feature","properties":{"name":"江戸崎ＰＡ（外廻り）","ref":null},"geometry":{"type":"Point","coordinates":[140.27399,35.97351]}},{"type":"Feature","properties":{"name":"仙台南IC / JCT","ref":"27"},"geometry":{"type":"Point","coordinates":[140.8032,38.21508]}},{"type":"Feature","properties":{"name":"菅生PA (上り);菅生スマートIC","ref":"26-1"},"geometry":{"type":"Point","coordinates":[140.76843,38.16949]}},{"type":"Feature","properties":{"name":"菅生PA (下り);菅生スマートIC","ref":"26-1"},"geometry":{"type":"Point","coordinates":[140.7621,38.16693]}},{"type":"Feature","properties":{"name":"仙台宮城IC","ref":"28"},"geometry":{"type":"Point","coordinates":[140.81108,38.25774]}},{"type":"Feature","properties":{"name":"泉PA (下り);泉PAスマートIC","ref":"28-1"},"geometry":{"type":"Point","coordinates":[140.85387,38.32635]}},{"type":"Feature","properties":{"name":"坂出北IC","ref":"4"},"geometry":{"type":"Point","coordinates":[133.83507,34.31924]}},{"type":"Feature","properties":{"name":"櫃石島IC","ref":null},"geometry":{"type":"Point","coordinates":[133.804,34.42153]}},{"type":"Feature","properties":{"name":"児島IC","ref":"3"},"geometry":{"type":"Point","coordinates":[133.79845,34.45083]}},{"type":"Feature","properties":{"name":"安積PA (上り)","ref":null},"geometry":{"type":"Point","coordinates":[140.31956,37.35575]}},{"type":"Feature","properties":{"name":"鏡石PA (上り);鏡石スマートIC","ref":null},"geometry":{"type":"Point","coordinates":[140.33776,37.25768]}},{"type":"Feature","properties":{"name":"阿武隈PA (上り)","ref":null},"geometry":{"type":"Point","coordinates":[140.24353,37.15262]}},{"type":"Feature","properties":{"name":"西那須野塩原IC","ref":"12"},"geometry":{"type":"Point","coordinates":[139.94363,36.91588]}},{"type":"Feature","properties":{"name":"矢板IC","ref":"11"},"geometry":{"type":"Point","coordinates":[139.93396,36.76203]}},{"type":"Feature","properties":{"name":"上河内SA (上り);上河内スマートIC","ref":"10-1"},"geometry":{"type":"Point","coordinates":[139.89295,36.69454]}},{"type":"Feature","properties":{"name":"大谷PA (上り)","ref":null},"geometry":{"type":"Point","coordinates":[139.8441,36.60337]}},{"type":"Feature","properties":{"name":"都賀西方PA (上り);都賀西方スマートIC","ref":null},"geometry":{"type":"Point","coordinates":[139.72583,36.45647]}},{"type":"Feature","properties":{"name":"館林IC","ref":"6"},"geometry":{"type":"Point","coordinates":[139.57096,36.22496]}},{"type":"Feature","properties":{"name":"羽生PA (上り)","ref":null},"geometry":{"type":"Point","coordinates":[139.58599,36.1841]}},{"type":"Feature","properties":{"name":"羽生IC","ref":"5-1"},"geometry":{"type":"Point","coordinates":[139.58869,36.16981]}},{"type":"Feature","properties":{"name":"加須IC","ref":"5"},"geometry":{"type":"Point","coordinates":[139.62746,36.12681]}},{"type":"Feature","properties":{"name":"蓮田SA (上り);蓮田スマートIC","ref":"3-1"},"geometry":{"type":"Point","coordinates":[139.6643,35.98047]}},{"type":"Feature","properties":{"name":"小菅","ref":"C40"},"geometry":{"type":"Point","coordinates":[139.82137,35.74936]}},{"type":"Feature","properties":{"name":"堀切JCT","ref":null},"geometry":{"type":"Point","coordinates":[139.82329,35.74383]}},{"type":"Feature","properties":{"name":"小松川JCT","ref":"C45"},"geometry":{"type":"Point","coordinates":[139.85932,35.70187]}},{"type":"Feature","properties":{"name":"四つ木","ref":"C42/C41"},"geometry":{"type":"Point","coordinates":[139.83338,35.73235]}},{"type":"Feature","properties":{"name":"佐野SA (上り);佐野スマートIC","ref":"7-1"},"geometry":{"type":"Point","coordinates":[139.61699,36.32116]}},{"type":"Feature","properties":{"name":"札幌JCT","ref":"32"},"geometry":{"type":"Point","coordinates":[141.42197,43.07731]}},{"type":"Feature","properties":{"name":"手稲IC","ref":"7"},"geometry":{"type":"Point","coordinates":[141.24064,43.1095]}},{"type":"Feature","properties":{"name":"金山PA (下り)","ref":null},"geometry":{"type":"Point","coordinates":[141.2083,43.12505]}},{"type":"Feature","properties":{"name":"札幌西IC","ref":"6"},"geometry":{"type":"Point","coordinates":[141.25793,43.09277]}},{"type":"Feature","properties":{"name":"大谷地IC","ref":"30"},"geometry":{"type":"Point","coordinates":[141.43646,43.04357]}},{"type":"Feature","properties":{"name":"鏡石PA (下り);鏡石スマートIC","ref":null},"geometry":{"type":"Point","coordinates":[140.33404,37.25352]}},{"type":"Feature","properties":{"name":"新川IC","ref":"5"},"geometry":{"type":"Point","coordinates":[141.31504,43.10239]}},{"type":"Feature","properties":{"name":"更埴IC","ref":"7"},"geometry":{"type":"Point","coordinates":[138.12998,36.55258]}},{"type":"Feature","properties":{"name":"総社PA(下り)","ref":null},"geometry":{"type":"Point","coordinates":[133.75725,34.69632]}},{"type":"Feature","properties":{"name":"岡山JCT","ref":"15"},"geometry":{"type":"Point","coordinates":[133.8182,34.67769]}},{"type":"Feature","properties":{"name":"北房JCT","ref":"17"},"geometry":{"type":"Point","coordinates":[133.68262,34.98284]}},{"type":"Feature","properties":{"name":"大磯東IC","ref":null},"geometry":{"type":"Point","coordinates":[139.32614,35.31248]}},{"type":"Feature","properties":{"name":"西湘PA(下り)","ref":null},"geometry":{"type":"Point","coordinates":[139.20473,35.27628]}},{"type":"Feature","properties":{"name":"小田原IC","ref":"5"},"geometry":{"type":"Point","coordinates":[139.17328,35.25561]}},{"type":"Feature","properties":{"name":"早川分岐","ref":null},"geometry":{"type":"Point","coordinates":[139.15252,35.24154]}},{"type":"Feature","properties":{"name":"早川IC","ref":"6"},"geometry":{"type":"Point","coordinates":[139.15088,35.24186]}},{"type":"Feature","properties":{"name":"伊勢原IC","ref":"7"},"geometry":{"type":"Point","coordinates":[139.33063,35.38421]}},{"type":"Feature","properties":{"name":"伊勢原","ref":null},"geometry":{"type":"Point","coordinates":[139.33167,35.3863]}},{"type":"Feature","properties":{"name":"逗子ＩＣ","ref":"6"},"geometry":{"type":"Point","coordinates":[139.61975,35.29093]}},{"type":"Feature","properties":{"name":"港南台IC","ref":"4"},"geometry":{"type":"Point","coordinates":[139.58993,35.37413]}},{"type":"Feature","properties":{"name":"別所ＩＣ","ref":null},"geometry":{"type":"Point","coordinates":[139.58046,35.41707]}},{"type":"Feature","properties":{"name":"緑PA(上り)","ref":null},"geometry":{"type":"Point","coordinates":[134.81216,34.32806]}},{"type":"Feature","properties":{"name":"長流枝PA (下り)","ref":null},"geometry":{"type":"Point","coordinates":[143.33245,42.99121]}},{"type":"Feature","properties":{"name":"名谷IC/JCT","ref":"2"},"geometry":{"type":"Point","coordinates":[135.08156,34.64972]}},{"type":"Feature","properties":{"name":"東大阪JCT","ref":"6"},"geometry":{"type":"Point","coordinates":[135.59672,34.67835]}},{"type":"Feature","properties":{"name":"長原IC","ref":"9"},"geometry":{"type":"Point","coordinates":[135.5749,34.59596]}},{"type":"Feature","properties":{"name":"門真IC","ref":"3"},"geometry":{"type":"Point","coordinates":[135.58241,34.72904]}},{"type":"Feature","properties":{"name":"松原JCT","ref":"10/14-09"},"geometry":{"type":"Point","coordinates":[135.57443,34.58998]}},{"type":"Feature","properties":{"name":"藤井寺IC","ref":"1"},"geometry":{"type":"Point","coordinates":[135.60223,34.57542]}},{"type":"Feature","properties":{"name":"香芝SA(下り)","ref":null},"geometry":{"type":"Point","coordinates":[135.67648,34.55743]}},{"type":"Feature","properties":{"name":"法隆寺IC","ref":"4"},"geometry":{"type":"Point","coordinates":[135.73999,34.59045]}},{"type":"Feature","properties":{"name":"香芝IC","ref":"3"},"geometry":{"type":"Point","coordinates":[135.69414,34.56269]}},{"type":"Feature","properties":{"name":"新庄出口","ref":null},"geometry":{"type":"Point","coordinates":[135.71392,34.49707]}},{"type":"Feature","properties":{"name":"本別JCT","ref":"12"},"geometry":{"type":"Point","coordinates":[143.55501,43.10527]}},{"type":"Feature","properties":{"name":"足寄IC","ref":"1"},"geometry":{"type":"Point","coordinates":[143.56227,43.2064]}},{"type":"Feature","properties":{"name":"旭川鷹栖IC","ref":"44"},"geometry":{"type":"Point","coordinates":[142.3228,43.8045]}},{"type":"Feature","properties":{"name":"三笠IC","ref":"37"},"geometry":{"type":"Point","coordinates":[141.83041,43.24425]}},{"type":"Feature","properties":{"name":"江別西IC","ref":"34"},"geometry":{"type":"Point","coordinates":[141.4964,43.09335]}},{"type":"Feature","properties":{"name":"札幌IC","ref":"33"},"geometry":{"type":"Point","coordinates":[141.4294,43.08005]}},{"type":"Feature","properties":{"name":"東新町入口","ref":"C02"},"geometry":{"type":"Point","coordinates":[136.91513,35.1646]}},{"type":"Feature","properties":{"name":"丸田町JCT","ref":null},"geometry":{"type":"Point","coordinates":[136.91551,35.1614]}},{"type":"Feature","properties":{"name":"豊田東IC","ref":"2"},"geometry":{"type":"Point","coordinates":[137.16288,35.03241]}},{"type":"Feature","properties":{"name":"大府PA","ref":null},"geometry":{"type":"Point","coordinates":[136.93346,35.03039]}},{"type":"Feature","properties":{"name":"大府東海IC","ref":null},"geometry":{"type":"Point","coordinates":[136.92169,35.0013]}},{"type":"Feature","properties":{"name":"東浦知多IC","ref":null},"geometry":{"type":"Point","coordinates":[136.92547,34.97559]}},{"type":"Feature","properties":{"name":"半田中央JCT","ref":null},"geometry":{"type":"Point","coordinates":[136.8985,34.90739]}},{"type":"Feature","properties":{"name":"袋井ＩＣ","ref":"15"},"geometry":{"type":"Point","coordinates":[137.9009,34.75965]}},{"type":"Feature","properties":{"name":"音更帯広IC","ref":"10"},"geometry":{"type":"Point","coordinates":[143.1781,42.98076]}},{"type":"Feature","properties":{"name":"奥白滝IC","ref":"5"},"geometry":{"type":"Point","coordinates":[143.07488,43.87023]}},{"type":"Feature","properties":{"name":"浮島IC","ref":"4"},"geometry":{"type":"Point","coordinates":[142.968,43.88611]}},{"type":"Feature","properties":{"name":"愛別IC","ref":"2"},"geometry":{"type":"Point","coordinates":[142.57252,43.89481]}},{"type":"Feature","properties":{"name":"上里ＳＡ（下り）、スマートＩＣ","ref":"8-1"},"geometry":{"type":"Point","coordinates":[139.12435,36.2536]}},{"type":"Feature","properties":{"name":"所沢 IC","ref":"3"},"geometry":{"type":"Point","coordinates":[139.53085,35.80829]}},{"type":"Feature","properties":{"name":"朝里IC","ref":"10"},"geometry":{"type":"Point","coordinates":[141.05067,43.16823]}},{"type":"Feature","properties":{"name":"士別剣淵IC","ref":"48"},"geometry":{"type":"Point","coordinates":[142.40069,44.14084]}},{"type":"Feature","properties":{"name":"和寒IC","ref":"47"},"geometry":{"type":"Point","coordinates":[142.43696,44.00855]}},{"type":"Feature","properties":{"name":"藤沢IC","ref":null},"geometry":{"type":"Point","coordinates":[139.44516,35.34758]}},{"type":"Feature","properties":{"name":"茅ヶ崎JCT","ref":"25"},"geometry":{"type":"Point","coordinates":[139.39221,35.34957]}},{"type":"Feature","properties":{"name":"茅ヶ崎西IC","ref":null},"geometry":{"type":"Point","coordinates":[139.38645,35.3361]}},{"type":"Feature","properties":{"name":"茅ヶ崎中央IC","ref":"24"},"geometry":{"type":"Point","coordinates":[139.39626,35.34903]}},{"type":"Feature","properties":{"name":"江別東IC","ref":"35"},"geometry":{"type":"Point","coordinates":[141.60048,43.10513]}},{"type":"Feature","properties":{"name":"常滑IC","ref":null},"geometry":{"type":"Point","coordinates":[136.85576,34.89969]}},{"type":"Feature","properties":{"name":"りんくうIC","ref":null},"geometry":{"type":"Point","coordinates":[136.82581,34.88699]}},{"type":"Feature","properties":{"name":"りんくうIC","ref":"4"},"geometry":{"type":"Point","coordinates":[135.29506,34.41383]}},{"type":"Feature","properties":{"name":"高田ＩＣ","ref":"3"},"geometry":{"type":"Point","coordinates":[140.22015,35.57234]}},{"type":"Feature","properties":{"name":"美幌IC","ref":null},"geometry":{"type":"Point","coordinates":[144.12395,43.84783]}},{"type":"Feature","properties":{"name":"砂川SA (下り) / スマートIC","ref":"40"},"geometry":{"type":"Point","coordinates":[141.92831,43.525]}},{"type":"Feature","properties":{"name":"深川JCT","ref":"42"},"geometry":{"type":"Point","coordinates":[142.02443,43.66676]}},{"type":"Feature","properties":{"name":"深川IC","ref":"43"},"geometry":{"type":"Point","coordinates":[142.07853,43.68958]}},{"type":"Feature","properties":{"name":"音江PA (下り)","ref":null},"geometry":{"type":"Point","coordinates":[142.14088,43.70835]}},{"type":"Feature","properties":{"name":"比布JCT","ref":"46"},"geometry":{"type":"Point","coordinates":[142.46883,43.91962]}},{"type":"Feature","properties":{"name":"比布北IC","ref":"1"},"geometry":{"type":"Point","coordinates":[142.49798,43.9195]}},{"type":"Feature","properties":{"name":"愛山上川IC","ref":"2-1"},"geometry":{"type":"Point","coordinates":[142.67908,43.86125]}},{"type":"Feature","properties":{"name":"上川層雲峡IC","ref":"3"},"geometry":{"type":"Point","coordinates":[142.76213,43.83899]}},{"type":"Feature","properties":{"name":"白滝IC","ref":"6"},"geometry":{"type":"Point","coordinates":[143.19628,43.88634]}},{"type":"Feature","properties":{"name":"丸瀬布IC","ref":"7"},"geometry":{"type":"Point","coordinates":[143.32705,43.9885]}},{"type":"Feature","properties":{"name":"由岐IC","ref":null},"geometry":{"type":"Point","coordinates":[134.58449,33.77732]}},{"type":"Feature","properties":{"name":"佐久IC","ref":"7"},"geometry":{"type":"Point","coordinates":[138.48376,36.28765]}},{"type":"Feature","properties":{"name":"上田菅平IC","ref":"10"},"geometry":{"type":"Point","coordinates":[138.2839,36.41397]}},{"type":"Feature","properties":{"name":"千曲川さかきPA（下り）","ref":null},"geometry":{"type":"Point","coordinates":[138.20086,36.45251]}},{"type":"Feature","properties":{"name":"新井ＰＡ（下り）、スマートＩＣ","ref":"19-1"},"geometry":{"type":"Point","coordinates":[138.22248,37.02522]}},{"type":"Feature","properties":{"name":"上越高田ＩＣ","ref":"20"},"geometry":{"type":"Point","coordinates":[138.22526,37.08871]}},{"type":"Feature","properties":{"name":"金沢東IC","ref":"17"},"geometry":{"type":"Point","coordinates":[136.67127,36.60564]}},{"type":"Feature","properties":{"name":"入間IC","ref":"45"},"geometry":{"type":"Point","coordinates":[139.36877,35.8186]}},{"type":"Feature","properties":{"name":"八ヶ岳PA（上り）","ref":null},"geometry":{"type":"Point","coordinates":[138.36213,35.84623]}},{"type":"Feature","properties":{"name":"須玉IC","ref":"17"},"geometry":{"type":"Point","coordinates":[138.42427,35.77349]}},{"type":"Feature","properties":{"name":"留萌幌糠IC","ref":"5"},"geometry":{"type":"Point","coordinates":[141.7573,43.8499]}},{"type":"Feature","properties":{"name":"沼田IC","ref":"3"},"geometry":{"type":"Point","coordinates":[141.90334,43.80011]}},{"type":"Feature","properties":{"name":"加賀IC","ref":"12"},"geometry":{"type":"Point","coordinates":[136.28751,36.29235]}},{"type":"Feature","properties":{"name":"金津IC","ref":"11"},"geometry":{"type":"Point","coordinates":[136.28042,36.23596]}},{"type":"Feature","properties":{"name":"女形谷PA(下り)","ref":null},"geometry":{"type":"Point","coordinates":[136.29324,36.16766]}},{"type":"Feature","properties":{"name":"名寄北IC","ref":null},"geometry":{"type":"Point","coordinates":[142.43543,44.36438]}},{"type":"Feature","properties":{"name":"米原JCT","ref":"27-1"},"geometry":{"type":"Point","coordinates":[136.32135,35.31769]}},{"type":"Feature","properties":{"name":"山浦PA(下り)","ref":null},"geometry":{"type":"Point","coordinates":[130.48317,33.38607]}},{"type":"Feature","properties":{"name":"金立SA(下り)","ref":null},"geometry":{"type":"Point","coordinates":[130.31621,33.33017]}},{"type":"Feature","properties":{"name":"佐賀大和IC","ref":"3"},"geometry":{"type":"Point","coordinates":[130.27871,33.3221]}},{"type":"Feature","properties":{"name":"小城PA/スマートIC（下り）","ref":"3-1"},"geometry":{"type":"Point","coordinates":[130.21227,33.31114]}},{"type":"Feature","properties":{"name":"多久IC","ref":"4"},"geometry":{"type":"Point","coordinates":[130.12987,33.28687]}},{"type":"Feature","properties":{"name":"多久西PA(下り)","ref":null},"geometry":{"type":"Point","coordinates":[130.07966,33.2554]}},{"type":"Feature","properties":{"name":"嬉野IC","ref":"7"},"geometry":{"type":"Point","coordinates":[129.97517,33.11228]}},{"type":"Feature","properties":{"name":"大村湾PA(下り)","ref":null},"geometry":{"type":"Point","coordinates":[129.94511,33.01919]}},{"type":"Feature","properties":{"name":"古賀市布IC","ref":"11-1"},"geometry":{"type":"Point","coordinates":[129.95672,32.81418]}},{"type":"Feature","properties":{"name":"高萩IC","ref":"13"},"geometry":{"type":"Point","coordinates":[140.68339,36.7443]}},{"type":"Feature","properties":{"name":"日立中央IC;日立中央ＰＡ（下り）","ref":"11-1"},"geometry":{"type":"Point","coordinates":[140.63555,36.60095]}},{"type":"Feature","properties":{"name":"日立北IC","ref":"12"},"geometry":{"type":"Point","coordinates":[140.66934,36.65151]}},{"type":"Feature","properties":{"name":"那珂IC","ref":"10"},"geometry":{"type":"Point","coordinates":[140.47388,36.45267]}},{"type":"Feature","properties":{"name":"関IC","ref":"5"},"geometry":{"type":"Point","coordinates":[136.89219,35.46737]}},{"type":"Feature","properties":{"name":"関IC","ref":"2"},"geometry":{"type":"Point","coordinates":[136.40096,34.84164]}},{"type":"Feature","properties":{"name":"豊田東JCT","ref":"1"},"geometry":{"type":"Point","coordinates":[137.19912,35.04685]}},{"type":"Feature","properties":{"name":"豊田東JCT","ref":"1"},"geometry":{"type":"Point","coordinates":[137.17776,35.04132]}},{"type":"Feature","properties":{"name":"中郷SA（下り）","ref":null},"geometry":{"type":"Point","coordinates":[140.68909,36.75498]}},{"type":"Feature","properties":{"name":"北熊本SA/スマートIC(上り)","ref":"14-1"},"geometry":{"type":"Point","coordinates":[130.72092,32.89126]}},{"type":"Feature","properties":{"name":"鳥栖JCT","ref":"9"},"geometry":{"type":"Point","coordinates":[130.54045,33.39767]}},{"type":"Feature","properties":{"name":"久留米IC","ref":"10"},"geometry":{"type":"Point","coordinates":[130.55681,33.3182]}},{"type":"Feature","properties":{"name":"八女IC","ref":"11"},"geometry":{"type":"Point","coordinates":[130.52372,33.21138]}},{"type":"Feature","properties":{"name":"長万部IC","ref":"11"},"geometry":{"type":"Point","coordinates":[140.36552,42.52517]}},{"type":"Feature","properties":{"name":"小牧東IC","ref":"32"},"geometry":{"type":"Point","coordinates":[137.02727,35.32877]}},{"type":"Feature","properties":{"name":"因島南IC","ref":"5"},"geometry":{"type":"Point","coordinates":[133.15345,34.30658]}},{"type":"Feature","properties":{"name":"大島北IC","ref":"10"},"geometry":{"type":"Point","coordinates":[133.06631,34.17176]}},{"type":"Feature","properties":{"name":"伯方島IC","ref":"9"},"geometry":{"type":"Point","coordinates":[133.07758,34.20431]}},{"type":"Feature","properties":{"name":"上浦PA(下り)","ref":null},"geometry":{"type":"Point","coordinates":[133.04793,34.23291]}},{"type":"Feature","properties":{"name":"大三島IC","ref":"8"},"geometry":{"type":"Point","coordinates":[133.04901,34.25022]}},{"type":"Feature","properties":{"name":"瀬戸田PA(上り)","ref":null},"geometry":{"type":"Point","coordinates":[133.07556,34.26107]}},{"type":"Feature","properties":{"name":"瀬戸田PA(下り)","ref":null},"geometry":{"type":"Point","coordinates":[133.0839,34.25963]}},{"type":"Feature","properties":{"name":"生口島南IC","ref":"7"},"geometry":{"type":"Point","coordinates":[133.09149,34.2618]}},{"type":"Feature","properties":{"name":"桜島SA(上り)/スマートIC","ref":"25-2"},"geometry":{"type":"Point","coordinates":[130.61083,31.72601]}},{"type":"Feature","properties":{"name":"鹿児島北IC","ref":"28"},"geometry":{"type":"Point","coordinates":[130.5261,31.62256]}},{"type":"Feature","properties":{"name":"鹿児島IC","ref":"29/26"},"geometry":{"type":"Point","coordinates":[130.51357,31.58758]}},{"type":"Feature","properties":{"name":"一宮木曽川IC","ref":"3"},"geometry":{"type":"Point","coordinates":[136.79378,35.34312]}},{"type":"Feature","properties":{"name":"大竹IC","ref":"32-3"},"geometry":{"type":"Point","coordinates":[132.21698,34.24452]}},{"type":"Feature","properties":{"name":"富士吉田ＩＣ","ref":"3"},"geometry":{"type":"Point","coordinates":[138.77153,35.47649]}},{"type":"Feature","properties":{"name":"富士吉田西桂SIC","ref":"1-1"},"geometry":{"type":"Point","coordinates":[138.83299,35.50788]}},{"type":"Feature","properties":{"name":"谷村ＰＡ（上り）","ref":null},"geometry":{"type":"Point","coordinates":[138.89586,35.54647]}},{"type":"Feature","properties":{"name":"都留ＩＣ","ref":"1"},"geometry":{"type":"Point","coordinates":[138.90852,35.56292]}},{"type":"Feature","properties":{"name":"札幌北IC","ref":"3/4"},"geometry":{"type":"Point","coordinates":[141.34525,43.10154]}},{"type":"Feature","properties":{"name":"尾道大橋出口","ref":"2"},"geometry":{"type":"Point","coordinates":[133.21882,34.41951]}},{"type":"Feature","properties":{"name":"今治IC","ref":"13"},"geometry":{"type":"Point","coordinates":[132.97062,34.05471]}},{"type":"Feature","properties":{"name":"今治湯ノ浦IC","ref":"1"},"geometry":{"type":"Point","coordinates":[133.04741,33.99166]}},{"type":"Feature","properties":{"name":"東予丹原IC","ref":"2"},"geometry":{"type":"Point","coordinates":[133.07355,33.91752]}},{"type":"Feature","properties":{"name":"川内IC","ref":"12"},"geometry":{"type":"Point","coordinates":[132.90382,33.79414]}},{"type":"Feature","properties":{"name":"伊予灘SA(上り)","ref":null},"geometry":{"type":"Point","coordinates":[132.75096,33.76869]}},{"type":"Feature","properties":{"name":"桜三里PA(上り)","ref":null},"geometry":{"type":"Point","coordinates":[132.93554,33.80186]}},{"type":"Feature","properties":{"name":"いよ小松JCT/IC","ref":"11"},"geometry":{"type":"Point","coordinates":[133.08955,33.88254]}},{"type":"Feature","properties":{"name":"沼津岡宮ＩＣ","ref":"1"},"geometry":{"type":"Point","coordinates":[138.86339,35.14083]}},{"type":"Feature","properties":{"name":"長泉ＩＣ","ref":"3"},"geometry":{"type":"Point","coordinates":[138.89532,35.15156]}},{"type":"Feature","properties":{"name":"三島萩ＩＣ","ref":"4"},"geometry":{"type":"Point","coordinates":[138.92101,35.15164]}},{"type":"Feature","properties":{"name":"三島加茂ＩＣ","ref":"5"},"geometry":{"type":"Point","coordinates":[138.93812,35.14055]}},{"type":"Feature","properties":{"name":"三島塚原ＩＣ","ref":"6"},"geometry":{"type":"Point","coordinates":[138.94366,35.13006]}},{"type":"Feature","properties":{"name":"豊田IC","ref":"20"},"geometry":{"type":"Point","coordinates":[137.11511,35.07152]}},{"type":"Feature","properties":{"name":"雁来IC","ref":"1"},"geometry":{"type":"Point","coordinates":[141.40852,43.09134]}},{"type":"Feature","properties":{"name":"瀬田東JCT","ref":"30-2"},"geometry":{"type":"Point","coordinates":[135.93277,34.97083]}},{"type":"Feature","properties":{"name":"久御山淀IC","ref":"8"},"geometry":{"type":"Point","coordinates":[135.72011,34.89418]}},{"type":"Feature","properties":{"name":"松尾横芝ＩＣ","ref":"93"},"geometry":{"type":"Point","coordinates":[140.43261,35.66078]}},{"type":"Feature","properties":{"name":"勝川IC","ref":"11"},"geometry":{"type":"Point","coordinates":[136.95788,35.2246]}},{"type":"Feature","properties":{"name":"勝川IC","ref":"11"},"geometry":{"type":"Point","coordinates":[136.9365,35.22908]}},{"type":"Feature","properties":{"name":"清洲JCT","ref":"17-1"},"geometry":{"type":"Point","coordinates":[136.85526,35.22172]}},{"type":"Feature","properties":{"name":"三郷南","ref":"82"},"geometry":{"type":"Point","coordinates":[139.87716,35.80455]}},{"type":"Feature","properties":{"name":"花巻IC","ref":"39"},"geometry":{"type":"Point","coordinates":[141.10933,39.44496]}},{"type":"Feature","properties":{"name":"花巻JCT","ref":"38-2"},"geometry":{"type":"Point","coordinates":[141.10345,39.42099]}},{"type":"Feature","properties":{"name":"今浜IC","ref":null},"geometry":{"type":"Point","coordinates":[136.75136,36.83987]}},{"type":"Feature","properties":{"name":"白尾IC","ref":null},"geometry":{"type":"Point","coordinates":[136.68363,36.71931]}},{"type":"Feature","properties":{"name":"泉IC","ref":"29"},"geometry":{"type":"Point","coordinates":[140.87441,38.34764]}},{"type":"Feature","properties":{"name":"国見SA（上り）","ref":null},"geometry":{"type":"Point","coordinates":[140.58202,37.91034]}},{"type":"Feature","properties":{"name":"西会津IC;西会津PA（下り）","ref":"9"},"geometry":{"type":"Point","coordinates":[139.6543,37.57618]}},{"type":"Feature","properties":{"name":"内灘IC","ref":null},"geometry":{"type":"Point","coordinates":[136.64736,36.66878]}},{"type":"Feature","properties":{"name":"西山IC","ref":null},"geometry":{"type":"Point","coordinates":[136.81259,37.00473]}},{"type":"Feature","properties":{"name":"西山IC","ref":null},"geometry":{"type":"Point","coordinates":[129.89116,32.76991]}},{"type":"Feature","properties":{"name":"上棚矢駄IC","ref":null},"geometry":{"type":"Point","coordinates":[136.82467,36.98344]}},{"type":"Feature","properties":{"name":"大内JCT","ref":"14-1"},"geometry":{"type":"Point","coordinates":[140.07014,39.4441]}},{"type":"Feature","properties":{"name":"双葉SA（上り）;双葉スマートIC","ref":"15-1"},"geometry":{"type":"Point","coordinates":[138.50803,35.67964]}},{"type":"Feature","properties":{"name":"東郷PA(下り)","ref":null},"geometry":{"type":"Point","coordinates":[137.08723,35.1282]}},{"type":"Feature","properties":{"name":"友部SA（下り）;友部スマートIC","ref":"8-1"},"geometry":{"type":"Point","coordinates":[140.33954,36.30562]}},{"type":"Feature","properties":{"name":"川島ＩＣ","ref":"52"},"geometry":{"type":"Point","coordinates":[139.46668,35.98176]}},{"type":"Feature","properties":{"name":"山形上山IC","ref":"13"},"geometry":{"type":"Point","coordinates":[140.30431,38.18599]}},{"type":"Feature","properties":{"name":"太田藪塚IC","ref":"4"},"geometry":{"type":"Point","coordinates":[139.27734,36.34683]}},{"type":"Feature","properties":{"name":"大泉IC/JCT","ref":"2/50"},"geometry":{"type":"Point","coordinates":[139.59738,35.76302]}},{"type":"Feature","properties":{"name":"久慈北IC","ref":"66"},"geometry":{"type":"Point","coordinates":[141.78184,40.22183]}},{"type":"Feature","properties":{"name":"美並IC","ref":"7"},"geometry":{"type":"Point","coordinates":[136.95822,35.6615]}},{"type":"Feature","properties":{"name":"瓢ヶ岳PA(下り)","ref":null},"geometry":{"type":"Point","coordinates":[136.95359,35.66948]}},{"type":"Feature","properties":{"name":"郡上八幡IC","ref":"8"},"geometry":{"type":"Point","coordinates":[136.94417,35.74838]}},{"type":"Feature","properties":{"name":"長岡南越路スマートＩＣ","ref":"20-1"},"geometry":{"type":"Point","coordinates":[138.79219,37.39258]}},{"type":"Feature","properties":{"name":"貝塚IC","ref":"17"},"geometry":{"type":"Point","coordinates":[135.39344,34.39037]}},{"type":"Feature","properties":{"name":"貝塚IC","ref":"9"},"geometry":{"type":"Point","coordinates":[140.13963,35.62561]}},{"type":"Feature","properties":{"name":"岸和田和泉IC","ref":"16"},"geometry":{"type":"Point","coordinates":[135.44444,34.43826]}},{"type":"Feature","properties":{"name":"岩槻IC","ref":"3"},"geometry":{"type":"Point","coordinates":[139.6919,35.93623]}},{"type":"Feature","properties":{"name":"岡沢","ref":"7"},"geometry":{"type":"Point","coordinates":[139.59749,35.47725]}},{"type":"Feature","properties":{"name":"美祢IC","ref":"35"},"geometry":{"type":"Point","coordinates":[131.24589,34.16955]}},{"type":"Feature","properties":{"name":"恵庭IC","ref":"26"},"geometry":{"type":"Point","coordinates":[141.55461,42.87126]}},{"type":"Feature","properties":{"name":"津田の松原SA(上り)","ref":null},"geometry":{"type":"Point","coordinates":[134.26054,34.2763]}},{"type":"Feature","properties":{"name":"津田の松原SA(下り)","ref":null},"geometry":{"type":"Point","coordinates":[134.2684,34.27617]}},{"type":"Feature","properties":{"name":"高松中央IC","ref":"16"},"geometry":{"type":"Point","coordinates":[134.07432,34.30467]}},{"type":"Feature","properties":{"name":"津田寒川IC","ref":"12"},"geometry":{"type":"Point","coordinates":[134.22605,34.29454]}},{"type":"Feature","properties":{"name":"佐野藤岡IC","ref":"7"},"geometry":{"type":"Point","coordinates":[139.61863,36.29176]}},{"type":"Feature","properties":{"name":"丹波IC","ref":"6"},"geometry":{"type":"Point","coordinates":[135.43186,35.14683]}},{"type":"Feature","properties":{"name":"三郷料金所スマートIC","ref":"1-1"},"geometry":{"type":"Point","coordinates":[139.88336,35.86573]}},{"type":"Feature","properties":{"name":"綾部JCT","ref":"6/3"},"geometry":{"type":"Point","coordinates":[135.29108,35.3526]}},{"type":"Feature","properties":{"name":"南丹PA(下り)","ref":null},"geometry":{"type":"Point","coordinates":[135.51483,35.07742]}},{"type":"Feature","properties":{"name":"波志江PA（西行き）;波志江スマートIC","ref":null},"geometry":{"type":"Point","coordinates":[139.19294,36.35471]}},{"type":"Feature","properties":{"name":"伊勢崎IC","ref":"3"},"geometry":{"type":"Point","coordinates":[139.21967,36.35466]}},{"type":"Feature","properties":{"name":"前橋南IC","ref":"1"},"geometry":{"type":"Point","coordinates":[139.09916,36.33385]}},{"type":"Feature","properties":{"name":"高崎ＩＣ","ref":"10"},"geometry":{"type":"Point","coordinates":[139.05921,36.33712]}},{"type":"Feature","properties":{"name":"茨城町JCT","ref":"15-1/18"},"geometry":{"type":"Point","coordinates":[140.41086,36.30332]}},{"type":"Feature","properties":{"name":"茨城町東IC","ref":"16"},"geometry":{"type":"Point","coordinates":[140.45776,36.3152]}},{"type":"Feature","properties":{"name":"泉佐野JCT","ref":"18"},"geometry":{"type":"Point","coordinates":[135.33394,34.36538]}},{"type":"Feature","properties":{"name":"泉南IC","ref":"19"},"geometry":{"type":"Point","coordinates":[135.28079,34.34681]}},{"type":"Feature","properties":{"name":"ひたち海浜公園IC","ref":"20"},"geometry":{"type":"Point","coordinates":[140.59321,36.39762]}},{"type":"Feature","properties":{"name":"常陸那珂港IC","ref":null},"geometry":{"type":"Point","coordinates":[140.60357,36.40659]}},{"type":"Feature","properties":{"name":"ひたちなかIC","ref":"19"},"geometry":{"type":"Point","coordinates":[140.57781,36.37742]}},{"type":"Feature","properties":{"name":"水戸大洗IC","ref":"18"},"geometry":{"type":"Point","coordinates":[140.54344,36.33922]}},{"type":"Feature","properties":{"name":"友部IC","ref":"14"},"geometry":{"type":"Point","coordinates":[140.2731,36.33982]}},{"type":"Feature","properties":{"name":"笠間PA（西行き）","ref":null},"geometry":{"type":"Point","coordinates":[140.25765,36.34343]}},{"type":"Feature","properties":{"name":"笠間PA（東行き）","ref":null},"geometry":{"type":"Point","coordinates":[140.25027,36.34342]}},{"type":"Feature","properties":{"name":"友部JCT","ref":"8-2"},"geometry":{"type":"Point","coordinates":[140.35113,36.3201]}},{"type":"Feature","properties":{"name":"桜川筑西IC","ref":"12"},"geometry":{"type":"Point","coordinates":[140.08331,36.35972]}},{"type":"Feature","properties":{"name":"真岡IC","ref":"11"},"geometry":{"type":"Point","coordinates":[139.96818,36.44638]}},{"type":"Feature","properties":{"name":"都賀IC","ref":"8"},"geometry":{"type":"Point","coordinates":[139.75682,36.43948]}},{"type":"Feature","properties":{"name":"壬生IC","ref":"9"},"geometry":{"type":"Point","coordinates":[139.82264,36.45741]}},{"type":"Feature","properties":{"name":"春日井IC","ref":"22"},"geometry":{"type":"Point","coordinates":[136.99361,35.27099]}},{"type":"Feature","properties":{"name":"六人部PA(下り)","ref":null},"geometry":{"type":"Point","coordinates":[135.18248,35.25496]}},{"type":"Feature","properties":{"name":"六人部PA(上り)","ref":null},"geometry":{"type":"Point","coordinates":[135.18328,35.25886]}},{"type":"Feature","properties":{"name":"福知山IC","ref":"4"},"geometry":{"type":"Point","coordinates":[135.17778,35.2856]}},{"type":"Feature","properties":{"name":"西紀SA(下り)","ref":null},"geometry":{"type":"Point","coordinates":[135.16719,35.08788]}},{"type":"Feature","properties":{"name":"西紀SA(上り)","ref":null},"geometry":{"type":"Point","coordinates":[135.16856,35.0956]}},{"type":"Feature","properties":{"name":"吉川JCT","ref":"6"},"geometry":{"type":"Point","coordinates":[135.15218,34.89379]}},{"type":"Feature","properties":{"name":"上荒川PA(下り)","ref":null},"geometry":{"type":"Point","coordinates":[135.15528,34.90428]}},{"type":"Feature","properties":{"name":"上荒川PA(上り)","ref":null},"geometry":{"type":"Point","coordinates":[135.15593,34.90875]}},{"type":"Feature","properties":{"name":"赤松PA(上り)","ref":null},"geometry":{"type":"Point","coordinates":[135.1662,34.8852]}},{"type":"Feature","properties":{"name":"赤松PA(下り)","ref":null},"geometry":{"type":"Point","coordinates":[135.16896,34.88513]}},{"type":"Feature","properties":{"name":"神戸三田IC","ref":"5-2"},"geometry":{"type":"Point","coordinates":[135.18578,34.88243]}},{"type":"Feature","properties":{"name":"神戸JCT","ref":"5-1"},"geometry":{"type":"Point","coordinates":[135.22342,34.8488]}},{"type":"Feature","properties":{"name":"綾部IC","ref":"5"},"geometry":{"type":"Point","coordinates":[135.25742,35.32683]}},{"type":"Feature","properties":{"name":"宮津天橋立IC","ref":"1"},"geometry":{"type":"Point","coordinates":[135.19249,35.51335]}},{"type":"Feature","properties":{"name":"小牧JCT","ref":"23"},"geometry":{"type":"Point","coordinates":[136.97986,35.28525]}},{"type":"Feature","properties":{"name":"内津峠PA(下り)","ref":null},"geometry":{"type":"Point","coordinates":[137.04658,35.33351]}},{"type":"Feature","properties":{"name":"南丹PA(上り)","ref":null},"geometry":{"type":"Point","coordinates":[135.51116,35.08142]}},{"type":"Feature","properties":{"name":"西山ＩＣ","ref":"36"},"geometry":{"type":"Point","coordinates":[138.65925,37.44123]}},{"type":"Feature","properties":{"name":"汐留","ref":"18"},"geometry":{"type":"Point","coordinates":[139.76008,35.66015]}},{"type":"Feature","properties":{"name":"青垣IC","ref":null},"geometry":{"type":"Point","coordinates":[135.01338,35.24391]}},{"type":"Feature","properties":{"name":"京橋","ref":null},"geometry":{"type":"Point","coordinates":[139.7745,35.67721]}},{"type":"Feature","properties":{"name":"久御山IC","ref":"7"},"geometry":{"type":"Point","coordinates":[135.7372,34.90025]}},{"type":"Feature","properties":{"name":"久御山JCT","ref":"2"},"geometry":{"type":"Point","coordinates":[135.74884,34.89514]}},{"type":"Feature","properties":{"name":"高岡北IC","ref":"4"},"geometry":{"type":"Point","coordinates":[136.97886,36.77116]}},{"type":"Feature","properties":{"name":"氷見南IC","ref":"4-1"},"geometry":{"type":"Point","coordinates":[136.95132,36.80721]}},{"type":"Feature","properties":{"name":"長町IC","ref":"2"},"geometry":{"type":"Point","coordinates":[140.90534,38.21291]}},{"type":"Feature","properties":{"name":"黒埼PA（下り）","ref":"40-1"},"geometry":{"type":"Point","coordinates":[138.98074,37.8212]}},{"type":"Feature","properties":{"name":"春日IC/JCT","ref":"3"},"geometry":{"type":"Point","coordinates":[135.11932,35.1652]}},{"type":"Feature","properties":{"name":"上社IC","ref":"6"},"geometry":{"type":"Point","coordinates":[137.00308,35.17567]}},{"type":"Feature","properties":{"name":"中国池田IC","ref":"2"},"geometry":{"type":"Point","coordinates":[135.42887,34.80826]}},{"type":"Feature","properties":{"name":"津IC","ref":"36"},"geometry":{"type":"Point","coordinates":[136.47379,34.73707]}},{"type":"Feature","properties":{"name":"安濃SA(下り)","ref":null},"geometry":{"type":"Point","coordinates":[136.46771,34.78128]}},{"type":"Feature","properties":{"name":"亀山PA/スマートIC(下り)","ref":"32-2"},"geometry":{"type":"Point","coordinates":[136.41965,34.87098]}},{"type":"Feature","properties":{"name":"石川IC","ref":"6"},"geometry":{"type":"Point","coordinates":[127.82933,26.43824]}},{"type":"Feature","properties":{"name":"清滝IC","ref":"5"},"geometry":{"type":"Point","coordinates":[139.56639,36.7406]}},{"type":"Feature","properties":{"name":"日光口ＰＡ（下り）","ref":null},"geometry":{"type":"Point","coordinates":[139.65477,36.72764]}},{"type":"Feature","properties":{"name":"今市IC","ref":"3"},"geometry":{"type":"Point","coordinates":[139.67205,36.72001]}},{"type":"Feature","properties":{"name":"土沢ＩＣ","ref":"2-1"},"geometry":{"type":"Point","coordinates":[139.71415,36.70052]}},{"type":"Feature","properties":{"name":"大沢IC","ref":"2"},"geometry":{"type":"Point","coordinates":[139.75432,36.68805]}},{"type":"Feature","properties":{"name":"篠井IC","ref":"1-1"},"geometry":{"type":"Point","coordinates":[139.81918,36.66743]}},{"type":"Feature","properties":{"name":"日光IC","ref":"4"},"geometry":{"type":"Point","coordinates":[139.62753,36.7407]}},{"type":"Feature","properties":{"name":"枚方東IC","ref":"6"},"geometry":{"type":"Point","coordinates":[135.72139,34.82023]}},{"type":"Feature","properties":{"name":"氷上IC","ref":null},"geometry":{"type":"Point","coordinates":[135.04731,35.16204]}},{"type":"Feature","properties":{"name":"いよ小松北IC","ref":"3"},"geometry":{"type":"Point","coordinates":[133.07856,33.8972]}},{"type":"Feature","properties":{"name":"都賀西方PA (下り);都賀西方スマートIC","ref":null},"geometry":{"type":"Point","coordinates":[139.72365,36.45402]}},{"type":"Feature","properties":{"name":"宇都宮IC","ref":"10"},"geometry":{"type":"Point","coordinates":[139.84515,36.633]}},{"type":"Feature","properties":{"name":"さぬき豊中IC","ref":"4"},"geometry":{"type":"Point","coordinates":[133.71522,34.14808]}},{"type":"Feature","properties":{"name":"府中湖PA(上り)/スマートIC","ref":"1-1"},"geometry":{"type":"Point","coordinates":[133.91886,34.2748]}},{"type":"Feature","properties":{"name":"高松西IC","ref":"1"},"geometry":{"type":"Point","coordinates":[133.98257,34.29571]}},{"type":"Feature","properties":{"name":"港南台","ref":"4"},"geometry":{"type":"Point","coordinates":[139.59715,35.36592]}},{"type":"Feature","properties":{"name":"藤原JCT","ref":"2"},"geometry":{"type":"Point","coordinates":[131.56398,33.39661]}},{"type":"Feature","properties":{"name":"杵築IC","ref":"3"},"geometry":{"type":"Point","coordinates":[131.59722,33.425]}},{"type":"Feature","properties":{"name":"安岐IC","ref":"4"},"geometry":{"type":"Point","coordinates":[131.67731,33.44449]}},{"type":"Feature","properties":{"name":"丸の内入口","ref":"C08"},"geometry":{"type":"Point","coordinates":[136.90022,35.17785]}},{"type":"Feature","properties":{"name":"篠崎IC","ref":"1"},"geometry":{"type":"Point","coordinates":[139.91442,35.70828]}},{"type":"Feature","properties":{"name":"京葉JCT","ref":"1-1/90"},"geometry":{"type":"Point","coordinates":[139.9256,35.70923]}},{"type":"Feature","properties":{"name":"原木","ref":"3"},"geometry":{"type":"Point","coordinates":[139.95142,35.70365]}},{"type":"Feature","properties":{"name":"幕張ＰＡ（下り）","ref":null},"geometry":{"type":"Point","coordinates":[140.05055,35.6704]}},{"type":"Feature","properties":{"name":"幕張ＰＡ（上り）","ref":null},"geometry":{"type":"Point","coordinates":[140.05753,35.67046]}},{"type":"Feature","properties":{"name":"武石IC","ref":"7"},"geometry":{"type":"Point","coordinates":[140.0641,35.66962]}},{"type":"Feature","properties":{"name":"宮野木JCT","ref":"7-1/5"},"geometry":{"type":"Point","coordinates":[140.09915,35.66013]}},{"type":"Feature","properties":{"name":"藤野PA（上り）","ref":null},"geometry":{"type":"Point","coordinates":[139.15493,35.6167]}},{"type":"Feature","properties":{"name":"相模湖IC","ref":"8"},"geometry":{"type":"Point","coordinates":[139.16761,35.62074]}},{"type":"Feature","properties":{"name":"談合坂スマートIC","ref":"9-1"},"geometry":{"type":"Point","coordinates":[139.04414,35.62734]}},{"type":"Feature","properties":{"name":"千葉東ＪＣＴ","ref":"10"},"geometry":{"type":"Point","coordinates":[140.15456,35.60484]}},{"type":"Feature","properties":{"name":"穴川IC","ref":"8"},"geometry":{"type":"Point","coordinates":[140.11094,35.64506]}},{"type":"Feature","properties":{"name":"穴川IC","ref":"8"},"geometry":{"type":"Point","coordinates":[140.13239,35.62843]}},{"type":"Feature","properties":{"name":"上野原IC","ref":"9"},"geometry":{"type":"Point","coordinates":[139.11748,35.62169]}},{"type":"Feature","properties":{"name":"大月JCT","ref":"11"},"geometry":{"type":"Point","coordinates":[138.95952,35.61594]}},{"type":"Feature","properties":{"name":"大月JCT","ref":"11"},"geometry":{"type":"Point","coordinates":[138.91187,35.60134]}},{"type":"Feature","properties":{"name":"内津峠PA(上り)","ref":null},"geometry":{"type":"Point","coordinates":[137.04024,35.33293]}},{"type":"Feature","properties":{"name":"虎渓山PA(上り)","ref":null},"geometry":{"type":"Point","coordinates":[137.12345,35.35084]}},{"type":"Feature","properties":{"name":"尾張一宮PA(下り)","ref":null},"geometry":{"type":"Point","coordinates":[136.85739,35.28528]}},{"type":"Feature","properties":{"name":"楠JCT","ref":"13"},"geometry":{"type":"Point","coordinates":[136.91051,35.22923]}},{"type":"Feature","properties":{"name":"名古屋西JCT","ref":"23"},"geometry":{"type":"Point","coordinates":[136.81695,35.15882]}},{"type":"Feature","properties":{"name":"山田西IC","ref":"15"},"geometry":{"type":"Point","coordinates":[136.88461,35.22394]}},{"type":"Feature","properties":{"name":"松河戸IC","ref":"10"},"geometry":{"type":"Point","coordinates":[136.96782,35.22442]}},{"type":"Feature","properties":{"name":"勝沼IC","ref":"12"},"geometry":{"type":"Point","coordinates":[138.73735,35.65152]}},{"type":"Feature","properties":{"name":"大山田ＰＡ（下り）","ref":null},"geometry":{"type":"Point","coordinates":[136.6614,35.0879]}},{"type":"Feature","properties":{"name":"勢和多気JCT","ref":"39-1"},"geometry":{"type":"Point","coordinates":[136.50972,34.46343]}},{"type":"Feature","properties":{"name":"松阪IC","ref":"38"},"geometry":{"type":"Point","coordinates":[136.46681,34.57752]}},{"type":"Feature","properties":{"name":"玉城IC","ref":"40"},"geometry":{"type":"Point","coordinates":[136.6197,34.46646]}},{"type":"Feature","properties":{"name":"一志嬉野IC","ref":"37-1"},"geometry":{"type":"Point","coordinates":[136.45129,34.63148]}},{"type":"Feature","properties":{"name":"芸濃IC","ref":"35"},"geometry":{"type":"Point","coordinates":[136.44799,34.80337]}},{"type":"Feature","properties":{"name":"宜野座IC","ref":"9"},"geometry":{"type":"Point","coordinates":[127.97007,26.49009]}},{"type":"Feature","properties":{"name":"多賀ＳＡ（下り）","ref":null},"geometry":{"type":"Point","coordinates":[136.28271,35.22316]}},{"type":"Feature","properties":{"name":"海老名ＩＣ","ref":"31"},"geometry":{"type":"Point","coordinates":[139.37635,35.43882]}},{"type":"Feature","properties":{"name":"九重IC","ref":"8"},"geometry":{"type":"Point","coordinates":[131.2094,33.23259]}},{"type":"Feature","properties":{"name":"水分PA(上り)","ref":null},"geometry":{"type":"Point","coordinates":[131.2502,33.24943]}},{"type":"Feature","properties":{"name":"湯布院IC","ref":"9"},"geometry":{"type":"Point","coordinates":[131.32919,33.2579]}},{"type":"Feature","properties":{"name":"由布岳PA(上り)/スマートIC","ref":"9-1"},"geometry":{"type":"Point","coordinates":[131.40095,33.30389]}},{"type":"Feature","properties":{"name":"臼杵IC","ref":"16"},"geometry":{"type":"Point","coordinates":[131.77919,33.10422]}},{"type":"Feature","properties":{"name":"大高JCT","ref":null},"geometry":{"type":"Point","coordinates":[136.93181,35.05692]}},{"type":"Feature","properties":{"name":"久慈IC","ref":"65"},"geometry":{"type":"Point","coordinates":[141.78259,40.19689]}},{"type":"Feature","properties":{"name":"阿久比IC","ref":null},"geometry":{"type":"Point","coordinates":[136.90948,34.9443]}},{"type":"Feature","properties":{"name":"大府西IC","ref":null},"geometry":{"type":"Point","coordinates":[136.93351,35.03991]}},{"type":"Feature","properties":{"name":"寝屋川南IC","ref":"11"},"geometry":{"type":"Point","coordinates":[135.61809,34.74251]}},{"type":"Feature","properties":{"name":"北上江釣子IC","ref":"38"},"geometry":{"type":"Point","coordinates":[141.08736,39.29809]}},{"type":"Feature","properties":{"name":"盛岡南IC","ref":"41"},"geometry":{"type":"Point","coordinates":[141.12258,39.6519]}},{"type":"Feature","properties":{"name":"佐用IC","ref":"11"},"geometry":{"type":"Point","coordinates":[134.36986,35.02145]}},{"type":"Feature","properties":{"name":"友部SA（上り）;友部スマートIC","ref":"8-1"},"geometry":{"type":"Point","coordinates":[140.3429,36.31372]}},{"type":"Feature","properties":{"name":"茨城町西IC","ref":"15"},"geometry":{"type":"Point","coordinates":[140.38635,36.30614]}},{"type":"Feature","properties":{"name":"滝沢IC","ref":"43"},"geometry":{"type":"Point","coordinates":[141.11206,39.79778]}},{"type":"Feature","properties":{"name":"門真JCT","ref":"3-1"},"geometry":{"type":"Point","coordinates":[135.58933,34.71552]}},{"type":"Feature","properties":{"name":"綾部PA(下り)","ref":null},"geometry":{"type":"Point","coordinates":[135.30742,35.3626]}},{"type":"Feature","properties":{"name":"山東IC","ref":null},"geometry":{"type":"Point","coordinates":[134.90795,35.30318]}},{"type":"Feature","properties":{"name":"北斗富川IC","ref":"4"},"geometry":{"type":"Point","coordinates":[140.62053,41.80987]}},{"type":"Feature","properties":{"name":"北斗中央IC","ref":"3"},"geometry":{"type":"Point","coordinates":[140.64953,41.83595]}},{"type":"Feature","properties":{"name":"北斗追分IC","ref":"2"},"geometry":{"type":"Point","coordinates":[140.69276,41.83559]}},{"type":"Feature","properties":{"name":"松尾八幡平IC","ref":"45"},"geometry":{"type":"Point","coordinates":[141.03208,39.95015]}},{"type":"Feature","properties":{"name":"三田西IC","ref":"1"},"geometry":{"type":"Point","coordinates":[135.15879,34.93184]}},{"type":"Feature","properties":{"name":"釜石仙人峠IC","ref":"8"},"geometry":{"type":"Point","coordinates":[141.77303,39.25262]}},{"type":"Feature","properties":{"name":"坂出JCT","ref":"2"},"geometry":{"type":"Point","coordinates":[133.85117,34.28261]}},{"type":"Feature","properties":{"name":"王子北","ref":"C34"},"geometry":{"type":"Point","coordinates":[139.74611,35.75736]}},{"type":"Feature","properties":{"name":"桶川北本ＩＣ","ref":"60"},"geometry":{"type":"Point","coordinates":[139.52013,36.00182]}},{"type":"Feature","properties":{"name":"花巻PA (上り);花巻PAスマートIC","ref":null},"geometry":{"type":"Point","coordinates":[141.09294,39.37239]}},{"type":"Feature","properties":{"name":"花巻南IC","ref":"38-1"},"geometry":{"type":"Point","coordinates":[141.09172,39.3865]}},{"type":"Feature","properties":{"name":"紫波IC","ref":"40"},"geometry":{"type":"Point","coordinates":[141.11496,39.55588]}},{"type":"Feature","properties":{"name":"前森山PA (上り)","ref":null},"geometry":{"type":"Point","coordinates":[141.02294,39.97311]}},{"type":"Feature","properties":{"name":"石鎚山SA(上り)","ref":null},"geometry":{"type":"Point","coordinates":[133.10616,33.88569]}},{"type":"Feature","properties":{"name":"入野PA(下り)","ref":null},"geometry":{"type":"Point","coordinates":[133.42803,33.94994]}},{"type":"Feature","properties":{"name":"いよ西条IC","ref":"10"},"geometry":{"type":"Point","coordinates":[133.23811,33.91192]}},{"type":"Feature","properties":{"name":"舞鶴PA(上り)","ref":null},"geometry":{"type":"Point","coordinates":[135.45443,35.45739]}},{"type":"Feature","properties":{"name":"舞鶴東IC","ref":"8"},"geometry":{"type":"Point","coordinates":[135.42287,35.45778]}},{"type":"Feature","properties":{"name":"舞鶴PA(下り)","ref":null},"geometry":{"type":"Point","coordinates":[135.4471,35.45676]}},{"type":"Feature","properties":{"name":"大飯高浜IC","ref":"9"},"geometry":{"type":"Point","coordinates":[135.54932,35.44983]}},{"type":"Feature","properties":{"name":"生口島北IC","ref":"6"},"geometry":{"type":"Point","coordinates":[133.14721,34.30159]}},{"type":"Feature","properties":{"name":"呉羽PA(上り)","ref":null},"geometry":{"type":"Point","coordinates":[137.11257,36.68139]}},{"type":"Feature","properties":{"name":"平井大橋","ref":"C43"},"geometry":{"type":"Point","coordinates":[139.84741,35.71763]}},{"type":"Feature","properties":{"name":"佐野田沼IC","ref":"7"},"geometry":{"type":"Point","coordinates":[139.56924,36.35903]}},{"type":"Feature","properties":{"name":"佐野SA (下り):佐野スマートIC","ref":"7-1"},"geometry":{"type":"Point","coordinates":[139.62114,36.31378]}},{"type":"Feature","properties":{"name":"本別IC","ref":"13"},"geometry":{"type":"Point","coordinates":[143.57719,43.10696]}},{"type":"Feature","properties":{"name":"浦幌IC","ref":"14"},"geometry":{"type":"Point","coordinates":[143.66285,43.12053]}},{"type":"Feature","properties":{"name":"高瀬PA(上り)","ref":null},"geometry":{"type":"Point","coordinates":[133.73427,34.17839]}},{"type":"Feature","properties":{"name":"坂出IC","ref":"5"},"geometry":{"type":"Point","coordinates":[133.84463,34.29667]}},{"type":"Feature","properties":{"name":"つくば中央ＩＣ","ref":"76"},"geometry":{"type":"Point","coordinates":[140.08834,36.05725]}},{"type":"Feature","properties":{"name":"谷田部東PA（下り）","ref":null},"geometry":{"type":"Point","coordinates":[140.13448,36.03696]}},{"type":"Feature","properties":{"name":"善通寺IC","ref":"3"},"geometry":{"type":"Point","coordinates":[133.78537,34.24242]}},{"type":"Feature","properties":{"name":"高松檀紙IC","ref":"17"},"geometry":{"type":"Point","coordinates":[134.00685,34.30644]}},{"type":"Feature","properties":{"name":"府中湖PA(下り)/スマートIC","ref":"1-1"},"geometry":{"type":"Point","coordinates":[133.92589,34.27351]}},{"type":"Feature","properties":{"name":"三豊鳥坂IC","ref":"3-1"},"geometry":{"type":"Point","coordinates":[133.73074,34.20769]}},{"type":"Feature","properties":{"name":"豊浜SA(下り)","ref":null},"geometry":{"type":"Point","coordinates":[133.6377,34.0568]}},{"type":"Feature","properties":{"name":"黒松内IC","ref":null},"geometry":{"type":"Point","coordinates":[140.39444,42.66996]}},{"type":"Feature","properties":{"name":"岩城IC","ref":"15"},"geometry":{"type":"Point","coordinates":[140.07333,39.54661]}},{"type":"Feature","properties":{"name":"橋本東IC","ref":"13"},"geometry":{"type":"Point","coordinates":[135.65289,34.33507]}},{"type":"Feature","properties":{"name":"中町IC","ref":"4"},"geometry":{"type":"Point","coordinates":[135.74482,34.66998]}},{"type":"Feature","properties":{"name":"由良川PA(上り)","ref":null},"geometry":{"type":"Point","coordinates":[135.20896,35.43037]}},{"type":"Feature","properties":{"name":"須恵PA(上り)/スマートIC","ref":"7-1"},"geometry":{"type":"Point","coordinates":[130.50231,33.58508]}},{"type":"Feature","properties":{"name":"沖縄南IC","ref":"4"},"geometry":{"type":"Point","coordinates":[127.79054,26.33632]}},{"type":"Feature","properties":{"name":"園部IC","ref":"7"},"geometry":{"type":"Point","coordinates":[135.47927,35.12217]}},{"type":"Feature","properties":{"name":"千代川IC","ref":"11"},"geometry":{"type":"Point","coordinates":[135.53461,35.05107]}},{"type":"Feature","properties":{"name":"いよ小松IC","ref":"11"},"geometry":{"type":"Point","coordinates":[133.08834,33.88437]}},{"type":"Feature","properties":{"name":"別所岳SA(下り)","ref":null},"geometry":{"type":"Point","coordinates":[136.85699,37.17429]}},{"type":"Feature","properties":{"name":"越の原IC","ref":null},"geometry":{"type":"Point","coordinates":[136.87832,37.21016]}},{"type":"Feature","properties":{"name":"岩手山SA (下り)","ref":null},"geometry":{"type":"Point","coordinates":[141.05155,39.91224]}},{"type":"Feature","properties":{"name":"一関IC","ref":"34"},"geometry":{"type":"Point","coordinates":[141.1017,38.93704]}},{"type":"Feature","properties":{"name":"花巻空港IC","ref":"1"},"geometry":{"type":"Point","coordinates":[141.13823,39.40875]}},{"type":"Feature","properties":{"name":"阿見東IC","ref":"83"},"geometry":{"type":"Point","coordinates":[140.24071,35.98096]}},{"type":"Feature","properties":{"name":"江戸崎ＰＡ（内廻り）","ref":null},"geometry":{"type":"Point","coordinates":[140.27874,35.97]}},{"type":"Feature","properties":{"name":"長泉沼津ＩＣ","ref":"6"},"geometry":{"type":"Point","coordinates":[138.86593,35.15685]}},{"type":"Feature","properties":{"name":"栄PA/SIC","ref":"38-1"},"geometry":{"type":"Point","coordinates":[138.90913,37.60599]}},{"type":"Feature","properties":{"name":"さぬき三木IC","ref":"14"},"geometry":{"type":"Point","coordinates":[134.14768,34.3024]}},{"type":"Feature","properties":{"name":"名取中央スマートIC","ref":"31"},"geometry":{"type":"Point","coordinates":[140.89668,38.15391]}},{"type":"Feature","properties":{"name":"仙台東IC","ref":"34"},"geometry":{"type":"Point","coordinates":[140.95403,38.24602]}},{"type":"Feature","properties":{"name":"富谷JCT","ref":"40/29-1"},"geometry":{"type":"Point","coordinates":[140.89075,38.37349]}},{"type":"Feature","properties":{"name":"土浦北IC","ref":"6"},"geometry":{"type":"Point","coordinates":[140.1848,36.11934]}},{"type":"Feature","properties":{"name":"東海PA（下り）;東海スマートIC","ref":"10-1"},"geometry":{"type":"Point","coordinates":[140.54639,36.48414]}},{"type":"Feature","properties":{"name":"田野PA（上り）","ref":null},"geometry":{"type":"Point","coordinates":[140.40756,36.41062]}},{"type":"Feature","properties":{"name":"桜土浦IC","ref":"5"},"geometry":{"type":"Point","coordinates":[140.15479,36.05653]}},{"type":"Feature","properties":{"name":"利府JCT","ref":"38/2"},"geometry":{"type":"Point","coordinates":[140.97689,38.31305]}},{"type":"Feature","properties":{"name":"松島大郷IC","ref":"6"},"geometry":{"type":"Point","coordinates":[141.04309,38.40058]}},{"type":"Feature","properties":{"name":"松島北IC","ref":"7"},"geometry":{"type":"Point","coordinates":[141.07209,38.40097]}},{"type":"Feature","properties":{"name":"登米東和IC","ref":"16"},"geometry":{"type":"Point","coordinates":[141.30043,38.70547]}},{"type":"Feature","properties":{"name":"えびのJCT","ref":"21"},"geometry":{"type":"Point","coordinates":[130.79901,32.03222]}},{"type":"Feature","properties":{"name":"清武IC","ref":"30"},"geometry":{"type":"Point","coordinates":[131.35901,31.86802]}},{"type":"Feature","properties":{"name":"人吉球磨スマートIC","ref":"19-1"},"geometry":{"type":"Point","coordinates":[130.77383,32.20313]}},{"type":"Feature","properties":{"name":"揖保川PA(上り)","ref":null},"geometry":{"type":"Point","coordinates":[134.48372,35.03322]}},{"type":"Feature","properties":{"name":"つくば牛久IC","ref":"81"},"geometry":{"type":"Point","coordinates":[140.13452,36.0239]}},{"type":"Feature","properties":{"name":"宍粟JCT","ref":"10-1"},"geometry":{"type":"Point","coordinates":[134.51464,35.01328]}},{"type":"Feature","properties":{"name":"小矢部砺波JCT","ref":"19"},"geometry":{"type":"Point","coordinates":[136.90824,36.63015]}},{"type":"Feature","properties":{"name":"鶴巣PA (上り)","ref":null},"geometry":{"type":"Point","coordinates":[140.91583,38.41232]}},{"type":"Feature","properties":{"name":"南郷IC","ref":"5"},"geometry":{"type":"Point","coordinates":[141.44374,40.40739]}},{"type":"Feature","properties":{"name":"南郷IC","ref":"2"},"geometry":{"type":"Point","coordinates":[135.88346,34.92137]}},{"type":"Feature","properties":{"name":"八戸IC","ref":"6"},"geometry":{"type":"Point","coordinates":[141.46443,40.49086]}},{"type":"Feature","properties":{"name":"折爪SA (下り)","ref":null},"geometry":{"type":"Point","coordinates":[141.42165,40.29382]}},{"type":"Feature","properties":{"name":"福地PA (上り)","ref":null},"geometry":{"type":"Point","coordinates":[141.45128,40.44724]}},{"type":"Feature","properties":{"name":"折爪SA (上り)","ref":null},"geometry":{"type":"Point","coordinates":[141.42332,40.30114]}},{"type":"Feature","properties":{"name":"菊川ＩＣ","ref":"14"},"geometry":{"type":"Point","coordinates":[138.08597,34.7504]}},{"type":"Feature","properties":{"name":"赤穂IC","ref":"10"},"geometry":{"type":"Point","coordinates":[134.37437,34.77415]}},{"type":"Feature","properties":{"name":"平塚IC・PA","ref":"6"},"geometry":{"type":"Point","coordinates":[139.30869,35.36596]}},{"type":"Feature","properties":{"name":"水上IC","ref":"15"},"geometry":{"type":"Point","coordinates":[138.97547,36.74629]}},{"type":"Feature","properties":{"name":"基山PA(上り)","ref":null},"geometry":{"type":"Point","coordinates":[130.53279,33.43832]}},{"type":"Feature","properties":{"name":"伊野IC","ref":"12"},"geometry":{"type":"Point","coordinates":[133.46901,33.55881]}},{"type":"Feature","properties":{"name":"新居浜IC","ref":"9"},"geometry":{"type":"Point","coordinates":[133.3273,33.92658]}},{"type":"Feature","properties":{"name":"伊予IC","ref":"14"},"geometry":{"type":"Point","coordinates":[132.70123,33.73619]}},{"type":"Feature","properties":{"name":"千代田PA（下り）","ref":null},"geometry":{"type":"Point","coordinates":[140.20949,36.14458]}},{"type":"Feature","properties":{"name":"京都南IC第一","ref":"33-1"},"geometry":{"type":"Point","coordinates":[135.7425,34.95285]}},{"type":"Feature","properties":{"name":"京都南IC第二","ref":"33-2"},"geometry":{"type":"Point","coordinates":[135.74714,34.95458]}},{"type":"Feature","properties":{"name":"羽生PA (下り)","ref":null},"geometry":{"type":"Point","coordinates":[139.58699,36.1778]}},{"type":"Feature","properties":{"name":"三木SA(上り)","ref":null},"geometry":{"type":"Point","coordinates":[134.97566,34.81638]}},{"type":"Feature","properties":{"name":"豊田上郷SA/スマートIC(下り)","ref":"19-3"},"geometry":{"type":"Point","coordinates":[137.13967,35.02935]}},{"type":"Feature","properties":{"name":"大村IC","ref":"9"},"geometry":{"type":"Point","coordinates":[129.97019,32.93243]}},{"type":"Feature","properties":{"name":"大村湾PA(上り)","ref":null},"geometry":{"type":"Point","coordinates":[129.94991,33.01467]}},{"type":"Feature","properties":{"name":"小城PA/スマートIC（上り）","ref":"3-1"},"geometry":{"type":"Point","coordinates":[130.2066,33.31088]}},{"type":"Feature","properties":{"name":"鳥栖IC","ref":"1"},"geometry":{"type":"Point","coordinates":[130.51596,33.39723]}},{"type":"Feature","properties":{"name":"福重JCT","ref":null},"geometry":{"type":"Point","coordinates":[130.31256,33.56855]}},{"type":"Feature","properties":{"name":"今宿IC","ref":null},"geometry":{"type":"Point","coordinates":[130.28348,33.57316]}},{"type":"Feature","properties":{"name":"周船寺IC","ref":null},"geometry":{"type":"Point","coordinates":[130.24914,33.56992]}},{"type":"Feature","properties":{"name":"浜玉IC","ref":"23"},"geometry":{"type":"Point","coordinates":[130.05018,33.44431]}},{"type":"Feature","properties":{"name":"川登SA(上り)","ref":null},"geometry":{"type":"Point","coordinates":[130.014,33.16004]}},{"type":"Feature","properties":{"name":"武雄北方IC","ref":"5"},"geometry":{"type":"Point","coordinates":[130.05026,33.21939]}},{"type":"Feature","properties":{"name":"大月ＪＣＴ","ref":"11"},"geometry":{"type":"Point","coordinates":[138.9177,35.59916]}},{"type":"Feature","properties":{"name":"谷村ＰＡ（下り）","ref":null},"geometry":{"type":"Point","coordinates":[138.89768,35.54843]}},{"type":"Feature","properties":{"name":"河口湖ＩＣ","ref":"2"},"geometry":{"type":"Point","coordinates":[138.77758,35.48971]}},{"type":"Feature","properties":{"name":"双葉JCT","ref":"15-2"},"geometry":{"type":"Point","coordinates":[138.49547,35.6894]}},{"type":"Feature","properties":{"name":"南アルプスＩＣ","ref":"6"},"geometry":{"type":"Point","coordinates":[138.47987,35.61572]}},{"type":"Feature","properties":{"name":"東脊振IC","ref":"2"},"geometry":{"type":"Point","coordinates":[130.39524,33.35388]}},{"type":"Feature","properties":{"name":"山浦PA(上り)","ref":null},"geometry":{"type":"Point","coordinates":[130.48072,33.38372]}},{"type":"Feature","properties":{"name":"宮古南IC","ref":"48"},"geometry":{"type":"Point","coordinates":[141.93862,39.59629]}},{"type":"Feature","properties":{"name":"宮古中央JCT","ref":"49"},"geometry":{"type":"Point","coordinates":[141.92889,39.62265]}},{"type":"Feature","properties":{"name":"福崎南ランプ","ref":"7"},"geometry":{"type":"Point","coordinates":[134.76116,34.94216]}},{"type":"Feature","properties":{"name":"境川PA（上り）","ref":null},"geometry":{"type":"Point","coordinates":[138.60301,35.60035]}},{"type":"Feature","properties":{"name":"船津ランプ","ref":"6"},"geometry":{"type":"Point","coordinates":[134.7547,34.91213]}},{"type":"Feature","properties":{"name":"豊富PA(上り)","ref":null},"geometry":{"type":"Point","coordinates":[134.74095,34.86376]}},{"type":"Feature","properties":{"name":"国府津IC","ref":"3"},"geometry":{"type":"Point","coordinates":[139.20632,35.2767]}},{"type":"Feature","properties":{"name":"茅ヶ崎海岸IC","ref":"3"},"geometry":{"type":"Point","coordinates":[139.37726,35.3259]}},{"type":"Feature","properties":{"name":"大磯西IC","ref":null},"geometry":{"type":"Point","coordinates":[139.28696,35.30117]}},{"type":"Feature","properties":{"name":"橘IC","ref":"2"},"geometry":{"type":"Point","coordinates":[139.23414,35.28727]}},{"type":"Feature","properties":{"name":"西湘二宮IC","ref":"1"},"geometry":{"type":"Point","coordinates":[139.26158,35.29619]}},{"type":"Feature","properties":{"name":"三島川之江IC","ref":"7"},"geometry":{"type":"Point","coordinates":[133.57606,33.97862]}},{"type":"Feature","properties":{"name":"一本松IC","ref":"25"},"geometry":{"type":"Point","coordinates":[135.93819,34.61212]}},{"type":"Feature","properties":{"name":"水戸南IC","ref":"17"},"geometry":{"type":"Point","coordinates":[140.48774,36.32922]}},{"type":"Feature","properties":{"name":"宮崎西IC","ref":"29"},"geometry":{"type":"Point","coordinates":[131.35778,31.93543]}},{"type":"Feature","properties":{"name":"宮崎PA(下り)","ref":null},"geometry":{"type":"Point","coordinates":[131.36721,31.91531]}},{"type":"Feature","properties":{"name":"えびのIC","ref":"20"},"geometry":{"type":"Point","coordinates":[130.80125,32.04951]}},{"type":"Feature","properties":{"name":"坂本PA(下り)","ref":null},"geometry":{"type":"Point","coordinates":[130.66741,32.44305]}},{"type":"Feature","properties":{"name":"坂本PA(上り)","ref":null},"geometry":{"type":"Point","coordinates":[130.67033,32.4412]}},{"type":"Feature","properties":{"name":"山江SA(上り)","ref":null},"geometry":{"type":"Point","coordinates":[130.76766,32.25732]}},{"type":"Feature","properties":{"name":"えびのPA(下り)","ref":null},"geometry":{"type":"Point","coordinates":[130.79413,32.07138]}},{"type":"Feature","properties":{"name":"えびのPA(上り)","ref":null},"geometry":{"type":"Point","coordinates":[130.79884,32.06761]}},{"type":"Feature","properties":{"name":"宮原SA(上り)","ref":null},"geometry":{"type":"Point","coordinates":[130.67887,32.54126]}},{"type":"Feature","properties":{"name":"八代IC","ref":"18"},"geometry":{"type":"Point","coordinates":[130.64839,32.51364]}},{"type":"Feature","properties":{"name":"嘉島JCT","ref":"15-2"},"geometry":{"type":"Point","coordinates":[130.78974,32.75459]}},{"type":"Feature","properties":{"name":"益城熊本空港IC","ref":"15-1"},"geometry":{"type":"Point","coordinates":[130.79031,32.79101]}},{"type":"Feature","properties":{"name":"松橋IC","ref":"17"},"geometry":{"type":"Point","coordinates":[130.70841,32.64799]}},{"type":"Feature","properties":{"name":"広川IC/SA(上り)","ref":"10-1"},"geometry":{"type":"Point","coordinates":[130.53458,33.2489]}},{"type":"Feature","properties":{"name":"内子五十崎IC","ref":"15"},"geometry":{"type":"Point","coordinates":[132.65264,33.54404]}},{"type":"Feature","properties":{"name":"大洲冨士IC","ref":"18"},"geometry":{"type":"Point","coordinates":[132.57448,33.50772]}},{"type":"Feature","properties":{"name":"大磯東","ref":null},"geometry":{"type":"Point","coordinates":[139.30757,35.30595]}},{"type":"Feature","properties":{"name":"篠IC","ref":"14"},"geometry":{"type":"Point","coordinates":[135.60814,34.99003]}},{"type":"Feature","properties":{"name":"亀岡IC","ref":"13"},"geometry":{"type":"Point","coordinates":[135.55993,35.01087]}},{"type":"Feature","properties":{"name":"大井IC","ref":"12"},"geometry":{"type":"Point","coordinates":[135.54474,35.03169]}},{"type":"Feature","properties":{"name":"八木東IC","ref":"10"},"geometry":{"type":"Point","coordinates":[135.51939,35.07083]}},{"type":"Feature","properties":{"name":"八木中IC","ref":"9"},"geometry":{"type":"Point","coordinates":[135.5067,35.08484]}},{"type":"Feature","properties":{"name":"厚木PA/スマートIC（外回り）","ref":"32-1"},"geometry":{"type":"Point","coordinates":[139.3703,35.48689]}},{"type":"Feature","properties":{"name":"五月橋IC","ref":"20"},"geometry":{"type":"Point","coordinates":[136.06057,34.69615]}},{"type":"Feature","properties":{"name":"大内IC","ref":"17"},"geometry":{"type":"Point","coordinates":[136.11125,34.73931]}},{"type":"Feature","properties":{"name":"上野IC","ref":"16"},"geometry":{"type":"Point","coordinates":[136.12252,34.7482]}},{"type":"Feature","properties":{"name":"関JCT","ref":"34"},"geometry":{"type":"Point","coordinates":[136.40944,34.84531]}},{"type":"Feature","properties":{"name":"板屋IC","ref":"5"},"geometry":{"type":"Point","coordinates":[136.32131,34.83959]}},{"type":"Feature","properties":{"name":"四万十IC","ref":"26"},"geometry":{"type":"Point","coordinates":[132.94035,32.97936]}},{"type":"Feature","properties":{"name":"土居IC","ref":"8"},"geometry":{"type":"Point","coordinates":[133.46494,33.95561]}},{"type":"Feature","properties":{"name":"入野PA(上り)","ref":null},"geometry":{"type":"Point","coordinates":[133.41927,33.94787]}},{"type":"Feature","properties":{"name":"名田島IC","ref":null},"geometry":{"type":"Point","coordinates":[131.41469,34.08709]}},{"type":"Feature","properties":{"name":"小郡IC","ref":null},"geometry":{"type":"Point","coordinates":[131.3974,34.08355]}},{"type":"Feature","properties":{"name":"岡屋IC","ref":null},"geometry":{"type":"Point","coordinates":[131.36796,34.05845]}},{"type":"Feature","properties":{"name":"久城IC","ref":null},"geometry":{"type":"Point","coordinates":[131.85326,34.69971]}},{"type":"Feature","properties":{"name":"遠田IC","ref":null},"geometry":{"type":"Point","coordinates":[131.863,34.70996]}},{"type":"Feature","properties":{"name":"浜田東IC","ref":null},"geometry":{"type":"Point","coordinates":[132.14543,34.92781]}},{"type":"Feature","properties":{"name":"浜田IC","ref":"4"},"geometry":{"type":"Point","coordinates":[132.1067,34.90909]}},{"type":"Feature","properties":{"name":"道の駅ゆうひパーク浜田","ref":null},"geometry":{"type":"Point","coordinates":[132.07399,34.88961]}},{"type":"Feature","properties":{"name":"竹迫IC","ref":null},"geometry":{"type":"Point","coordinates":[132.08377,34.89228]}},{"type":"Feature","properties":{"name":"江津西IC","ref":null},"geometry":{"type":"Point","coordinates":[132.17846,34.97053]}},{"type":"Feature","properties":{"name":"江津IC","ref":null},"geometry":{"type":"Point","coordinates":[132.21167,35.00136]}},{"type":"Feature","properties":{"name":"郡山IC","ref":"5"},"geometry":{"type":"Point","coordinates":[135.80334,34.61416]}},{"type":"Feature","properties":{"name":"郡山IC","ref":"18"},"geometry":{"type":"Point","coordinates":[140.34439,37.43475]}},{"type":"Feature","properties":{"name":"小樽IC","ref":"11"},"geometry":{"type":"Point","coordinates":[141.02074,43.18083]}},{"type":"Feature","properties":{"name":"大朝IC","ref":"1"},"geometry":{"type":"Point","coordinates":[132.48624,34.76057]}},{"type":"Feature","properties":{"name":"瑞穂IC","ref":"2"},"geometry":{"type":"Point","coordinates":[132.40037,34.82762]}},{"type":"Feature","properties":{"name":"金城PA/スマートIC(上り)","ref":"3-1"},"geometry":{"type":"Point","coordinates":[132.18959,34.88396]}},{"type":"Feature","properties":{"name":"本村PA(下り)","ref":null},"geometry":{"type":"Point","coordinates":[133.10609,34.86504]}},{"type":"Feature","properties":{"name":"帝釈峡PA(下り)","ref":null},"geometry":{"type":"Point","coordinates":[133.25842,34.89259]}},{"type":"Feature","properties":{"name":"東城IC","ref":"20"},"geometry":{"type":"Point","coordinates":[133.27929,34.88851]}},{"type":"Feature","properties":{"name":"神郷PA(下り)","ref":null},"geometry":{"type":"Point","coordinates":[133.39656,34.99726]}},{"type":"Feature","properties":{"name":"総社PA(上り)","ref":null},"geometry":{"type":"Point","coordinates":[133.75376,34.69884]}},{"type":"Feature","properties":{"name":"加西SA(上り)","ref":null},"geometry":{"type":"Point","coordinates":[134.79676,34.94802]}},{"type":"Feature","properties":{"name":"福崎IC","ref":"9"},"geometry":{"type":"Point","coordinates":[134.76303,34.94701]}},{"type":"Feature","properties":{"name":"滝野社IC","ref":"8"},"geometry":{"type":"Point","coordinates":[134.96392,34.93082]}},{"type":"Feature","properties":{"name":"ひょうご東条IC","ref":"7-1"},"geometry":{"type":"Point","coordinates":[135.07968,34.89553]}},{"type":"Feature","properties":{"name":"吉川IC","ref":"7"},"geometry":{"type":"Point","coordinates":[135.11711,34.8896]}},{"type":"Feature","properties":{"name":"芦北IC","ref":"4"},"geometry":{"type":"Point","coordinates":[130.50905,32.29799]}},{"type":"Feature","properties":{"name":"八代JCT","ref":"18-1"},"geometry":{"type":"Point","coordinates":[130.64548,32.5033]}},{"type":"Feature","properties":{"name":"宮原SA(下り)","ref":null},"geometry":{"type":"Point","coordinates":[130.68413,32.54539]}},{"type":"Feature","properties":{"name":"溝口IC","ref":"5"},"geometry":{"type":"Point","coordinates":[133.45183,35.36195]}},{"type":"Feature","properties":{"name":"大山PA(上り)/大山高原スマートIC","ref":null},"geometry":{"type":"Point","coordinates":[133.41961,35.38877]}},{"type":"Feature","properties":{"name":"蒜山高原SA(下り)","ref":null},"geometry":{"type":"Point","coordinates":[133.63385,35.2698]}},{"type":"Feature","properties":{"name":"綾部PA(上り)","ref":null},"geometry":{"type":"Point","coordinates":[135.31069,35.36678]}},{"type":"Feature","properties":{"name":"舞鶴西IC","ref":"7"},"geometry":{"type":"Point","coordinates":[135.33757,35.40296]}},{"type":"Feature","properties":{"name":"横田IC","ref":null},"geometry":{"type":"Point","coordinates":[136.83294,37.13633]}},{"type":"Feature","properties":{"name":"名谷IC/PA","ref":"2"},"geometry":{"type":"Point","coordinates":[135.07113,34.64772]}},{"type":"Feature","properties":{"name":"鮎沢ＰＡ(上り)","ref":null},"geometry":{"type":"Point","coordinates":[139.01192,35.35324]}},{"type":"Feature","properties":{"name":"壬生野IC","ref":"11"},"geometry":{"type":"Point","coordinates":[136.19087,34.80489]}},{"type":"Feature","properties":{"name":"東新町出口","ref":"C01"},"geometry":{"type":"Point","coordinates":[136.91413,35.17673]}},{"type":"Feature","properties":{"name":"仙台若林JCT","ref":"33/5"},"geometry":{"type":"Point","coordinates":[140.94395,38.20817]}},{"type":"Feature","properties":{"name":"松島海岸IC","ref":"5"},"geometry":{"type":"Point","coordinates":[141.03036,38.36447]}},{"type":"Feature","properties":{"name":"矢田IC","ref":"23"},"geometry":{"type":"Point","coordinates":[133.10112,35.44432]}},{"type":"Feature","properties":{"name":"松江西IC","ref":"26"},"geometry":{"type":"Point","coordinates":[133.04787,35.43624]}},{"type":"Feature","properties":{"name":"東浜IC","ref":null},"geometry":{"type":"Point","coordinates":[134.36488,35.59646]}},{"type":"Feature","properties":{"name":"溝辺鹿児島空港IC","ref":"24"},"geometry":{"type":"Point","coordinates":[130.71729,31.78872]}},{"type":"Feature","properties":{"name":"桜島SA(下り)/スマートIC","ref":"25-2"},"geometry":{"type":"Point","coordinates":[130.61936,31.72859]}},{"type":"Feature","properties":{"name":"姶良IC","ref":"26"},"geometry":{"type":"Point","coordinates":[130.58883,31.72856]}},{"type":"Feature","properties":{"name":"和田山JCT","ref":"17"},"geometry":{"type":"Point","coordinates":[134.84691,35.31428]}},{"type":"Feature","properties":{"name":"玉川IC","ref":"3"},"geometry":{"type":"Point","coordinates":[140.4047,37.20459]}},{"type":"Feature","properties":{"name":"矢吹中央IC","ref":"2"},"geometry":{"type":"Point","coordinates":[140.33787,37.19254]}},{"type":"Feature","properties":{"name":"平田IC","ref":null},"geometry":{"type":"Point","coordinates":[140.55982,37.24763]}},{"type":"Feature","properties":{"name":"平田IC","ref":"16"},"geometry":{"type":"Point","coordinates":[136.86611,35.22256]}},{"type":"Feature","properties":{"name":"平田IC","ref":"28"},"geometry":{"type":"Point","coordinates":[132.81352,32.95734]}},{"type":"Feature","properties":{"name":"鋸南富山IC","ref":"23"},"geometry":{"type":"Point","coordinates":[139.85102,35.11419]}},{"type":"Feature","properties":{"name":"新潟亀田IC","ref":"1"},"geometry":{"type":"Point","coordinates":[139.07594,37.87886]}},{"type":"Feature","properties":{"name":"陶IC","ref":null},"geometry":{"type":"Point","coordinates":[131.42426,34.09006]}},{"type":"Feature","properties":{"name":"武雄JCT","ref":"6"},"geometry":{"type":"Point","coordinates":[129.99709,33.14703]}},{"type":"Feature","properties":{"name":"せと品野IC","ref":"6"},"geometry":{"type":"Point","coordinates":[137.13999,35.24697]}},{"type":"Feature","properties":{"name":"せと赤津IC/PA(外回り)","ref":"5"},"geometry":{"type":"Point","coordinates":[137.13736,35.22613]}},{"type":"Feature","properties":{"name":"神野口IC","ref":"22"},"geometry":{"type":"Point","coordinates":[136.01797,34.65013]}},{"type":"Feature","properties":{"name":"初台南","ref":"C23"},"geometry":{"type":"Point","coordinates":[139.68759,35.67291]}},{"type":"Feature","properties":{"name":"守山PA/スマートIC(上り)","ref":"21-1"},"geometry":{"type":"Point","coordinates":[137.01216,35.24443]}},{"type":"Feature","properties":{"name":"黒部IC","ref":"26"},"geometry":{"type":"Point","coordinates":[137.48649,36.88153]}},{"type":"Feature","properties":{"name":"辰野ＰＡ（下り）","ref":null},"geometry":{"type":"Point","coordinates":[138.00545,35.97784]}},{"type":"Feature","properties":{"name":"伊北IC","ref":"22"},"geometry":{"type":"Point","coordinates":[137.98277,35.94324]}},{"type":"Feature","properties":{"name":"伊那ＩＣ","ref":"23"},"geometry":{"type":"Point","coordinates":[137.94296,35.86546]}},{"type":"Feature","properties":{"name":"大高IC","ref":null},"geometry":{"type":"Point","coordinates":[136.93159,35.05349]}},{"type":"Feature","properties":{"name":"本荘IC","ref":"14"},"geometry":{"type":"Point","coordinates":[140.07411,39.36442]}},{"type":"Feature","properties":{"name":"蒜山IC","ref":"3"},"geometry":{"type":"Point","coordinates":[133.61807,35.27175]}},{"type":"Feature","properties":{"name":"佐世保大塔IC","ref":"4"},"geometry":{"type":"Point","coordinates":[129.77883,33.1494]}},{"type":"Feature","properties":{"name":"今村PA(上り)","ref":null},"geometry":{"type":"Point","coordinates":[130.00412,32.85909]}},{"type":"Feature","properties":{"name":"木場PA(下り)/スマートIC","ref":"9-1"},"geometry":{"type":"Point","coordinates":[129.9792,32.90571]}},{"type":"Feature","properties":{"name":"加治木JCT","ref":"25-1"},"geometry":{"type":"Point","coordinates":[130.66673,31.7476]}},{"type":"Feature","properties":{"name":"上市スマートIC","ref":"23-1"},"geometry":{"type":"Point","coordinates":[137.34689,36.71872]}},{"type":"Feature","properties":{"name":"赤城高原ＳＡ（上り）","ref":null},"geometry":{"type":"Point","coordinates":[139.06274,36.60329]}},{"type":"Feature","properties":{"name":"水沢IC","ref":"36"},"geometry":{"type":"Point","coordinates":[141.11785,39.17075]}},{"type":"Feature","properties":{"name":"大蔵谷IC","ref":"4"},"geometry":{"type":"Point","coordinates":[135.02855,34.66078]}},{"type":"Feature","properties":{"name":"高丸IC","ref":"3"},"geometry":{"type":"Point","coordinates":[135.05362,34.64758]}},{"type":"Feature","properties":{"name":"粒江PA(上り)","ref":null},"geometry":{"type":"Point","coordinates":[133.79943,34.54241]}},{"type":"Feature","properties":{"name":"摂津北IC","ref":"1"},"geometry":{"type":"Point","coordinates":[135.56161,34.78199]}},{"type":"Feature","properties":{"name":"佐世保三川内IC","ref":"3"},"geometry":{"type":"Point","coordinates":[129.8481,33.16955]}},{"type":"Feature","properties":{"name":"波佐見有田IC","ref":"2"},"geometry":{"type":"Point","coordinates":[129.89251,33.15596]}},{"type":"Feature","properties":{"name":"武雄南IC","ref":"1"},"geometry":{"type":"Point","coordinates":[129.98631,33.14761]}},{"type":"Feature","properties":{"name":"東部湯の丸IC;東部湯の丸SA（上り）","ref":"9"},"geometry":{"type":"Point","coordinates":[138.34452,36.37647]}},{"type":"Feature","properties":{"name":"大洲南IC","ref":"20"},"geometry":{"type":"Point","coordinates":[132.5493,33.49706]}},{"type":"Feature","properties":{"name":"内子PA(下り)","ref":null},"geometry":{"type":"Point","coordinates":[132.66778,33.56942]}},{"type":"Feature","properties":{"name":"福石PA(上り)","ref":null},"geometry":{"type":"Point","coordinates":[134.29714,34.78124]}},{"type":"Feature","properties":{"name":"五所川原東IC","ref":null},"geometry":{"type":"Point","coordinates":[140.50098,40.77732]}},{"type":"Feature","properties":{"name":"五所川原北IC","ref":null},"geometry":{"type":"Point","coordinates":[140.44926,40.8258]}},{"type":"Feature","properties":{"name":"浪岡IC","ref":"53"},"geometry":{"type":"Point","coordinates":[140.60365,40.73947]}},{"type":"Feature","properties":{"name":"上河内SA (下り);上河内スマートIC","ref":"10-1"},"geometry":{"type":"Point","coordinates":[139.88813,36.68566]}},{"type":"Feature","properties":{"name":"鹿野SA(上り)","ref":null},"geometry":{"type":"Point","coordinates":[131.79151,34.21884]}},{"type":"Feature","properties":{"name":"尾道IC","ref":"23"},"geometry":{"type":"Point","coordinates":[133.17833,34.4625]}},{"type":"Feature","properties":{"name":"吉和SA(上り)","ref":null},"geometry":{"type":"Point","coordinates":[132.12687,34.47573]}},{"type":"Feature","properties":{"name":"白鳥大内IC","ref":"10"},"geometry":{"type":"Point","coordinates":[134.33436,34.23371]}},{"type":"Feature","properties":{"name":"福光IC","ref":"16"},"geometry":{"type":"Point","coordinates":[136.88848,36.53316]}},{"type":"Feature","properties":{"name":"高瀬PA(下り)","ref":null},"geometry":{"type":"Point","coordinates":[133.7343,34.18423]}},{"type":"Feature","properties":{"name":"岩国IC","ref":"34"},"geometry":{"type":"Point","coordinates":[132.16696,34.17704]}},{"type":"Feature","properties":{"name":"大野IC","ref":"32-2"},"geometry":{"type":"Point","coordinates":[132.27328,34.2999]}},{"type":"Feature","properties":{"name":"大野IC","ref":null},"geometry":{"type":"Point","coordinates":[136.50218,36.00106]}},{"type":"Feature","properties":{"name":"高松東IC","ref":"15"},"geometry":{"type":"Point","coordinates":[134.11356,34.29829]}},{"type":"Feature","properties":{"name":"茨木IC","ref":"34"},"geometry":{"type":"Point","coordinates":[135.55889,34.82987]}},{"type":"Feature","properties":{"name":"柏原IC","ref":"2"},"geometry":{"type":"Point","coordinates":[135.64404,34.5561]}},{"type":"Feature","properties":{"name":"奥屋PA(下り)","ref":null},"geometry":{"type":"Point","coordinates":[132.62595,34.45608]}},{"type":"Feature","properties":{"name":"恵那峡ＳＡ（下り）","ref":null},"geometry":{"type":"Point","coordinates":[137.44186,35.45573]}},{"type":"Feature","properties":{"name":"紫波SA (上り)","ref":null},"geometry":{"type":"Point","coordinates":[141.10347,39.51893]}},{"type":"Feature","properties":{"name":"紫波SA (下り)","ref":null},"geometry":{"type":"Point","coordinates":[141.1017,39.51103]}},{"type":"Feature","properties":{"name":"門司IC","ref":"1"},"geometry":{"type":"Point","coordinates":[130.98196,33.92354]}},{"type":"Feature","properties":{"name":"小倉東IC","ref":"2"},"geometry":{"type":"Point","coordinates":[130.91115,33.83291]}},{"type":"Feature","properties":{"name":"吉志PA(下り)","ref":null},"geometry":{"type":"Point","coordinates":[130.9676,33.87453]}},{"type":"Feature","properties":{"name":"日南北郷IC","ref":"31"},"geometry":{"type":"Point","coordinates":[131.37983,31.68714]}},{"type":"Feature","properties":{"name":"高舘PA (上り)","ref":null},"geometry":{"type":"Point","coordinates":[140.62421,40.686]}},{"type":"Feature","properties":{"name":"黒石IC","ref":"52"},"geometry":{"type":"Point","coordinates":[140.61527,40.62102]}},{"type":"Feature","properties":{"name":"池田PA(下り)","ref":null},"geometry":{"type":"Point","coordinates":[133.7099,34.00582]}},{"type":"Feature","properties":{"name":"池田PA(上り)","ref":null},"geometry":{"type":"Point","coordinates":[133.7032,34.00607]}},{"type":"Feature","properties":{"name":"坂戸ＩＣ","ref":"51"},"geometry":{"type":"Point","coordinates":[139.4436,35.96722]}},{"type":"Feature","properties":{"name":"諏訪南IC","ref":"19"},"geometry":{"type":"Point","coordinates":[138.21105,35.93726]}},{"type":"Feature","properties":{"name":"徳次郎IC","ref":"1"},"geometry":{"type":"Point","coordinates":[139.83695,36.65135]}},{"type":"Feature","properties":{"name":"日光口ＰＡ（上り）","ref":null},"geometry":{"type":"Point","coordinates":[139.64849,36.7317]}},{"type":"Feature","properties":{"name":"谷田部東PA（上り）","ref":null},"geometry":{"type":"Point","coordinates":[140.14097,36.04101]}},{"type":"Feature","properties":{"name":"幕張IC","ref":"6"},"geometry":{"type":"Point","coordinates":[140.03435,35.66956]}},{"type":"Feature","properties":{"name":"芝崎IC","ref":null},"geometry":{"type":"Point","coordinates":[134.02614,33.43187]}},{"type":"Feature","properties":{"name":"相模原愛川ＩＣ","ref":"33"},"geometry":{"type":"Point","coordinates":[139.35416,35.5227]}},{"type":"Feature","properties":{"name":"大鰐弘前IC","ref":"51"},"geometry":{"type":"Point","coordinates":[140.55803,40.54691]}},{"type":"Feature","properties":{"name":"津軽SA (上り)","ref":null},"geometry":{"type":"Point","coordinates":[140.5844,40.56857]}},{"type":"Feature","properties":{"name":"恵那IC","ref":"28"},"geometry":{"type":"Point","coordinates":[137.39507,35.45361]}},{"type":"Feature","properties":{"name":"高知中央IC","ref":"1"},"geometry":{"type":"Point","coordinates":[133.5746,33.56729]}},{"type":"Feature","properties":{"name":"なんこく南IC","ref":"3"},"geometry":{"type":"Point","coordinates":[133.62766,33.55841]}},{"type":"Feature","properties":{"name":"嵐山PA (下り)","ref":null},"geometry":{"type":"Point","coordinates":[139.29496,36.08413]}},{"type":"Feature","properties":{"name":"前橋IC","ref":"11"},"geometry":{"type":"Point","coordinates":[139.02821,36.37454]}},{"type":"Feature","properties":{"name":"沼田ＩＣ","ref":"13"},"geometry":{"type":"Point","coordinates":[139.06992,36.65757]}},{"type":"Feature","properties":{"name":"月夜野IC","ref":"14"},"geometry":{"type":"Point","coordinates":[139.02061,36.6763]}},{"type":"Feature","properties":{"name":"信濃町ＩＣ","ref":"17"},"geometry":{"type":"Point","coordinates":[138.19176,36.82179]}},{"type":"Feature","properties":{"name":"黒姫野尻湖ＰＡ（下り）","ref":null},"geometry":{"type":"Point","coordinates":[138.22128,36.80799]}},{"type":"Feature","properties":{"name":"函館JCT/IC","ref":"1"},"geometry":{"type":"Point","coordinates":[140.73533,41.84643]}},{"type":"Feature","properties":{"name":"松代ＰＡ（下り）","ref":null},"geometry":{"type":"Point","coordinates":[138.17907,36.5639]}},{"type":"Feature","properties":{"name":"甘楽PA（上り）","ref":null},"geometry":{"type":"Point","coordinates":[138.94172,36.24121]}},{"type":"Feature","properties":{"name":"阿闍羅PA (上り)","ref":null},"geometry":{"type":"Point","coordinates":[140.61575,40.50976]}},{"type":"Feature","properties":{"name":"阿闍羅PA (下り)","ref":null},"geometry":{"type":"Point","coordinates":[140.61758,40.50676]}},{"type":"Feature","properties":{"name":"伊川谷 JCT","ref":"5"},"geometry":{"type":"Point","coordinates":[135.00658,34.67943]}},{"type":"Feature","properties":{"name":"学園南IC","ref":null},"geometry":{"type":"Point","coordinates":[135.05236,34.6718]}},{"type":"Feature","properties":{"name":"清水いはらＩＣ","ref":"9-1"},"geometry":{"type":"Point","coordinates":[138.47713,35.06869]}},{"type":"Feature","properties":{"name":"新清水ＪＣＴ","ref":"9"},"geometry":{"type":"Point","coordinates":[138.46788,35.08022]}},{"type":"Feature","properties":{"name":"新静岡ＩＣ","ref":"10"},"geometry":{"type":"Point","coordinates":[138.37953,35.04093]}},{"type":"Feature","properties":{"name":"七塚原SA(下り)","ref":null},"geometry":{"type":"Point","coordinates":[132.96223,34.82941]}},{"type":"Feature","properties":{"name":"戸河内IC","ref":"27"},"geometry":{"type":"Point","coordinates":[132.27558,34.57638]}},{"type":"Feature","properties":{"name":"沼田PA/スマートIC(上り)","ref":"29-1"},"geometry":{"type":"Point","coordinates":[132.42021,34.4607]}},{"type":"Feature","properties":{"name":"沼田PA/スマートIC(下り)","ref":"29-1"},"geometry":{"type":"Point","coordinates":[132.42516,34.46583]}},{"type":"Feature","properties":{"name":"宮島SA/スマートIC(下り)","ref":"31-1"},"geometry":{"type":"Point","coordinates":[132.32457,34.37105]}},{"type":"Feature","properties":{"name":"遠阪ランプ","ref":null},"geometry":{"type":"Point","coordinates":[134.96385,35.29164]}},{"type":"Feature","properties":{"name":"和田山IC","ref":"17"},"geometry":{"type":"Point","coordinates":[134.83964,35.31218]}},{"type":"Feature","properties":{"name":"朝来SA(下り)","ref":null},"geometry":{"type":"Point","coordinates":[134.79431,35.21017]}},{"type":"Feature","properties":{"name":"生野北第一ランプ","ref":"14"},"geometry":{"type":"Point","coordinates":[134.79254,35.18258]}},{"type":"Feature","properties":{"name":"生野北第二ランプ","ref":"15"},"geometry":{"type":"Point","coordinates":[134.79272,35.18146]}},{"type":"Feature","properties":{"name":"市川SA(上り)","ref":null},"geometry":{"type":"Point","coordinates":[134.76678,35.02683]}},{"type":"Feature","properties":{"name":"神崎北ランプ","ref":"12"},"geometry":{"type":"Point","coordinates":[134.78395,35.11449]}},{"type":"Feature","properties":{"name":"市川南ランプ","ref":"9"},"geometry":{"type":"Point","coordinates":[134.76961,34.98439]}},{"type":"Feature","properties":{"name":"高針JCT","ref":"4"},"geometry":{"type":"Point","coordinates":[137.00126,35.14891]}},{"type":"Feature","properties":{"name":"引山IC","ref":"7"},"geometry":{"type":"Point","coordinates":[137.00115,35.18676]}},{"type":"Feature","properties":{"name":"名古屋南","ref":"5"},"geometry":{"type":"Point","coordinates":[136.94934,35.05114]}},{"type":"Feature","properties":{"name":"鳴海IC","ref":"2"},"geometry":{"type":"Point","coordinates":[136.99064,35.09775]}},{"type":"Feature","properties":{"name":"植田IC","ref":"3"},"geometry":{"type":"Point","coordinates":[136.99987,35.13615]}},{"type":"Feature","properties":{"name":"有松IC","ref":"1"},"geometry":{"type":"Point","coordinates":[136.96555,35.06785]}},{"type":"Feature","properties":{"name":"錦橋出口","ref":"C05"},"geometry":{"type":"Point","coordinates":[136.88978,35.16766]}},{"type":"Feature","properties":{"name":"小黒川ＰＡ（下り）、スマートＩＣ","ref":"23-1"},"geometry":{"type":"Point","coordinates":[137.93502,35.84426]}},{"type":"Feature","properties":{"name":"駒ケ岳ＳＡ（下り）、スマートIC","ref":"24-1"},"geometry":{"type":"Point","coordinates":[137.90694,35.71579]}},{"type":"Feature","properties":{"name":"守谷SA（上り）","ref":null},"geometry":{"type":"Point","coordinates":[139.97049,35.94332]}},{"type":"Feature","properties":{"name":"宇都宮上三川IC","ref":"10"},"geometry":{"type":"Point","coordinates":[139.90649,36.48412]}},{"type":"Feature","properties":{"name":"塩尻IC","ref":"2"},"geometry":{"type":"Point","coordinates":[137.98215,36.11757]}},{"type":"Feature","properties":{"name":"巻潟東IC","ref":"40"},"geometry":{"type":"Point","coordinates":[138.9389,37.74401]}},{"type":"Feature","properties":{"name":"岡谷IC","ref":"1"},"geometry":{"type":"Point","coordinates":[138.03743,36.0832]}},{"type":"Feature","properties":{"name":"双葉SA（下り）;双葉スマートIC","ref":"15-1"},"geometry":{"type":"Point","coordinates":[138.51452,35.67629]}},{"type":"Feature","properties":{"name":"中央道原PA（上り）","ref":null},"geometry":{"type":"Point","coordinates":[138.19006,35.9629]}},{"type":"Feature","properties":{"name":"小黒川ＰＡ（上り）、スマートＩＣ","ref":"23-1"},"geometry":{"type":"Point","coordinates":[137.93034,35.83799]}},{"type":"Feature","properties":{"name":"早島IC","ref":"１"},"geometry":{"type":"Point","coordinates":[133.811,34.60116]}},{"type":"Feature","properties":{"name":"ひるがの高原SA(下り)/スマートIC","ref":"11-1"},"geometry":{"type":"Point","coordinates":[136.9061,35.98498]}},{"type":"Feature","properties":{"name":"富海PA(上り)","ref":null},"geometry":{"type":"Point","coordinates":[131.65114,34.06025]}},{"type":"Feature","properties":{"name":"与島PA(下り)","ref":null},"geometry":{"type":"Point","coordinates":[133.81438,34.3919]}},{"type":"Feature","properties":{"name":"与島PA(上り)","ref":null},"geometry":{"type":"Point","coordinates":[133.81792,34.38611]}},{"type":"Feature","properties":{"name":"由良IC","ref":null},"geometry":{"type":"Point","coordinates":[131.33589,34.02648]}},{"type":"Feature","properties":{"name":"蓮田SA (下り);蓮田スマートIC","ref":"3-1"},"geometry":{"type":"Point","coordinates":[139.66534,35.99583]}},{"type":"Feature","properties":{"name":"松川IC","ref":"25"},"geometry":{"type":"Point","coordinates":[137.88513,35.60842]}},{"type":"Feature","properties":{"name":"天龍峡IC","ref":"2"},"geometry":{"type":"Point","coordinates":[137.8122,35.4354]}},{"type":"Feature","properties":{"name":"土岐IC","ref":"30"},"geometry":{"type":"Point","coordinates":[137.1925,35.37466]}},{"type":"Feature","properties":{"name":"中土佐IC","ref":"17"},"geometry":{"type":"Point","coordinates":[133.22221,33.34305]}},{"type":"Feature","properties":{"name":"土佐IC","ref":"13"},"geometry":{"type":"Point","coordinates":[133.41539,33.50129]}},{"type":"Feature","properties":{"name":"須崎西IC","ref":"16"},"geometry":{"type":"Point","coordinates":[133.27445,33.38601]}},{"type":"Feature","properties":{"name":"土佐PA(上り)/スマートIC","ref":null},"geometry":{"type":"Point","coordinates":[133.36667,33.47656]}},{"type":"Feature","properties":{"name":"久地PA(上り)","ref":null},"geometry":{"type":"Point","coordinates":[132.40144,34.49723]}},{"type":"Feature","properties":{"name":"名取IC","ref":"32"},"geometry":{"type":"Point","coordinates":[140.93167,38.18207]}},{"type":"Feature","properties":{"name":"矢本IC","ref":"9"},"geometry":{"type":"Point","coordinates":[141.19611,38.42852]}},{"type":"Feature","properties":{"name":"石巻港IC","ref":"10"},"geometry":{"type":"Point","coordinates":[141.24113,38.4408]}},{"type":"Feature","properties":{"name":"三本木PA (上り);三本木スマートIC","ref":"30-2"},"geometry":{"type":"Point","coordinates":[140.92904,38.52038]}},{"type":"Feature","properties":{"name":"大衡IC","ref":"30-1"},"geometry":{"type":"Point","coordinates":[140.90894,38.46316]}},{"type":"Feature","properties":{"name":"大和IC","ref":"30"},"geometry":{"type":"Point","coordinates":[140.91637,38.43504]}},{"type":"Feature","properties":{"name":"三本木PA (下り);三本木スマートIC","ref":"30-2"},"geometry":{"type":"Point","coordinates":[140.93107,38.51259]}},{"type":"Feature","properties":{"name":"築館IC","ref":"32"},"geometry":{"type":"Point","coordinates":[141.00953,38.71063]}},{"type":"Feature","properties":{"name":"仙台港北IC","ref":"36"},"geometry":{"type":"Point","coordinates":[140.99179,38.28077]}},{"type":"Feature","properties":{"name":"鶴巣PA (下り)","ref":null},"geometry":{"type":"Point","coordinates":[140.9134,38.40934]}},{"type":"Feature","properties":{"name":"利府中IC","ref":"4"},"geometry":{"type":"Point","coordinates":[141.00013,38.3406]}},{"type":"Feature","properties":{"name":"利府塩釜IC","ref":"3"},"geometry":{"type":"Point","coordinates":[140.98937,38.32274]}},{"type":"Feature","properties":{"name":"多賀城IC","ref":"37"},"geometry":{"type":"Point","coordinates":[140.98194,38.30209]}},{"type":"Feature","properties":{"name":"いわき四倉IC","ref":"18"},"geometry":{"type":"Point","coordinates":[140.9466,37.12803]}},{"type":"Feature","properties":{"name":"大栄東伯IC","ref":"9"},"geometry":{"type":"Point","coordinates":[133.71455,35.49809]}},{"type":"Feature","properties":{"name":"山田IC","ref":"3"},"geometry":{"type":"Point","coordinates":[140.84599,38.20831]}},{"type":"Feature","properties":{"name":"山田IC","ref":"46"},"geometry":{"type":"Point","coordinates":[141.94913,39.48089]}},{"type":"Feature","properties":{"name":"亘理IC","ref":"28"},"geometry":{"type":"Point","coordinates":[140.88713,38.08679]}},{"type":"Feature","properties":{"name":"仙台空港IC","ref":"30"},"geometry":{"type":"Point","coordinates":[140.88834,38.13495]}},{"type":"Feature","properties":{"name":"岩沼IC","ref":"29"},"geometry":{"type":"Point","coordinates":[140.88959,38.10591]}},{"type":"Feature","properties":{"name":"北上金ヶ崎IC/PA (上り)","ref":"36-1"},"geometry":{"type":"Point","coordinates":[141.07954,39.24535]}},{"type":"Feature","properties":{"name":"石巻河南IC","ref":"11"},"geometry":{"type":"Point","coordinates":[141.26626,38.44513]}},{"type":"Feature","properties":{"name":"山形中央IC","ref":"14"},"geometry":{"type":"Point","coordinates":[140.29323,38.27087]}},{"type":"Feature","properties":{"name":"寒河江SA (下り);寒河江スマートIC","ref":"7-1"},"geometry":{"type":"Point","coordinates":[140.26457,38.36559]}},{"type":"Feature","properties":{"name":"寒河江SA (上り);寒河江スマートIC","ref":"7-1"},"geometry":{"type":"Point","coordinates":[140.25285,38.3684]}},{"type":"Feature","properties":{"name":"志波姫PA (上り)","ref":null},"geometry":{"type":"Point","coordinates":[141.04702,38.75048]}},{"type":"Feature","properties":{"name":"浪江IC","ref":"21"},"geometry":{"type":"Point","coordinates":[140.94296,37.49946]}},{"type":"Feature","properties":{"name":"仙台港IC","ref":"35"},"geometry":{"type":"Point","coordinates":[140.97756,38.26957]}},{"type":"Feature","properties":{"name":"利府しらかし台IC","ref":"39"},"geometry":{"type":"Point","coordinates":[140.95329,38.35311]}},{"type":"Feature","properties":{"name":"旭川北IC","ref":"45"},"geometry":{"type":"Point","coordinates":[142.408,43.83755]}},{"type":"Feature","properties":{"name":"錦秋湖SA (下り)","ref":null},"geometry":{"type":"Point","coordinates":[140.84394,39.29051]}},{"type":"Feature","properties":{"name":"滝川IC","ref":"41"},"geometry":{"type":"Point","coordinates":[141.95462,43.56681]}},{"type":"Feature","properties":{"name":"秩父別IC","ref":"2"},"geometry":{"type":"Point","coordinates":[141.98128,43.76473]}},{"type":"Feature","properties":{"name":"苫小牧西IC","ref":"20"},"geometry":{"type":"Point","coordinates":[141.49052,42.63285]}},{"type":"Feature","properties":{"name":"今泉IC","ref":"1"},"geometry":{"type":"Point","coordinates":[140.93104,38.20788]}},{"type":"Feature","properties":{"name":"大船渡北IC","ref":"35"},"geometry":{"type":"Point","coordinates":[141.74111,39.12557]}},{"type":"Feature","properties":{"name":"桃生豊里IC","ref":"13"},"geometry":{"type":"Point","coordinates":[141.27101,38.56107]}},{"type":"Feature","properties":{"name":"平泉前沢IC","ref":"35"},"geometry":{"type":"Point","coordinates":[141.11045,39.02203]}},{"type":"Feature","properties":{"name":"中尊寺PA (下り)","ref":null},"geometry":{"type":"Point","coordinates":[141.1101,38.9786]}},{"type":"Feature","properties":{"name":"金成PA (上り)","ref":null},"geometry":{"type":"Point","coordinates":[141.09313,38.84496]}},{"type":"Feature","properties":{"name":"大船渡IC","ref":"34"},"geometry":{"type":"Point","coordinates":[141.70827,39.10753]}},{"type":"Feature","properties":{"name":"笠間西IC","ref":"13"},"geometry":{"type":"Point","coordinates":[140.17465,36.34563]}},{"type":"Feature","properties":{"name":"国縫IC","ref":"10"},"geometry":{"type":"Point","coordinates":[140.31552,42.44005]}},{"type":"Feature","properties":{"name":"天童IC","ref":"16"},"geometry":{"type":"Point","coordinates":[140.34588,38.36416]}},{"type":"Feature","properties":{"name":"栃木IC","ref":"8"},"geometry":{"type":"Point","coordinates":[139.70776,36.40239]}},{"type":"Feature","properties":{"name":"吾妻PA (下り)","ref":null},"geometry":{"type":"Point","coordinates":[140.40804,37.75641]}},{"type":"Feature","properties":{"name":"鳥の海PA (下り),スマートIC","ref":"27"},"geometry":{"type":"Point","coordinates":[140.89217,38.03694]}},{"type":"Feature","properties":{"name":"河北IC","ref":"12"},"geometry":{"type":"Point","coordinates":[141.28739,38.4983]}},{"type":"Feature","properties":{"name":"盛岡IC","ref":"42"},"geometry":{"type":"Point","coordinates":[141.09563,39.71105]}},{"type":"Feature","properties":{"name":"福島空港IC","ref":"4"},"geometry":{"type":"Point","coordinates":[140.44226,37.2031]}},{"type":"Feature","properties":{"name":"花巻PA (下り);花巻PAスマートIC","ref":null},"geometry":{"type":"Point","coordinates":[141.09159,39.36661]}},{"type":"Feature","properties":{"name":"六戸出入口","ref":null},"geometry":{"type":"Point","coordinates":[141.34664,40.66094]}},{"type":"Feature","properties":{"name":"六戸JCT","ref":null},"geometry":{"type":"Point","coordinates":[141.35211,40.65054]}},{"type":"Feature","properties":{"name":"八戸南ＩＣ","ref":"74"},"geometry":{"type":"Point","coordinates":[141.55504,40.48091]}},{"type":"Feature","properties":{"name":"滝観洞IC","ref":"7"},"geometry":{"type":"Point","coordinates":[141.67375,39.23805]}},{"type":"Feature","properties":{"name":"笹谷IC","ref":"2"},"geometry":{"type":"Point","coordinates":[140.50858,38.22316]}},{"type":"Feature","properties":{"name":"常磐富岡IC","ref":"20"},"geometry":{"type":"Point","coordinates":[140.96646,37.37578]}},{"type":"Feature","properties":{"name":"岩手山SA (上り)","ref":null},"geometry":{"type":"Point","coordinates":[141.04186,39.91677]}},{"type":"Feature","properties":{"name":"上川PA（下り）","ref":null},"geometry":{"type":"Point","coordinates":[139.47797,37.64872]}},{"type":"Feature","properties":{"name":"阿賀野川SA（下り）","ref":null},"geometry":{"type":"Point","coordinates":[139.31912,37.73726]}},{"type":"Feature","properties":{"name":"月山IC","ref":"9"},"geometry":{"type":"Point","coordinates":[139.99276,38.45364]}},{"type":"Feature","properties":{"name":"西川IC","ref":"8"},"geometry":{"type":"Point","coordinates":[140.16635,38.42374]}},{"type":"Feature","properties":{"name":"月山湖PA (下り)","ref":null},"geometry":{"type":"Point","coordinates":[140.01377,38.44509]}},{"type":"Feature","properties":{"name":"月山湖PA (上り)","ref":null},"geometry":{"type":"Point","coordinates":[140.00697,38.44549]}},{"type":"Feature","properties":{"name":"関沢IC","ref":"3"},"geometry":{"type":"Point","coordinates":[140.45109,38.22636]}},{"type":"Feature","properties":{"name":"五泉PA（下り）","ref":null},"geometry":{"type":"Point","coordinates":[139.21575,37.76092]}},{"type":"Feature","properties":{"name":"一戸IC","ref":"2"},"geometry":{"type":"Point","coordinates":[141.29816,40.23186]}},{"type":"Feature","properties":{"name":"安代JCT","ref":"46"},"geometry":{"type":"Point","coordinates":[141.05887,40.1037]}},{"type":"Feature","properties":{"name":"阿武隈PA (下り)","ref":null},"geometry":{"type":"Point","coordinates":[140.24121,37.14891]}},{"type":"Feature","properties":{"name":"荒川胎内IC","ref":"6"},"geometry":{"type":"Point","coordinates":[139.41217,38.11841]}},{"type":"Feature","properties":{"name":"いわき三和IC","ref":"1"},"geometry":{"type":"Point","coordinates":[140.76983,37.10186]}},{"type":"Feature","properties":{"name":"浄法寺IC","ref":"1"},"geometry":{"type":"Point","coordinates":[141.17491,40.19202]}},{"type":"Feature","properties":{"name":"太田桐生IC","ref":"5"},"geometry":{"type":"Point","coordinates":[139.38856,36.33074]}},{"type":"Feature","properties":{"name":"足利ＩＣ","ref":"6"},"geometry":{"type":"Point","coordinates":[139.48409,36.36294]}},{"type":"Feature","properties":{"name":"湯殿山IC","ref":"10"},"geometry":{"type":"Point","coordinates":[139.91494,38.57254]}},{"type":"Feature","properties":{"name":"庄内あさひIC","ref":"11"},"geometry":{"type":"Point","coordinates":[139.84267,38.61827]}},{"type":"Feature","properties":{"name":"櫛引PA (上り)","ref":null},"geometry":{"type":"Point","coordinates":[139.83001,38.64549]}},{"type":"Feature","properties":{"name":"砂川SA (上り) / スマートIC","ref":"40"},"geometry":{"type":"Point","coordinates":[141.92982,43.53283]}},{"type":"Feature","properties":{"name":"奈井江砂川IC","ref":"39"},"geometry":{"type":"Point","coordinates":[141.91784,43.44993]}},{"type":"Feature","properties":{"name":"岩見沢IC","ref":"36"},"geometry":{"type":"Point","coordinates":[141.76522,43.17399]}},{"type":"Feature","properties":{"name":"橋本IC","ref":"14"},"geometry":{"type":"Point","coordinates":[135.60185,34.32161]}},{"type":"Feature","properties":{"name":"豊浦IC","ref":"13"},"geometry":{"type":"Point","coordinates":[140.63851,42.60437]}},{"type":"Feature","properties":{"name":"豊浦噴火湾PA (下り)","ref":null},"geometry":{"type":"Point","coordinates":[140.69118,42.5908]}},{"type":"Feature","properties":{"name":"伊達IC","ref":"15"},"geometry":{"type":"Point","coordinates":[140.89456,42.48264]}},{"type":"Feature","properties":{"name":"有珠山SA (下り)","ref":null},"geometry":{"type":"Point","coordinates":[140.90676,42.46953]}},{"type":"Feature","properties":{"name":"酒田みなとIC","ref":"20"},"geometry":{"type":"Point","coordinates":[139.86018,38.95773]}},{"type":"Feature","properties":{"name":"庄内空港IC","ref":"18"},"geometry":{"type":"Point","coordinates":[139.80267,38.81936]}},{"type":"Feature","properties":{"name":"酒田IC","ref":"19"},"geometry":{"type":"Point","coordinates":[139.83816,38.86896]}},{"type":"Feature","properties":{"name":"新庄IC","ref":"27"},"geometry":{"type":"Point","coordinates":[140.29867,38.73885]}},{"type":"Feature","properties":{"name":"尾花沢北IC","ref":"24"},"geometry":{"type":"Point","coordinates":[140.36454,38.65771]}},{"type":"Feature","properties":{"name":"川原子ＩＣ","ref":"25"},"geometry":{"type":"Point","coordinates":[140.32351,38.67523]}},{"type":"Feature","properties":{"name":"新鶴PA（上り）;新鶴スマートIC","ref":"7-1"},"geometry":{"type":"Point","coordinates":[139.83783,37.53002]}},{"type":"Feature","properties":{"name":"能代東IC","ref":"14"},"geometry":{"type":"Point","coordinates":[140.08141,40.18409]}},{"type":"Feature","properties":{"name":"能代南IC","ref":"13"},"geometry":{"type":"Point","coordinates":[140.02354,40.1541]}},{"type":"Feature","properties":{"name":"八郎湖SA (上り)","ref":null},"geometry":{"type":"Point","coordinates":[140.08624,40.0122]}},{"type":"Feature","properties":{"name":"大館北IC","ref":"27"},"geometry":{"type":"Point","coordinates":[140.56455,40.30391]}},{"type":"Feature","properties":{"name":"舟形IC","ref":"26"},"geometry":{"type":"Point","coordinates":[140.30953,38.70304]}},{"type":"Feature","properties":{"name":"碇ヶ関IC","ref":"50"},"geometry":{"type":"Point","coordinates":[140.63526,40.46647]}},{"type":"Feature","properties":{"name":"花輪SA (下り)","ref":null},"geometry":{"type":"Point","coordinates":[140.8007,40.18388]}},{"type":"Feature","properties":{"name":"湯瀬PA (上り)","ref":null},"geometry":{"type":"Point","coordinates":[140.83348,40.12628]}},{"type":"Feature","properties":{"name":"十和田IC","ref":"49"},"geometry":{"type":"Point","coordinates":[140.76659,40.25541]}},{"type":"Feature","properties":{"name":"八郎湖SA (下り)","ref":null},"geometry":{"type":"Point","coordinates":[140.0885,40.00653]}},{"type":"Feature","properties":{"name":"安佐SA(下り)","ref":null},"geometry":{"type":"Point","coordinates":[132.48593,34.59222]}},{"type":"Feature","properties":{"name":"安佐SA(上り)","ref":null},"geometry":{"type":"Point","coordinates":[132.47354,34.58394]}},{"type":"Feature","properties":{"name":"矢巾PA (上り)","ref":null},"geometry":{"type":"Point","coordinates":[141.12946,39.62262]}},{"type":"Feature","properties":{"name":"佐久小諸JCT","ref":"7-1"},"geometry":{"type":"Point","coordinates":[138.47997,36.30038]}},{"type":"Feature","properties":{"name":"鶴岡ＩＣ","ref":"12"},"geometry":{"type":"Point","coordinates":[139.79392,38.73441]}},{"type":"Feature","properties":{"name":"有漢IC","ref":"3"},"geometry":{"type":"Point","coordinates":[133.6813,34.9121]}},{"type":"Feature","properties":{"name":"小坂IC","ref":"49-1"},"geometry":{"type":"Point","coordinates":[140.73595,40.31875]}},{"type":"Feature","properties":{"name":"小坂PA (下り)","ref":null},"geometry":{"type":"Point","coordinates":[140.73059,40.34201]}},{"type":"Feature","properties":{"name":"津軽SA (下り)","ref":null},"geometry":{"type":"Point","coordinates":[140.57468,40.56424]}},{"type":"Feature","properties":{"name":"三隅IC","ref":null},"geometry":{"type":"Point","coordinates":[131.25959,34.36306]}},{"type":"Feature","properties":{"name":"谷川岳ＰＡ（上り）","ref":null},"geometry":{"type":"Point","coordinates":[138.93941,36.78062]}},{"type":"Feature","properties":{"name":"弥富IC","ref":"26"},"geometry":{"type":"Point","coordinates":[136.72881,35.12681]}},{"type":"Feature","properties":{"name":"弥富木曽岬IC","ref":"12"},"geometry":{"type":"Point","coordinates":[136.75353,35.04376]}},{"type":"Feature","properties":{"name":"関ヶ原IC","ref":"27"},"geometry":{"type":"Point","coordinates":[136.47341,35.35395]}},{"type":"Feature","properties":{"name":"都城IC","ref":"3"},"geometry":{"type":"Point","coordinates":[131.11472,31.78216]}},{"type":"Feature","properties":{"name":"日向高崎PA(上り)","ref":null},"geometry":{"type":"Point","coordinates":[131.03397,31.90006]}},{"type":"Feature","properties":{"name":"山之口SA(下り)/スマートIC","ref":"3-1"},"geometry":{"type":"Point","coordinates":[131.16081,31.79444]}},{"type":"Feature","properties":{"name":"聖籠新発田IC","ref":"4"},"geometry":{"type":"Point","coordinates":[139.29015,37.96304]}},{"type":"Feature","properties":{"name":"末吉財部IC","ref":"39"},"geometry":{"type":"Point","coordinates":[130.93742,31.67837]}},{"type":"Feature","properties":{"name":"市来IC","ref":"21"},"geometry":{"type":"Point","coordinates":[130.32415,31.67207]}},{"type":"Feature","properties":{"name":"飛騨河合PA(下り)","ref":null},"geometry":{"type":"Point","coordinates":[137.00551,36.22486]}},{"type":"Feature","properties":{"name":"飛驒河合PA(上り)","ref":null},"geometry":{"type":"Point","coordinates":[137.00187,36.22675]}},{"type":"Feature","properties":{"name":"向島IC","ref":"3"},"geometry":{"type":"Point","coordinates":[133.19391,34.38105]}},{"type":"Feature","properties":{"name":"大曲IC","ref":"4"},"geometry":{"type":"Point","coordinates":[140.42477,39.4265]}},{"type":"Feature","properties":{"name":"萩・石見空港IC","ref":null},"geometry":{"type":"Point","coordinates":[131.81118,34.67328]}},{"type":"Feature","properties":{"name":"蔵王PA (下り)","ref":null},"geometry":{"type":"Point","coordinates":[140.65827,38.06873]}},{"type":"Feature","properties":{"name":"西瀬戸尾道IC","ref":"1"},"geometry":{"type":"Point","coordinates":[133.21902,34.42783]}},{"type":"Feature","properties":{"name":"津久見IC","ref":"17"},"geometry":{"type":"Point","coordinates":[131.84367,33.08235]}},{"type":"Feature","properties":{"name":"越後川口ＩＣ、越後川口ＳＡ（下り）","ref":"19"},"geometry":{"type":"Point","coordinates":[138.84471,37.26593]}},{"type":"Feature","properties":{"name":"大分農業文化公園IC","ref":"9-3"},"geometry":{"type":"Point","coordinates":[131.42416,33.42362]}},{"type":"Feature","properties":{"name":"安心院IC","ref":"9-2"},"geometry":{"type":"Point","coordinates":[131.37223,33.44628]}},{"type":"Feature","properties":{"name":"萩尾PA(下り)","ref":null},"geometry":{"type":"Point","coordinates":[130.90126,33.33431]}},{"type":"Feature","properties":{"name":"萩尾PA(上り)","ref":null},"geometry":{"type":"Point","coordinates":[130.90539,33.33545]}},{"type":"Feature","properties":{"name":"高屋JCT/IC","ref":"25-1"},"geometry":{"type":"Point","coordinates":[132.80741,34.4309]}},{"type":"Feature","properties":{"name":"福山SA/スマートIC(下り)","ref":"21-1"},"geometry":{"type":"Point","coordinates":[133.31572,34.49225]}},{"type":"Feature","properties":{"name":"甚目寺南IC","ref":"20"},"geometry":{"type":"Point","coordinates":[136.81651,35.18968]}},{"type":"Feature","properties":{"name":"甚目寺北IC","ref":"19"},"geometry":{"type":"Point","coordinates":[136.81777,35.19882]}},{"type":"Feature","properties":{"name":"大治北IC","ref":"21"},"geometry":{"type":"Point","coordinates":[136.81623,35.17807]}},{"type":"Feature","properties":{"name":"西仙北SA (上り);西仙北スマートIC","ref":"4-1"},"geometry":{"type":"Point","coordinates":[140.32224,39.54418]}},{"type":"Feature","properties":{"name":"協和IC","ref":"5"},"geometry":{"type":"Point","coordinates":[140.28168,39.59737]}},{"type":"Feature","properties":{"name":"天瀬高塚IC","ref":"6"},"geometry":{"type":"Point","coordinates":[131.05132,33.29567]}},{"type":"Feature","properties":{"name":"紀勢大内山IC","ref":"2"},"geometry":{"type":"Point","coordinates":[136.38497,34.29284]}},{"type":"Feature","properties":{"name":"日出JCT","ref":"10"},"geometry":{"type":"Point","coordinates":[131.44733,33.35204]}},{"type":"Feature","properties":{"name":"速見IC","ref":"9-4"},"geometry":{"type":"Point","coordinates":[131.45281,33.37742]}},{"type":"Feature","properties":{"name":"日出IC","ref":"1"},"geometry":{"type":"Point","coordinates":[131.53906,33.38458]}},{"type":"Feature","properties":{"name":"岡山総社IC","ref":"1"},"geometry":{"type":"Point","coordinates":[133.79765,34.69347]}},{"type":"Feature","properties":{"name":"川島PA(上り)","ref":null},"geometry":{"type":"Point","coordinates":[136.81341,35.37213]}},{"type":"Feature","properties":{"name":"豊田藤岡","ref":"4"},"geometry":{"type":"Point","coordinates":[137.1778,35.16189]}},{"type":"Feature","properties":{"name":"篠坂PA(下り)","ref":null},"geometry":{"type":"Point","coordinates":[133.46078,34.53769]}},{"type":"Feature","properties":{"name":"東名三好IC","ref":"20-1"},"geometry":{"type":"Point","coordinates":[137.0972,35.11163]}},{"type":"Feature","properties":{"name":"篠坂PA(上り)","ref":null},"geometry":{"type":"Point","coordinates":[133.45491,34.53422]}},{"type":"Feature","properties":{"name":"西根IC","ref":"44"},"geometry":{"type":"Point","coordinates":[141.08956,39.88329]}},{"type":"Feature","properties":{"name":"白岡菖蒲ＩＣ","ref":"62"},"geometry":{"type":"Point","coordinates":[139.62186,36.04678]}},{"type":"Feature","properties":{"name":"加計スマートIC","ref":"26-1"},"geometry":{"type":"Point","coordinates":[132.33135,34.57624]}},{"type":"Feature","properties":{"name":"吉和SA(下り)","ref":null},"geometry":{"type":"Point","coordinates":[132.13208,34.4771]}},{"type":"Feature","properties":{"name":"勢和多気IC","ref":"39"},"geometry":{"type":"Point","coordinates":[136.50639,34.45919]}},{"type":"Feature","properties":{"name":"多気PA(上り)","ref":null},"geometry":{"type":"Point","coordinates":[136.57787,34.46556]}},{"type":"Feature","properties":{"name":"多気PA(下り)","ref":null},"geometry":{"type":"Point","coordinates":[136.56936,34.46391]}},{"type":"Feature","properties":{"name":"多気ヴィソンスマートIC","ref":"39-2"},"geometry":{"type":"Point","coordinates":[136.52471,34.46284]}},{"type":"Feature","properties":{"name":"浜田JCT","ref":"3-2"},"geometry":{"type":"Point","coordinates":[132.121,34.90732]}},{"type":"Feature","properties":{"name":"相生IC","ref":null},"geometry":{"type":"Point","coordinates":[132.10342,34.89469]}},{"type":"Feature","properties":{"name":"津名一宮IC","ref":"7"},"geometry":{"type":"Point","coordinates":[134.87411,34.44388]}},{"type":"Feature","properties":{"name":"下松SA(上り)","ref":null},"geometry":{"type":"Point","coordinates":[131.91134,34.04239]}},{"type":"Feature","properties":{"name":"斐川IC","ref":"30"},"geometry":{"type":"Point","coordinates":[132.84241,35.36805]}},{"type":"Feature","properties":{"name":"流杉PA(上り)/スマートIC","ref":"22-1"},"geometry":{"type":"Point","coordinates":[137.27231,36.66549]}},{"type":"Feature","properties":{"name":"江の川PA(下り)","ref":null},"geometry":{"type":"Point","coordinates":[132.78722,34.761]}},{"type":"Feature","properties":{"name":"江の川PA(上り)","ref":null},"geometry":{"type":"Point","coordinates":[132.80896,34.76925]}},{"type":"Feature","properties":{"name":"富山IC","ref":"22"},"geometry":{"type":"Point","coordinates":[137.20539,36.65551]}},{"type":"Feature","properties":{"name":"滑川IC","ref":"24"},"geometry":{"type":"Point","coordinates":[137.37919,36.74135]}},{"type":"Feature","properties":{"name":"朝日IC","ref":"27"},"geometry":{"type":"Point","coordinates":[137.55027,36.94005]}},{"type":"Feature","properties":{"name":"富山西IC","ref":"21-1"},"geometry":{"type":"Point","coordinates":[137.1334,36.6808]}},{"type":"Feature","properties":{"name":"呉羽PA(下り)","ref":null},"geometry":{"type":"Point","coordinates":[137.10597,36.68355]}},{"type":"Feature","properties":{"name":"宇治西IC","ref":"5"},"geometry":{"type":"Point","coordinates":[135.78369,34.9073]}},{"type":"Feature","properties":{"name":"松ヶ崎亀田IC","ref":"14-2"},"geometry":{"type":"Point","coordinates":[140.06039,39.50108]}},{"type":"Feature","properties":{"name":"鹿野SA(下り)","ref":null},"geometry":{"type":"Point","coordinates":[131.80308,34.22452]}},{"type":"Feature","properties":{"name":"宇治東IC","ref":"4"},"geometry":{"type":"Point","coordinates":[135.81086,34.9042]}},{"type":"Feature","properties":{"name":"大塩別所ランプ","ref":"1"},"geometry":{"type":"Point","coordinates":[134.74366,34.8041]}},{"type":"Feature","properties":{"name":"山口IC","ref":"32"},"geometry":{"type":"Point","coordinates":[131.52288,34.1542]}},{"type":"Feature","properties":{"name":"みどり湖PA（上り）","ref":null},"geometry":{"type":"Point","coordinates":[137.99372,36.10129]}},{"type":"Feature","properties":{"name":"みどり湖PA（下り）","ref":null},"geometry":{"type":"Point","coordinates":[137.99938,36.09498]}},{"type":"Feature","properties":{"name":"大宮大台IC","ref":"1"},"geometry":{"type":"Point","coordinates":[136.40709,34.38317]}},{"type":"Feature","properties":{"name":"尾鷲南IC","ref":"6"},"geometry":{"type":"Point","coordinates":[136.18762,34.0372]}},{"type":"Feature","properties":{"name":"飯田山本ＩＣ","ref":"26-1"},"geometry":{"type":"Point","coordinates":[137.75935,35.47089]}},{"type":"Feature","properties":{"name":"飯田山本IC","ref":"26-1/1"},"geometry":{"type":"Point","coordinates":[137.76191,35.46596]}},{"type":"Feature","properties":{"name":"新宮南IC","ref":null},"geometry":{"type":"Point","coordinates":[135.96823,33.69045]}},{"type":"Feature","properties":{"name":"金山北IC","ref":null},"geometry":{"type":"Point","coordinates":[140.32531,38.91599]}},{"type":"Feature","properties":{"name":"中田IC","ref":null},"geometry":{"type":"Point","coordinates":[140.3548,38.94668]}},{"type":"Feature","properties":{"name":"及位仮出入口","ref":null},"geometry":{"type":"Point","coordinates":[140.36463,38.97957]}},{"type":"Feature","properties":{"name":"三関IC","ref":null},"geometry":{"type":"Point","coordinates":[140.48344,39.13747]}},{"type":"Feature","properties":{"name":"雄勝こまちIC","ref":"37"},"geometry":{"type":"Point","coordinates":[140.46328,39.06245]}},{"type":"Feature","properties":{"name":"須川IC","ref":null},"geometry":{"type":"Point","coordinates":[140.48371,39.08964]}},{"type":"Feature","properties":{"name":"美深IC","ref":null},"geometry":{"type":"Point","coordinates":[142.3702,44.4744]}},{"type":"Feature","properties":{"name":"豊富幌加IC","ref":"3"},"geometry":{"type":"Point","coordinates":[141.78767,45.15773]}},{"type":"Feature","properties":{"name":"山武成東ＩＣ","ref":"94"},"geometry":{"type":"Point","coordinates":[140.38241,35.61822]}},{"type":"Feature","properties":{"name":"因島北IC","ref":"4"},"geometry":{"type":"Point","coordinates":[133.16105,34.33881]}},{"type":"Feature","properties":{"name":"白鳥西IC","ref":null},"geometry":{"type":"Point","coordinates":[136.84489,35.87749]}},{"type":"Feature","properties":{"name":"加治木IC","ref":"25"},"geometry":{"type":"Point","coordinates":[130.67436,31.74404]}},{"type":"Feature","properties":{"name":"豊富サロベツIC","ref":"2"},"geometry":{"type":"Point","coordinates":[141.79575,45.10051]}},{"type":"Feature","properties":{"name":"黒丸ＰＡ（下り）","ref":null},"geometry":{"type":"Point","coordinates":[136.19726,35.07889]}},{"type":"Feature","properties":{"name":"美唄IC","ref":"38"},"geometry":{"type":"Point","coordinates":[141.88808,43.33262]}},{"type":"Feature","properties":{"name":"茶志内PA (上り)","ref":null},"geometry":{"type":"Point","coordinates":[141.89159,43.38104]}},{"type":"Feature","properties":{"name":"茶志内PA (下り)","ref":null},"geometry":{"type":"Point","coordinates":[141.89033,43.37987]}},{"type":"Feature","properties":{"name":"南風原北IC","ref":"A1"},"geometry":{"type":"Point","coordinates":[127.73857,26.20061]}},{"type":"Feature","properties":{"name":"那覇IC","ref":"1"},"geometry":{"type":"Point","coordinates":[127.72576,26.21163]}},{"type":"Feature","properties":{"name":"南風原南IC","ref":"A2"},"geometry":{"type":"Point","coordinates":[127.72405,26.18087]}},{"type":"Feature","properties":{"name":"栗野IC","ref":"22"},"geometry":{"type":"Point","coordinates":[130.72077,31.94417]}},{"type":"Feature","properties":{"name":"伊集院IC","ref":"23"},"geometry":{"type":"Point","coordinates":[130.41158,31.61949]}},{"type":"Feature","properties":{"name":"美山PA(下り)","ref":null},"geometry":{"type":"Point","coordinates":[130.35402,31.642]}},{"type":"Feature","properties":{"name":"吉松PA(上り)","ref":null},"geometry":{"type":"Point","coordinates":[130.7566,32.00271]}},{"type":"Feature","properties":{"name":"国分IC","ref":"40"},"geometry":{"type":"Point","coordinates":[130.77848,31.70637]}},{"type":"Feature","properties":{"name":"隼人東IC","ref":"41"},"geometry":{"type":"Point","coordinates":[130.7343,31.72055]}},{"type":"Feature","properties":{"name":"隼人西IC","ref":"42"},"geometry":{"type":"Point","coordinates":[130.70033,31.73793]}},{"type":"Feature","properties":{"name":"溝辺PA(上り)","ref":null},"geometry":{"type":"Point","coordinates":[130.68783,31.84308]}},{"type":"Feature","properties":{"name":"溝辺PA(下り)","ref":null},"geometry":{"type":"Point","coordinates":[130.68382,31.84664]}},{"type":"Feature","properties":{"name":"中城PA","ref":null},"geometry":{"type":"Point","coordinates":[127.78083,26.27587]}},{"type":"Feature","properties":{"name":"高山西IC","ref":null},"geometry":{"type":"Point","coordinates":[137.17036,36.13884]}},{"type":"Feature","properties":{"name":"秋田南IC","ref":"6"},"geometry":{"type":"Point","coordinates":[140.19276,39.65914]}},{"type":"Feature","properties":{"name":"秋田北IC","ref":"8"},"geometry":{"type":"Point","coordinates":[140.11261,39.78198]}},{"type":"Feature","properties":{"name":"太平山PA (上り)","ref":null},"geometry":{"type":"Point","coordinates":[140.14696,39.75164]}},{"type":"Feature","properties":{"name":"秋田空港IC","ref":"16"},"geometry":{"type":"Point","coordinates":[140.18281,39.63603]}},{"type":"Feature","properties":{"name":"西原IC","ref":"2"},"geometry":{"type":"Point","coordinates":[127.75093,26.24775]}},{"type":"Feature","properties":{"name":"鋸南保田ＩＣ","ref":"22"},"geometry":{"type":"Point","coordinates":[139.84765,35.14271]}},{"type":"Feature","properties":{"name":"壱分IC","ref":"2"},"geometry":{"type":"Point","coordinates":[135.70104,34.67306]}},{"type":"Feature","properties":{"name":"延岡南IC","ref":"23"},"geometry":{"type":"Point","coordinates":[131.66472,32.52863]}},{"type":"Feature","properties":{"name":"延岡JCT","ref":"22"},"geometry":{"type":"Point","coordinates":[131.62242,32.57534]}},{"type":"Feature","properties":{"name":"北方IC","ref":null},"geometry":{"type":"Point","coordinates":[131.53539,32.5726]}},{"type":"Feature","properties":{"name":"延岡IC","ref":null},"geometry":{"type":"Point","coordinates":[131.62621,32.5768]}},{"type":"Feature","properties":{"name":"蔵田交差点","ref":null},"geometry":{"type":"Point","coordinates":[131.49697,32.59475]}},{"type":"Feature","properties":{"name":"土山SA(下り)","ref":null},"geometry":{"type":"Point","coordinates":[136.30026,34.91524]}},{"type":"Feature","properties":{"name":"土山SA(上り)","ref":null},"geometry":{"type":"Point","coordinates":[136.28189,34.91791]}},{"type":"Feature","properties":{"name":"門川IC","ref":"24"},"geometry":{"type":"Point","coordinates":[131.66234,32.50384]}},{"type":"Feature","properties":{"name":"甲賀土山IC","ref":"4"},"geometry":{"type":"Point","coordinates":[136.26231,34.92385]}},{"type":"Feature","properties":{"name":"甲南IC/PA(上り)","ref":"5"},"geometry":{"type":"Point","coordinates":[136.14629,34.91733]}},{"type":"Feature","properties":{"name":"大森PA (下り)","ref":null},"geometry":{"type":"Point","coordinates":[140.44722,39.40742]}},{"type":"Feature","properties":{"name":"山内PA (上り)","ref":null},"geometry":{"type":"Point","coordinates":[140.64565,39.26908]}},{"type":"Feature","properties":{"name":"昭和男鹿半島IC","ref":"9"},"geometry":{"type":"Point","coordinates":[140.07209,39.85915]}},{"type":"Feature","properties":{"name":"静岡ＩＣ","ref":"11"},"geometry":{"type":"Point","coordinates":[138.39435,34.94703]}},{"type":"Feature","properties":{"name":"豊見城・名嘉地IC","ref":"A4"},"geometry":{"type":"Point","coordinates":[127.67361,26.17524]}},{"type":"Feature","properties":{"name":"田辺西IC","ref":"3"},"geometry":{"type":"Point","coordinates":[135.75645,34.80535]}},{"type":"Feature","properties":{"name":"印南SA(上り)","ref":null},"geometry":{"type":"Point","coordinates":[135.24105,33.80945]}},{"type":"Feature","properties":{"name":"印南SA(下り)","ref":null},"geometry":{"type":"Point","coordinates":[135.23234,33.81331]}},{"type":"Feature","properties":{"name":"広川南IC","ref":"28-1"},"geometry":{"type":"Point","coordinates":[135.1977,33.97118]}},{"type":"Feature","properties":{"name":"田辺北IC","ref":"2"},"geometry":{"type":"Point","coordinates":[135.75434,34.83746]}},{"type":"Feature","properties":{"name":"御坊IC","ref":"30"},"geometry":{"type":"Point","coordinates":[135.18677,33.90124]}},{"type":"Feature","properties":{"name":"巨椋池IC","ref":"1"},"geometry":{"type":"Point","coordinates":[135.74944,34.90469]}},{"type":"Feature","properties":{"name":"笠取IC","ref":"3"},"geometry":{"type":"Point","coordinates":[135.85666,34.91601]}},{"type":"Feature","properties":{"name":"東出雲IC","ref":"21"},"geometry":{"type":"Point","coordinates":[133.13213,35.42683]}},{"type":"Feature","properties":{"name":"西原JCT","ref":"1-1"},"geometry":{"type":"Point","coordinates":[127.73817,26.22412]}},{"type":"Feature","properties":{"name":"宍道湖SA(上り)","ref":null},"geometry":{"type":"Point","coordinates":[133.01073,35.42248]}},{"type":"Feature","properties":{"name":"中国豊中IC","ref":"2"},"geometry":{"type":"Point","coordinates":[135.45791,34.80027]}},{"type":"Feature","properties":{"name":"越中境PA(下り)","ref":null},"geometry":{"type":"Point","coordinates":[137.60424,36.97154]}},{"type":"Feature","properties":{"name":"伊勢関IC","ref":"34"},"geometry":{"type":"Point","coordinates":[136.42327,34.83706]}},{"type":"Feature","properties":{"name":"入善PA(下り)/スマートIC","ref":"26-1"},"geometry":{"type":"Point","coordinates":[137.51124,36.91447]}},{"type":"Feature","properties":{"name":"入善PA(上り)/スマートIC","ref":"26-1"},"geometry":{"type":"Point","coordinates":[137.5162,36.91869]}},{"type":"Feature","properties":{"name":"立山IC","ref":"23"},"geometry":{"type":"Point","coordinates":[137.32463,36.68496]}},{"type":"Feature","properties":{"name":"有磯海SA(下り)","ref":null},"geometry":{"type":"Point","coordinates":[137.41752,36.79194]}},{"type":"Feature","properties":{"name":"魚津IC","ref":"25"},"geometry":{"type":"Point","coordinates":[137.42697,36.81482]}},{"type":"Feature","properties":{"name":"武生IC","ref":"6"},"geometry":{"type":"Point","coordinates":[136.20282,35.90024]}},{"type":"Feature","properties":{"name":"松江東IC","ref":"24"},"geometry":{"type":"Point","coordinates":[133.0851,35.44919]}},{"type":"Feature","properties":{"name":"五條西IC","ref":"12"},"geometry":{"type":"Point","coordinates":[135.67409,34.34466]}},{"type":"Feature","properties":{"name":"五條IC","ref":"11"},"geometry":{"type":"Point","coordinates":[135.685,34.35668]}},{"type":"Feature","properties":{"name":"谷田部IC","ref":"4"},"geometry":{"type":"Point","coordinates":[140.08008,36.0245]}},{"type":"Feature","properties":{"name":"海南IC","ref":"23"},"geometry":{"type":"Point","coordinates":[135.21523,34.14402]}},{"type":"Feature","properties":{"name":"神坂PA/SIC（下り）","ref":"26-3"},"geometry":{"type":"Point","coordinates":[137.5735,35.51662]}},{"type":"Feature","properties":{"name":"富津中央ＩＣ","ref":"19"},"geometry":{"type":"Point","coordinates":[139.89073,35.24805]}},{"type":"Feature","properties":{"name":"河原IC","ref":"7"},"geometry":{"type":"Point","coordinates":[134.20411,35.3947]}},{"type":"Feature","properties":{"name":"鳥取IC","ref":"9"},"geometry":{"type":"Point","coordinates":[134.19694,35.47863]}},{"type":"Feature","properties":{"name":"美原南IC","ref":"13"},"geometry":{"type":"Point","coordinates":[135.55041,34.54144]}},{"type":"Feature","properties":{"name":"米子西IC","ref":"19-2/19"},"geometry":{"type":"Point","coordinates":[133.32527,35.4086]}},{"type":"Feature","properties":{"name":"山崎IC","ref":"10"},"geometry":{"type":"Point","coordinates":[134.5498,34.99895]}},{"type":"Feature","properties":{"name":"福崎北ランプ","ref":"8"},"geometry":{"type":"Point","coordinates":[134.76974,34.95442]}},{"type":"Feature","properties":{"name":"加斗PA(上り)","ref":null},"geometry":{"type":"Point","coordinates":[135.67765,35.47949]}},{"type":"Feature","properties":{"name":"小浜西IC","ref":"10"},"geometry":{"type":"Point","coordinates":[135.6596,35.47849]}},{"type":"Feature","properties":{"name":"加斗PA(下り)","ref":null},"geometry":{"type":"Point","coordinates":[135.67059,35.47984]}},{"type":"Feature","properties":{"name":"小浜IC","ref":"11"},"geometry":{"type":"Point","coordinates":[135.76819,35.49483]}},{"type":"Feature","properties":{"name":"摂津南IC","ref":"2"},"geometry":{"type":"Point","coordinates":[135.56837,34.76518]}},{"type":"Feature","properties":{"name":"神戸西IC","ref":"1"},"geometry":{"type":"Point","coordinates":[135.08593,34.72864]}},{"type":"Feature","properties":{"name":"西宮山口JCT","ref":"4"},"geometry":{"type":"Point","coordinates":[135.26658,34.83525]}},{"type":"Feature","properties":{"name":"大佐SA/スマートIC(下り)","ref":"18-1"},"geometry":{"type":"Point","coordinates":[133.54458,35.03638]}},{"type":"Feature","properties":{"name":"枚方学研IC","ref":"7"},"geometry":{"type":"Point","coordinates":[135.70958,34.80588]}},{"type":"Feature","properties":{"name":"四街道IC","ref":"7"},"geometry":{"type":"Point","coordinates":[140.17916,35.68424]}},{"type":"Feature","properties":{"name":"筑後小郡IC","ref":"1"},"geometry":{"type":"Point","coordinates":[130.59076,33.40291]}},{"type":"Feature","properties":{"name":"島田金谷ＩＣ","ref":"12"},"geometry":{"type":"Point","coordinates":[138.12195,34.85021]}},{"type":"Feature","properties":{"name":"植木IC","ref":"14"},"geometry":{"type":"Point","coordinates":[130.69538,32.93291]}},{"type":"Feature","properties":{"name":"託麻PA(上り)","ref":null},"geometry":{"type":"Point","coordinates":[130.79343,32.80632]}},{"type":"Feature","properties":{"name":"託麻PA(下り)","ref":null},"geometry":{"type":"Point","coordinates":[130.79314,32.81247]}},{"type":"Feature","properties":{"name":"北九州JCT","ref":"2-1"},"geometry":{"type":"Point","coordinates":[130.88746,33.81664]}},{"type":"Feature","properties":{"name":"焼津ＩＣ","ref":"12"},"geometry":{"type":"Point","coordinates":[138.3001,34.8815]}},{"type":"Feature","properties":{"name":"堺IC","ref":"15"},"geometry":{"type":"Point","coordinates":[135.48989,34.51066]}},{"type":"Feature","properties":{"name":"美原東IC","ref":"2"},"geometry":{"type":"Point","coordinates":[135.57584,34.5412]}},{"type":"Feature","properties":{"name":"美原北IC","ref":"12"},"geometry":{"type":"Point","coordinates":[135.5663,34.55783]}},{"type":"Feature","properties":{"name":"八尾IC","ref":"8"},"geometry":{"type":"Point","coordinates":[135.58787,34.63408]}},{"type":"Feature","properties":{"name":"吉志PA(上り)","ref":null},"geometry":{"type":"Point","coordinates":[130.96086,33.87]}},{"type":"Feature","properties":{"name":"鞍手IC/PA(下り)","ref":"4-1"},"geometry":{"type":"Point","coordinates":[130.6945,33.7773]}},{"type":"Feature","properties":{"name":"湯田温泉PA/スマートIC(下り)","ref":"32-1"},"geometry":{"type":"Point","coordinates":[131.46931,34.14015]}},{"type":"Feature","properties":{"name":"徳地IC","ref":"31"},"geometry":{"type":"Point","coordinates":[131.66734,34.20132]}},{"type":"Feature","properties":{"name":"荷卸峠PA(上り)","ref":null},"geometry":{"type":"Point","coordinates":[131.59143,34.18176]}},{"type":"Feature","properties":{"name":"花輪IC","ref":"5"},"geometry":{"type":"Point","coordinates":[140.00063,35.68641]}},{"type":"Feature","properties":{"name":"美祢西IC","ref":"35-1"},"geometry":{"type":"Point","coordinates":[131.14206,34.1092]}},{"type":"Feature","properties":{"name":"船橋IC","ref":"4"},"geometry":{"type":"Point","coordinates":[139.96459,35.69986]}},{"type":"Feature","properties":{"name":"辰野ＰＡ（上り）","ref":null},"geometry":{"type":"Point","coordinates":[138.00112,35.97424]}},{"type":"Feature","properties":{"name":"若宮IC","ref":"5"},"geometry":{"type":"Point","coordinates":[130.60894,33.74702]}},{"type":"Feature","properties":{"name":"須崎東IC","ref":"14"},"geometry":{"type":"Point","coordinates":[133.30194,33.42092]}},{"type":"Feature","properties":{"name":"土佐PA(下り)/スマートＩＣ","ref":"13-1"},"geometry":{"type":"Point","coordinates":[133.37106,33.48065]}},{"type":"Feature","properties":{"name":"杷木IC","ref":"4"},"geometry":{"type":"Point","coordinates":[130.80922,33.36946]}},{"type":"Feature","properties":{"name":"山田SA(上り)","ref":null},"geometry":{"type":"Point","coordinates":[130.757,33.37138]}},{"type":"Feature","properties":{"name":"朝倉IC","ref":"3"},"geometry":{"type":"Point","coordinates":[130.72638,33.38154]}},{"type":"Feature","properties":{"name":"山田SA(下り)","ref":null},"geometry":{"type":"Point","coordinates":[130.75284,33.37672]}},{"type":"Feature","properties":{"name":"井上PA(上り)","ref":null},"geometry":{"type":"Point","coordinates":[130.5767,33.40182]}},{"type":"Feature","properties":{"name":"松ヶ丘IC","ref":"11"},"geometry":{"type":"Point","coordinates":[140.14678,35.58679]}},{"type":"Feature","properties":{"name":"千葉東JCT","ref":"10"},"geometry":{"type":"Point","coordinates":[140.14956,35.60015]}},{"type":"Feature","properties":{"name":"椎田南IC","ref":"6"},"geometry":{"type":"Point","coordinates":[131.06739,33.63215]}},{"type":"Feature","properties":{"name":"椎田IC","ref":"5"},"geometry":{"type":"Point","coordinates":[131.05721,33.63547]}},{"type":"Feature","properties":{"name":"不動寺PA(上り)","ref":null},"geometry":{"type":"Point","coordinates":[136.72227,36.604]}},{"type":"Feature","properties":{"name":"金沢森本IC","ref":"17-1"},"geometry":{"type":"Point","coordinates":[136.70629,36.60701]}},{"type":"Feature","properties":{"name":"りんくうJCT","ref":"3"},"geometry":{"type":"Point","coordinates":[135.29741,34.41198]}},{"type":"Feature","properties":{"name":"木更津南ＩＣ","ref":"17-1"},"geometry":{"type":"Point","coordinates":[139.9238,35.35015]}},{"type":"Feature","properties":{"name":"外環三郷西IC","ref":"74"},"geometry":{"type":"Point","coordinates":[139.84569,35.84444]}},{"type":"Feature","properties":{"name":"七飯本町IC","ref":"3"},"geometry":{"type":"Point","coordinates":[140.7059,41.89699]}},{"type":"Feature","properties":{"name":"夢前スマートIC","ref":"9-1"},"geometry":{"type":"Point","coordinates":[134.69175,34.96295]}},{"type":"Feature","properties":{"name":"岸和田SA(下り)","ref":null},"geometry":{"type":"Point","coordinates":[135.43732,34.40383]}},{"type":"Feature","properties":{"name":"笛吹八代スマートIC","ref":"13-1"},"geometry":{"type":"Point","coordinates":[138.63541,35.62269]}},{"type":"Feature","properties":{"name":"山中湖ＩＣ","ref":"4"},"geometry":{"type":"Point","coordinates":[138.83842,35.43036]}},{"type":"Feature","properties":{"name":"第二京阪門真IC","ref":"12"},"geometry":{"type":"Point","coordinates":[135.59733,34.71947]}},{"type":"Feature","properties":{"name":"須走IC","ref":"5"},"geometry":{"type":"Point","coordinates":[138.85636,35.36238]}},{"type":"Feature","properties":{"name":"湾岸幕張ＰＡ（下り）","ref":null},"geometry":{"type":"Point","coordinates":[140.02579,35.66127]}},{"type":"Feature","properties":{"name":"湾岸幕張ＰＡ（上り）","ref":null},"geometry":{"type":"Point","coordinates":[140.03256,35.65922]}},{"type":"Feature","properties":{"name":"北鯖江PA(上り)","ref":null},"geometry":{"type":"Point","coordinates":[136.20277,35.97573]}},{"type":"Feature","properties":{"name":"木之本IC","ref":"3"},"geometry":{"type":"Point","coordinates":[136.21776,35.49992]}},{"type":"Feature","properties":{"name":"福井IC","ref":"8"},"geometry":{"type":"Point","coordinates":[136.25407,36.03303]}},{"type":"Feature","properties":{"name":"小松IC","ref":"14"},"geometry":{"type":"Point","coordinates":[136.43059,36.42324]}},{"type":"Feature","properties":{"name":"勝央SA(上り)","ref":null},"geometry":{"type":"Point","coordinates":[134.09596,35.0449]}},{"type":"Feature","properties":{"name":"楢原PA(上り)","ref":null},"geometry":{"type":"Point","coordinates":[134.19068,35.02272]}},{"type":"Feature","properties":{"name":"津山IC","ref":"13"},"geometry":{"type":"Point","coordinates":[134.0511,35.06292]}},{"type":"Feature","properties":{"name":"北房IC","ref":"18"},"geometry":{"type":"Point","coordinates":[133.65896,34.97634]}},{"type":"Feature","properties":{"name":"新清水ＩＣ","ref":"8"},"geometry":{"type":"Point","coordinates":[138.52319,35.14642]}},{"type":"Feature","properties":{"name":"中ノ湯IC","ref":null},"geometry":{"type":"Point","coordinates":[137.60349,36.20634]}},{"type":"Feature","properties":{"name":"飛島IC","ref":"10"},"geometry":{"type":"Point","coordinates":[136.80778,35.05195]}},{"type":"Feature","properties":{"name":"呉IC","ref":"4"},"geometry":{"type":"Point","coordinates":[132.56226,34.25215]}},{"type":"Feature","properties":{"name":"狭山ＰＡ（外廻り）","ref":null},"geometry":{"type":"Point","coordinates":[139.36506,35.84914]}},{"type":"Feature","properties":{"name":"天応東IC","ref":"3-2"},"geometry":{"type":"Point","coordinates":[132.52198,34.28063]}},{"type":"Feature","properties":{"name":"天応西IC","ref":"3-1"},"geometry":{"type":"Point","coordinates":[132.51253,34.29536]}},{"type":"Feature","properties":{"name":"坂南IC","ref":"2-2"},"geometry":{"type":"Point","coordinates":[132.50528,34.32678]}},{"type":"Feature","properties":{"name":"由比ＰＡ（下り）","ref":null},"geometry":{"type":"Point","coordinates":[138.55039,35.09098]}},{"type":"Feature","properties":{"name":"清水JCT","ref":"9-2"},"geometry":{"type":"Point","coordinates":[138.48301,35.0457]}},{"type":"Feature","properties":{"name":"清水ＪＣＴ","ref":"9-2"},"geometry":{"type":"Point","coordinates":[138.48902,35.04866]}},{"type":"Feature","properties":{"name":"銭函IC","ref":"8"},"geometry":{"type":"Point","coordinates":[141.17489,43.13342]}},{"type":"Feature","properties":{"name":"深川西IC","ref":"1"},"geometry":{"type":"Point","coordinates":[142.00409,43.70434]}},{"type":"Feature","properties":{"name":"音江PA (上り)","ref":null},"geometry":{"type":"Point","coordinates":[142.14755,43.70961]}},{"type":"Feature","properties":{"name":"小野田IC","ref":"44"},"geometry":{"type":"Point","coordinates":[131.18591,34.02312]}},{"type":"Feature","properties":{"name":"三間IC","ref":"23"},"geometry":{"type":"Point","coordinates":[132.59109,33.28322]}},{"type":"Feature","properties":{"name":"舞鶴大江IC","ref":"2"},"geometry":{"type":"Point","coordinates":[135.20543,35.43354]}},{"type":"Feature","properties":{"name":"佐久中佐都IC","ref":null},"geometry":{"type":"Point","coordinates":[138.45077,36.26279]}},{"type":"Feature","properties":{"name":"加古川北IC","ref":"5"},"geometry":{"type":"Point","coordinates":[134.83161,34.84925]}},{"type":"Feature","properties":{"name":"堀口能見台ＩＣ","ref":"4-2"},"geometry":{"type":"Point","coordinates":[139.62103,35.35584]}},{"type":"Feature","properties":{"name":"津田東IC","ref":"11"},"geometry":{"type":"Point","coordinates":[134.27677,34.27598]}},{"type":"Feature","properties":{"name":"高岡PA(下り)","ref":null},"geometry":{"type":"Point","coordinates":[137.02991,36.66885]}},{"type":"Feature","properties":{"name":"福岡PA(上り)","ref":null},"geometry":{"type":"Point","coordinates":[136.95131,36.71036]}},{"type":"Feature","properties":{"name":"綾部安国寺IC","ref":"3-1"},"geometry":{"type":"Point","coordinates":[135.30881,35.33576]}},{"type":"Feature","properties":{"name":"西淡三原IC","ref":"9"},"geometry":{"type":"Point","coordinates":[134.75137,34.31185]}},{"type":"Feature","properties":{"name":"洲本IC","ref":"8"},"geometry":{"type":"Point","coordinates":[134.84083,34.34238]}},{"type":"Feature","properties":{"name":"玖珠SA(上り)","ref":null},"geometry":{"type":"Point","coordinates":[131.12049,33.28327]}},{"type":"Feature","properties":{"name":"大分IC","ref":"12"},"geometry":{"type":"Point","coordinates":[131.57178,33.22246]}},{"type":"Feature","properties":{"name":"別府湾SA(上り)/スマートIC","ref":"10-1"},"geometry":{"type":"Point","coordinates":[131.46219,33.33078]}},{"type":"Feature","properties":{"name":"別府湾SA(下り)/スマートIC","ref":"10-1"},"geometry":{"type":"Point","coordinates":[131.46004,33.33839]}},{"type":"Feature","properties":{"name":"由布岳PA(下り)/スマートIC","ref":"9-1"},"geometry":{"type":"Point","coordinates":[131.39482,33.30239]}},{"type":"Feature","properties":{"name":"大分米良IC","ref":"14"},"geometry":{"type":"Point","coordinates":[131.63466,33.20026]}},{"type":"Feature","properties":{"name":"大分松岡PA(上り)","ref":null},"geometry":{"type":"Point","coordinates":[131.67008,33.19776]}},{"type":"Feature","properties":{"name":"高谷JCT","ref":"1/92"},"geometry":{"type":"Point","coordinates":[139.94917,35.69001]}},{"type":"Feature","properties":{"name":"伊予灘SA(下り)","ref":null},"geometry":{"type":"Point","coordinates":[132.76039,33.77378]}},{"type":"Feature","properties":{"name":"水分PA(下り)","ref":null},"geometry":{"type":"Point","coordinates":[131.24351,33.24748]}},{"type":"Feature","properties":{"name":"玖珠IC","ref":"7"},"geometry":{"type":"Point","coordinates":[131.16524,33.28901]}},{"type":"Feature","properties":{"name":"玖珠SA(下り)","ref":null},"geometry":{"type":"Point","coordinates":[131.11352,33.28263]}},{"type":"Feature","properties":{"name":"伏古IC","ref":null},"geometry":{"type":"Point","coordinates":[141.39581,43.09643]}},{"type":"Feature","properties":{"name":"新空港IC","ref":null},"geometry":{"type":"Point","coordinates":[140.38085,35.77774]}},{"type":"Feature","properties":{"name":"大分光吉IC","ref":"13"},"geometry":{"type":"Point","coordinates":[131.60087,33.19754]}},{"type":"Feature","properties":{"name":"御船IC","ref":"16"},"geometry":{"type":"Point","coordinates":[130.77699,32.73352]}},{"type":"Feature","properties":{"name":"高鍋IC","ref":"27"},"geometry":{"type":"Point","coordinates":[131.49184,32.15623]}},{"type":"Feature","properties":{"name":"清武JCT","ref":"4-1"},"geometry":{"type":"Point","coordinates":[131.35836,31.8497]}},{"type":"Feature","properties":{"name":"田野IC","ref":"4"},"geometry":{"type":"Point","coordinates":[131.30264,31.82175]}},{"type":"Feature","properties":{"name":"大洲肱南IC","ref":"19"},"geometry":{"type":"Point","coordinates":[132.55301,33.50003]}},{"type":"Feature","properties":{"name":"宮崎IC","ref":"5"},"geometry":{"type":"Point","coordinates":[131.41288,31.86916]}},{"type":"Feature","properties":{"name":"清武PA(下り)","ref":null},"geometry":{"type":"Point","coordinates":[131.39929,31.86764]}},{"type":"Feature","properties":{"name":"人吉IC","ref":"19"},"geometry":{"type":"Point","coordinates":[130.77067,32.23198]}},{"type":"Feature","properties":{"name":"賤ヶ岳SA(上り)","ref":null},"geometry":{"type":"Point","coordinates":[136.21692,35.52316]}},{"type":"Feature","properties":{"name":"小林IC","ref":"1"},"geometry":{"type":"Point","coordinates":[130.93257,31.98469]}},{"type":"Feature","properties":{"name":"神田PA(上り)","ref":null},"geometry":{"type":"Point","coordinates":[136.30728,35.35904]}},{"type":"Feature","properties":{"name":"諫早IC","ref":"10"},"geometry":{"type":"Point","coordinates":[130.01095,32.83134]}},{"type":"Feature","properties":{"name":"東そのぎIC","ref":"8"},"geometry":{"type":"Point","coordinates":[129.92706,33.03475]}},{"type":"Feature","properties":{"name":"阿知須IC","ref":null},"geometry":{"type":"Point","coordinates":[131.32776,34.01417]}},{"type":"Feature","properties":{"name":"佐世保中央IC","ref":"6"},"geometry":{"type":"Point","coordinates":[129.71206,33.17294]}},{"type":"Feature","properties":{"name":"野呂ＰＡ（下り）","ref":null},"geometry":{"type":"Point","coordinates":[140.23052,35.57002]}},{"type":"Feature","properties":{"name":"西予宇和IC","ref":"22"},"geometry":{"type":"Point","coordinates":[132.52846,33.36015]}},{"type":"Feature","properties":{"name":"高尾山ＩＣ","ref":"35"},"geometry":{"type":"Point","coordinates":[139.26325,35.62397]}},{"type":"Feature","properties":{"name":"西都IC","ref":"28"},"geometry":{"type":"Point","coordinates":[131.41336,32.07416]}},{"type":"Feature","properties":{"name":"日本坂ＰＡ（下り）","ref":null},"geometry":{"type":"Point","coordinates":[138.32439,34.89085]}},{"type":"Feature","properties":{"name":"鹿児島西IC","ref":"25"},"geometry":{"type":"Point","coordinates":[130.50779,31.59038]}},{"type":"Feature","properties":{"name":"松元IC","ref":"24"},"geometry":{"type":"Point","coordinates":[130.45997,31.6069]}},{"type":"Feature","properties":{"name":"秩父別PA (下り)","ref":null},"geometry":{"type":"Point","coordinates":[141.97593,43.77358]}},{"type":"Feature","properties":{"name":"秩父別PA (上り)","ref":null},"geometry":{"type":"Point","coordinates":[141.97236,43.77782]}},{"type":"Feature","properties":{"name":"八代南IC","ref":"1"},"geometry":{"type":"Point","coordinates":[130.60142,32.46413]}},{"type":"Feature","properties":{"name":"日奈久IC","ref":"2"},"geometry":{"type":"Point","coordinates":[130.5659,32.42844]}},{"type":"Feature","properties":{"name":"田浦IC","ref":"3"},"geometry":{"type":"Point","coordinates":[130.51656,32.36712]}},{"type":"Feature","properties":{"name":"薩摩吉田IC","ref":"27"},"geometry":{"type":"Point","coordinates":[130.56465,31.67301]}},{"type":"Feature","properties":{"name":"駿河湾沼津ＳＡ（下り）、スマートIC","ref":"6-1"},"geometry":{"type":"Point","coordinates":[138.81561,35.15345]}},{"type":"Feature","properties":{"name":"駿河湾沼津ＳＡ（上り）、スマートIC","ref":"6-1"},"geometry":{"type":"Point","coordinates":[138.80168,35.15401]}},{"type":"Feature","properties":{"name":"新富士ＩＣ","ref":"7"},"geometry":{"type":"Point","coordinates":[138.65371,35.20157]}},{"type":"Feature","properties":{"name":"新富士ＩＣ","ref":"7"},"geometry":{"type":"Point","coordinates":[138.67587,35.20205]}},{"type":"Feature","properties":{"name":"南相馬IC","ref":"22"},"geometry":{"type":"Point","coordinates":[140.9199,37.65838]}},{"type":"Feature","properties":{"name":"王司PA(上り)","ref":null},"geometry":{"type":"Point","coordinates":[131.00044,34.04725]}},{"type":"Feature","properties":{"name":"蒲江IC","ref":"19"},"geometry":{"type":"Point","coordinates":[131.89011,32.81282]}},{"type":"Feature","properties":{"name":"蒲江波当津IC","ref":"19-1"},"geometry":{"type":"Point","coordinates":[131.85542,32.74279]}},{"type":"Feature","properties":{"name":"清水ＰＡ（上り）","ref":null},"geometry":{"type":"Point","coordinates":[138.50604,35.12928]}},{"type":"Feature","properties":{"name":"清水ＰＡ（下り）","ref":null},"geometry":{"type":"Point","coordinates":[138.51337,35.13548]}},{"type":"Feature","properties":{"name":"静岡SA/スマートIC（上り線）","ref":"10-1"},"geometry":{"type":"Point","coordinates":[138.29321,34.9742]}},{"type":"Feature","properties":{"name":"静岡SA/スマートIC（下り線）","ref":"10-1"},"geometry":{"type":"Point","coordinates":[138.29432,34.97864]}},{"type":"Feature","properties":{"name":"藤枝岡部ＩＣ","ref":"11"},"geometry":{"type":"Point","coordinates":[138.2529,34.90921]}},{"type":"Feature","properties":{"name":"藤枝岡部ＩＣ","ref":"11"},"geometry":{"type":"Point","coordinates":[138.26891,34.92201]}},{"type":"Feature","properties":{"name":"掛川ＰＡ（下り）","ref":null},"geometry":{"type":"Point","coordinates":[138.0415,34.84023]}},{"type":"Feature","properties":{"name":"掛川ＰＡ（上り）","ref":null},"geometry":{"type":"Point","coordinates":[138.03715,34.84038]}},{"type":"Feature","properties":{"name":"浜松いなさＪＣＴ","ref":"15"},"geometry":{"type":"Point","coordinates":[137.66105,34.8832]}},{"type":"Feature","properties":{"name":"緑川PA(下り)","ref":null},"geometry":{"type":"Point","coordinates":[130.75869,32.71001]}},{"type":"Feature","properties":{"name":"森掛川ＩＣ","ref":"13"},"geometry":{"type":"Point","coordinates":[137.94221,34.82525]}},{"type":"Feature","properties":{"name":"新磐田スマートIC","ref":"13-2"},"geometry":{"type":"Point","coordinates":[137.85906,34.82532]}},{"type":"Feature","properties":{"name":"遠州森町ＰＡ（上り）、スマートＩＣ","ref":"13-1"},"geometry":{"type":"Point","coordinates":[137.89603,34.82821]}},{"type":"Feature","properties":{"name":"浜松浜北ＩＣ","ref":"14"},"geometry":{"type":"Point","coordinates":[137.81415,34.83485]}},{"type":"Feature","properties":{"name":"浜松ＳＡ（下り）、スマートＩＣ","ref":"14-1"},"geometry":{"type":"Point","coordinates":[137.7596,34.83933]}},{"type":"Feature","properties":{"name":"浜松いなさＩＣ","ref":"15-1"},"geometry":{"type":"Point","coordinates":[137.64403,34.87416]}},{"type":"Feature","properties":{"name":"川南PA(下り)","ref":null},"geometry":{"type":"Point","coordinates":[131.48472,32.20468]}},{"type":"Feature","properties":{"name":"交野南IC","ref":"9"},"geometry":{"type":"Point","coordinates":[135.66397,34.77506]}},{"type":"Feature","properties":{"name":"渋川寺野ＩＣ","ref":null},"geometry":{"type":"Point","coordinates":[137.66728,34.93961]}},{"type":"Feature","properties":{"name":"鳳来峡IC","ref":null},"geometry":{"type":"Point","coordinates":[137.66665,34.99934]}},{"type":"Feature","properties":{"name":"浜松いなさ北ＩＣ","ref":null},"geometry":{"type":"Point","coordinates":[137.67009,34.88945]}},{"type":"Feature","properties":{"name":"今庄IC","ref":"5"},"geometry":{"type":"Point","coordinates":[136.19162,35.8003]}},{"type":"Feature","properties":{"name":"勝山IC","ref":null},"geometry":{"type":"Point","coordinates":[136.46866,36.06032]}},{"type":"Feature","properties":{"name":"上志比IC","ref":null},"geometry":{"type":"Point","coordinates":[136.38371,36.07501]}},{"type":"Feature","properties":{"name":"永平寺参道IC","ref":null},"geometry":{"type":"Point","coordinates":[136.31433,36.08064]}},{"type":"Feature","properties":{"name":"丸岡IC","ref":"10"},"geometry":{"type":"Point","coordinates":[136.28534,36.14554]}},{"type":"Feature","properties":{"name":"南波多谷口IC","ref":"19"},"geometry":{"type":"Point","coordinates":[129.92435,33.34407]}},{"type":"Feature","properties":{"name":"四日市IC","ref":"31"},"geometry":{"type":"Point","coordinates":[136.54954,34.99195]}},{"type":"Feature","properties":{"name":"香芝SA(上り)","ref":null},"geometry":{"type":"Point","coordinates":[135.6846,34.56036]}},{"type":"Feature","properties":{"name":"追分町IC","ref":"2"},"geometry":{"type":"Point","coordinates":[141.8158,42.89301]}},{"type":"Feature","properties":{"name":"嬉野PA","ref":null},"geometry":{"type":"Point","coordinates":[136.4614,34.61242]}},{"type":"Feature","properties":{"name":"甲府南ＩＣ","ref":"14"},"geometry":{"type":"Point","coordinates":[138.5909,35.59958]}},{"type":"Feature","properties":{"name":"駒形IC","ref":"2"},"geometry":{"type":"Point","coordinates":[139.14372,36.34768]}},{"type":"Feature","properties":{"name":"美作IC","ref":"12"},"geometry":{"type":"Point","coordinates":[134.16245,35.0263]}},{"type":"Feature","properties":{"name":"佐世保みなとIC","ref":"5"},"geometry":{"type":"Point","coordinates":[129.73261,33.15191]}},{"type":"Feature","properties":{"name":"相浦中里IC","ref":"7"},"geometry":{"type":"Point","coordinates":[129.67297,33.202]}},{"type":"Feature","properties":{"name":"尼崎IC","ref":"37"},"geometry":{"type":"Point","coordinates":[135.41537,34.74231]}},{"type":"Feature","properties":{"name":"多久西PA(上り)","ref":null},"geometry":{"type":"Point","coordinates":[130.08179,33.26006]}},{"type":"Feature","properties":{"name":"長崎多良見IC","ref":"11"},"geometry":{"type":"Point","coordinates":[129.96805,32.81151]}},{"type":"Feature","properties":{"name":"川平IC","ref":"11-3"},"geometry":{"type":"Point","coordinates":[129.88687,32.79901]}},{"type":"Feature","properties":{"name":"森IC","ref":"7"},"geometry":{"type":"Point","coordinates":[140.57212,42.08321]}},{"type":"Feature","properties":{"name":"みやま柳川IC","ref":"11-1"},"geometry":{"type":"Point","coordinates":[130.50902,33.14757]}},{"type":"Feature","properties":{"name":"海老名南JCT","ref":"1"},"geometry":{"type":"Point","coordinates":[139.37314,35.407]}},{"type":"Feature","properties":{"name":"黒磯板室IC;黒磯PA (上り)","ref":"12-1"},"geometry":{"type":"Point","coordinates":[139.9934,36.96201]}},{"type":"Feature","properties":{"name":"安代IC","ref":"47"},"geometry":{"type":"Point","coordinates":[141.04734,40.10917]}},{"type":"Feature","properties":{"name":"山川PA(上り)","ref":null},"geometry":{"type":"Point","coordinates":[130.51823,33.12578]}},{"type":"Feature","properties":{"name":"山川PA(下り)","ref":null},"geometry":{"type":"Point","coordinates":[130.51745,33.13097]}},{"type":"Feature","properties":{"name":"金山PA (上り)","ref":null},"geometry":{"type":"Point","coordinates":[141.21695,43.12183]}},{"type":"Feature","properties":{"name":"吉田掛合IC","ref":"5"},"geometry":{"type":"Point","coordinates":[132.8432,35.19649]}},{"type":"Feature","properties":{"name":"松江JCT","ref":"23-1"},"geometry":{"type":"Point","coordinates":[133.09383,35.44748]}},{"type":"Feature","properties":{"name":"高原IC","ref":"2"},"geometry":{"type":"Point","coordinates":[131.01791,31.92949]}},{"type":"Feature","properties":{"name":"日向高崎PA(下り)","ref":null},"geometry":{"type":"Point","coordinates":[131.03018,31.90299]}},{"type":"Feature","properties":{"name":"上板SA(上り)","ref":null},"geometry":{"type":"Point","coordinates":[134.40635,34.1397]}},{"type":"Feature","properties":{"name":"村上瀬波温泉IC","ref":"8"},"geometry":{"type":"Point","coordinates":[139.47353,38.20633]}},{"type":"Feature","properties":{"name":"朝日まほろばIC","ref":"11"},"geometry":{"type":"Point","coordinates":[139.52221,38.27263]}},{"type":"Feature","properties":{"name":"朝日三面IC","ref":"10"},"geometry":{"type":"Point","coordinates":[139.51216,38.24184]}},{"type":"Feature","properties":{"name":"屋嘉IC","ref":"7"},"geometry":{"type":"Point","coordinates":[127.84662,26.45041]}},{"type":"Feature","properties":{"name":"伊芸SA","ref":null},"geometry":{"type":"Point","coordinates":[127.87082,26.46034]}},{"type":"Feature","properties":{"name":"古賀IC","ref":"6"},"geometry":{"type":"Point","coordinates":[130.49437,33.71893]}},{"type":"Feature","properties":{"name":"明石SA","ref":null},"geometry":{"type":"Point","coordinates":[134.95767,34.70335]}},{"type":"Feature","properties":{"name":"大久保IC","ref":"7"},"geometry":{"type":"Point","coordinates":[134.94492,34.70968]}},{"type":"Feature","properties":{"name":"明石西ランプ","ref":"8"},"geometry":{"type":"Point","coordinates":[134.89876,34.71996]}},{"type":"Feature","properties":{"name":"亀山IC","ref":"1/33"},"geometry":{"type":"Point","coordinates":[136.41481,34.86315]}},{"type":"Feature","properties":{"name":"古川IC","ref":"31"},"geometry":{"type":"Point","coordinates":[140.93252,38.59157]}},{"type":"Feature","properties":{"name":"八戸西スマートIC","ref":"5-2"},"geometry":{"type":"Point","coordinates":[141.41697,40.51912]}},{"type":"Feature","properties":{"name":"大栄JCT","ref":"10-1/90"},"geometry":{"type":"Point","coordinates":[140.39133,35.8119]}},{"type":"Feature","properties":{"name":"大栄PA (下り)","ref":null},"geometry":{"type":"Point","coordinates":[140.40052,35.81195]}},{"type":"Feature","properties":{"name":"大栄PA (上り)","ref":null},"geometry":{"type":"Point","coordinates":[140.40922,35.81467]}},{"type":"Feature","properties":{"name":"佐原PA (下り)","ref":null},"geometry":{"type":"Point","coordinates":[140.55032,35.89019]}},{"type":"Feature","properties":{"name":"佐原PA (上り)","ref":null},"geometry":{"type":"Point","coordinates":[140.55557,35.89556]}},{"type":"Feature","properties":{"name":"酒々井PA (下り)","ref":null},"geometry":{"type":"Point","coordinates":[140.28076,35.70705]}},{"type":"Feature","properties":{"name":"酒々井PA (上り)","ref":null},"geometry":{"type":"Point","coordinates":[140.28727,35.71426]}},{"type":"Feature","properties":{"name":"富里IC","ref":"9"},"geometry":{"type":"Point","coordinates":[140.3122,35.74526]}},{"type":"Feature","properties":{"name":"湾岸千葉ＩＣ","ref":"4"},"geometry":{"type":"Point","coordinates":[140.05863,35.64911]}},{"type":"Feature","properties":{"name":"野呂ＰＡ（上り）","ref":null},"geometry":{"type":"Point","coordinates":[140.23876,35.57]}},{"type":"Feature","properties":{"name":"東金JCT","ref":"100"},"geometry":{"type":"Point","coordinates":[140.31518,35.57884]}},{"type":"Feature","properties":{"name":"千葉東ＩＣ","ref":null},"geometry":{"type":"Point","coordinates":[140.15948,35.60005]}},{"type":"Feature","properties":{"name":"大宮ＩＣ","ref":"2"},"geometry":{"type":"Point","coordinates":[140.17833,35.58722]}},{"type":"Feature","properties":{"name":"野幌PA (下り)","ref":null},"geometry":{"type":"Point","coordinates":[141.52773,43.08116]}},{"type":"Feature","properties":{"name":"野幌PA (上り)","ref":null},"geometry":{"type":"Point","coordinates":[141.53987,43.07959]}},{"type":"Feature","properties":{"name":"豊中IC","ref":"36"},"geometry":{"type":"Point","coordinates":[135.46589,34.75395]}},{"type":"Feature","properties":{"name":"葛城IC","ref":"6"},"geometry":{"type":"Point","coordinates":[135.69654,34.49767]}},{"type":"Feature","properties":{"name":"羽曳野IC","ref":"3"},"geometry":{"type":"Point","coordinates":[135.60437,34.53446]}},{"type":"Feature","properties":{"name":"養老SA/スマートIC(下り)","ref":"26-2"},"geometry":{"type":"Point","coordinates":[136.54734,35.32047]}},{"type":"Feature","properties":{"name":"彦根IC","ref":"28"},"geometry":{"type":"Point","coordinates":[136.27957,35.25969]}},{"type":"Feature","properties":{"name":"八日市ＩＣ","ref":"29"},"geometry":{"type":"Point","coordinates":[136.23046,35.09407]}},{"type":"Feature","properties":{"name":"桑名IC","ref":"29"},"geometry":{"type":"Point","coordinates":[136.64573,35.06493]}},{"type":"Feature","properties":{"name":"基山PA(下り)","ref":null},"geometry":{"type":"Point","coordinates":[130.5312,33.44588]}},{"type":"Feature","properties":{"name":"朝来SA(上り)","ref":null},"geometry":{"type":"Point","coordinates":[134.79347,35.21546]}},{"type":"Feature","properties":{"name":"朝来IC","ref":"16"},"geometry":{"type":"Point","coordinates":[134.78448,35.22876]}},{"type":"Feature","properties":{"name":"山東PA","ref":null},"geometry":{"type":"Point","coordinates":[134.86976,35.30983]}},{"type":"Feature","properties":{"name":"北斗茂辺地IC","ref":"5"},"geometry":{"type":"Point","coordinates":[140.59017,41.76555]}},{"type":"Feature","properties":{"name":"小倉IC","ref":"23"},"geometry":{"type":"Point","coordinates":[135.98473,34.62596]}},{"type":"Feature","properties":{"name":"加西IC","ref":"8-1"},"geometry":{"type":"Point","coordinates":[134.86549,34.93532]}},{"type":"Feature","properties":{"name":"富津竹岡IC","ref":"20"},"geometry":{"type":"Point","coordinates":[139.85956,35.19635]}},{"type":"Feature","properties":{"name":"霧島SA(下り)","ref":null},"geometry":{"type":"Point","coordinates":[130.95123,31.97043]}},{"type":"Feature","properties":{"name":"霧島SA(上り)","ref":null},"geometry":{"type":"Point","coordinates":[130.95605,31.965]}},{"type":"Feature","properties":{"name":"太子IC","ref":"5"},"geometry":{"type":"Point","coordinates":[135.65148,34.52686]}},{"type":"Feature","properties":{"name":"羽曳野東IC","ref":"4"},"geometry":{"type":"Point","coordinates":[135.63046,34.53578]}},{"type":"Feature","properties":{"name":"小瀬IC","ref":"3"},"geometry":{"type":"Point","coordinates":[135.71654,34.66769]}},{"type":"Feature","properties":{"name":"宝来IC","ref":"5"},"geometry":{"type":"Point","coordinates":[135.76737,34.68096]}},{"type":"Feature","properties":{"name":"小幡IC","ref":"9"},"geometry":{"type":"Point","coordinates":[136.98424,35.20865]}},{"type":"Feature","properties":{"name":"帯広川西IC","ref":"2"},"geometry":{"type":"Point","coordinates":[143.17882,42.84912]}},{"type":"Feature","properties":{"name":"富浦IC","ref":"24"},"geometry":{"type":"Point","coordinates":[139.85088,35.04072]}},{"type":"Feature","properties":{"name":"雲南吉田IC","ref":"4"},"geometry":{"type":"Point","coordinates":[132.82942,35.16592]}},{"type":"Feature","properties":{"name":"高野IC","ref":"3"},"geometry":{"type":"Point","coordinates":[132.87902,35.0208]}},{"type":"Feature","properties":{"name":"宝町","ref":"11"},"geometry":{"type":"Point","coordinates":[139.77619,35.68015]}},{"type":"Feature","properties":{"name":"那須高原SA (下り);那須高原スマートIC","ref":"13-1"},"geometry":{"type":"Point","coordinates":[140.09528,37.05419]}},{"type":"Feature","properties":{"name":"那須高原SA (上り);那須高原スマートIC","ref":"13-1"},"geometry":{"type":"Point","coordinates":[140.10525,37.06053]}},{"type":"Feature","properties":{"name":"矢板北PA (下り);矢板北スマートIC","ref":"11-1"},"geometry":{"type":"Point","coordinates":[139.9099,36.81969]}},{"type":"Feature","properties":{"name":"矢板北PA (上り);矢板北スマートIC","ref":"11-1"},"geometry":{"type":"Point","coordinates":[139.90607,36.82527]}},{"type":"Feature","properties":{"name":"東浦","ref":null},"geometry":{"type":"Point","coordinates":[134.98624,34.54823]}},{"type":"Feature","properties":{"name":"日本平久能山スマートIC","ref":"10-1"},"geometry":{"type":"Point","coordinates":[138.42218,34.96159]}},{"type":"Feature","properties":{"name":"北見中央IC","ref":"2"},"geometry":{"type":"Point","coordinates":[143.91707,43.7933]}},{"type":"Feature","properties":{"name":"宇和島別当IC","ref":"27"},"geometry":{"type":"Point","coordinates":[132.54686,33.21448]}},{"type":"Feature","properties":{"name":"釜石北IC","ref":"43"},"geometry":{"type":"Point","coordinates":[141.87958,39.33481]}},{"type":"Feature","properties":{"name":"千里浜IC","ref":null},"geometry":{"type":"Point","coordinates":[136.76565,36.88572]}},{"type":"Feature","properties":{"name":"米出IC","ref":null},"geometry":{"type":"Point","coordinates":[136.73967,36.81432]}},{"type":"Feature","properties":{"name":"県立看護大IC;高松SA","ref":null},"geometry":{"type":"Point","coordinates":[136.72296,36.7844]}},{"type":"Feature","properties":{"name":"高松IC","ref":null},"geometry":{"type":"Point","coordinates":[136.71024,36.76283]}},{"type":"Feature","properties":{"name":"津島高田IC","ref":"29"},"geometry":{"type":"Point","coordinates":[132.52009,33.1427]}},{"type":"Feature","properties":{"name":"高松","ref":"C28"},"geometry":{"type":"Point","coordinates":[139.70451,35.73874]}},{"type":"Feature","properties":{"name":"新板橋出口","ref":"C29"},"geometry":{"type":"Point","coordinates":[139.7159,35.74923]}},{"type":"Feature","properties":{"name":"徳島JCT","ref":"8"},"geometry":{"type":"Point","coordinates":[134.59316,34.10462]}},{"type":"Feature","properties":{"name":"寝屋川北IC","ref":"10"},"geometry":{"type":"Point","coordinates":[135.65941,34.77103]}},{"type":"Feature","properties":{"name":"交野北IC","ref":"8"},"geometry":{"type":"Point","coordinates":[135.70066,34.79576]}},{"type":"Feature","properties":{"name":"養老JCT","ref":"26-1"},"geometry":{"type":"Point","coordinates":[136.5748,35.31672]}},{"type":"Feature","properties":{"name":"大垣西IC","ref":"16"},"geometry":{"type":"Point","coordinates":[136.58628,35.36971]}},{"type":"Feature","properties":{"name":"巨椋IC","ref":"6"},"geometry":{"type":"Point","coordinates":[135.77107,34.90655]}},{"type":"Feature","properties":{"name":"樽前SA (上り)","ref":null},"geometry":{"type":"Point","coordinates":[141.46834,42.61413]}},{"type":"Feature","properties":{"name":"市原ＳＡ（下り）","ref":null},"geometry":{"type":"Point","coordinates":[140.0859,35.46216]}},{"type":"Feature","properties":{"name":"市原ＳＡ（上り）","ref":null},"geometry":{"type":"Point","coordinates":[140.08453,35.45762]}},{"type":"Feature","properties":{"name":"姉崎袖ケ浦ＩＣ","ref":"14"},"geometry":{"type":"Point","coordinates":[140.04272,35.42804]}},{"type":"Feature","properties":{"name":"東金ＩＣ／ＪＣＴ","ref":null},"geometry":{"type":"Point","coordinates":[140.31694,35.56777]}},{"type":"Feature","properties":{"name":"京田辺松井IC","ref":"5"},"geometry":{"type":"Point","coordinates":[135.72342,34.83752]}},{"type":"Feature","properties":{"name":"八幡東IC","ref":"4"},"geometry":{"type":"Point","coordinates":[135.74045,34.86837]}},{"type":"Feature","properties":{"name":"久御山南IC","ref":"3"},"geometry":{"type":"Point","coordinates":[135.74337,34.87152]}},{"type":"Feature","properties":{"name":"姫路JCT","ref":null},"geometry":{"type":"Point","coordinates":[134.7422,34.79981]}},{"type":"Feature","properties":{"name":"玉津IC","ref":"6"},"geometry":{"type":"Point","coordinates":[134.97994,34.68514]}},{"type":"Feature","properties":{"name":"花田IC","ref":"2"},"geometry":{"type":"Point","coordinates":[134.7392,34.83642]}},{"type":"Feature","properties":{"name":"生野ランプ","ref":"13"},"geometry":{"type":"Point","coordinates":[134.78519,35.16254]}},{"type":"Feature","properties":{"name":"和田山PA(上り)","ref":null},"geometry":{"type":"Point","coordinates":[134.82545,35.29735]}},{"type":"Feature","properties":{"name":"前沢SA (上り)","ref":null},"geometry":{"type":"Point","coordinates":[141.10014,39.07179]}},{"type":"Feature","properties":{"name":"前沢SA (下り)","ref":null},"geometry":{"type":"Point","coordinates":[141.10359,39.06435]}},{"type":"Feature","properties":{"name":"瀬田東JCT/IC","ref":"30-2"},"geometry":{"type":"Point","coordinates":[135.92164,34.96444]}},{"type":"Feature","properties":{"name":"鳴瀬奥松島IC","ref":"8"},"geometry":{"type":"Point","coordinates":[141.13997,38.4133]}},{"type":"Feature","properties":{"name":"鳴瀬奥松島本線料金所","ref":null},"geometry":{"type":"Point","coordinates":[141.13366,38.41061]}},{"type":"Feature","properties":{"name":"長者原SA (上り);長者原スマートIC","ref":"31-1"},"geometry":{"type":"Point","coordinates":[140.96529,38.6398]}},{"type":"Feature","properties":{"name":"長者原SA (下り);長者原スマートIC","ref":"31-1"},"geometry":{"type":"Point","coordinates":[140.9563,38.63459]}},{"type":"Feature","properties":{"name":"草津PA(上り)","ref":null},"geometry":{"type":"Point","coordinates":[135.9389,34.97233]}},{"type":"Feature","properties":{"name":"東大阪北IC","ref":"5"},"geometry":{"type":"Point","coordinates":[135.59214,34.69941]}},{"type":"Feature","properties":{"name":"東大阪PA(下り)","ref":null},"geometry":{"type":"Point","coordinates":[135.59349,34.69072]}},{"type":"Feature","properties":{"name":"大和まほろばスマートIC","ref":"4-1"},"geometry":{"type":"Point","coordinates":[135.76836,34.60704]}},{"type":"Feature","properties":{"name":"唐津千々賀山田IC","ref":"21"},"geometry":{"type":"Point","coordinates":[129.95402,33.40328]}},{"type":"Feature","properties":{"name":"市原ＩＣ","ref":"13"},"geometry":{"type":"Point","coordinates":[140.09284,35.49567]}},{"type":"Feature","properties":{"name":"岩泉龍泉洞IC","ref":"55"},"geometry":{"type":"Point","coordinates":[141.95564,39.84162]}},{"type":"Feature","properties":{"name":"鵜の巣断崖IC","ref":"56"},"geometry":{"type":"Point","coordinates":[141.92491,39.87664]}},{"type":"Feature","properties":{"name":"北波多IC","ref":"20"},"geometry":{"type":"Point","coordinates":[129.9346,33.38437]}},{"type":"Feature","properties":{"name":"美濃加茂IC/SA(下り)","ref":"9"},"geometry":{"type":"Point","coordinates":[137.02483,35.46951]}},{"type":"Feature","properties":{"name":"富加関IC","ref":"10"},"geometry":{"type":"Point","coordinates":[136.97548,35.50811]}},{"type":"Feature","properties":{"name":"可児御嵩IC","ref":"8"},"geometry":{"type":"Point","coordinates":[137.10057,35.43233]}},{"type":"Feature","properties":{"name":"五斗蒔PA(下り)/スマートIC","ref":"7-1"},"geometry":{"type":"Point","coordinates":[137.15986,35.36787]}},{"type":"Feature","properties":{"name":"五斗蒔PA(上り)/スマートIC","ref":"7-1"},"geometry":{"type":"Point","coordinates":[137.15649,35.37298]}},{"type":"Feature","properties":{"name":"土岐南多治見IC","ref":"7"},"geometry":{"type":"Point","coordinates":[137.17428,35.3332]}},{"type":"Feature","properties":{"name":"龍江IC","ref":"4"},"geometry":{"type":"Point","coordinates":[137.84368,35.45184]}},{"type":"Feature","properties":{"name":"坂根交差点","ref":null},"geometry":{"type":"Point","coordinates":[134.3351,35.20518]}},{"type":"Feature","properties":{"name":"関広見IC","ref":"11"},"geometry":{"type":"Point","coordinates":[136.87273,35.50778]}},{"type":"Feature","properties":{"name":"久世IC","ref":"1"},"geometry":{"type":"Point","coordinates":[133.79252,35.072]}},{"type":"Feature","properties":{"name":"上野PA(下り)","ref":null},"geometry":{"type":"Point","coordinates":[133.78351,35.10124]}},{"type":"Feature","properties":{"name":"蒜山高原SA(上り)","ref":null},"geometry":{"type":"Point","coordinates":[133.6238,35.27302]}},{"type":"Feature","properties":{"name":"湯原IC","ref":"2"},"geometry":{"type":"Point","coordinates":[133.74231,35.16788]}},{"type":"Feature","properties":{"name":"上分PA(下り)","ref":null},"geometry":{"type":"Point","coordinates":[133.58918,33.98557]}},{"type":"Feature","properties":{"name":"松山IC","ref":"13"},"geometry":{"type":"Point","coordinates":[132.78127,33.79487]}},{"type":"Feature","properties":{"name":"川島PA(下り)","ref":null},"geometry":{"type":"Point","coordinates":[136.80882,35.36944]}},{"type":"Feature","properties":{"name":"栗東IC","ref":"30"},"geometry":{"type":"Point","coordinates":[136.00641,35.01939]}},{"type":"Feature","properties":{"name":"寄居ＰＡ（下り）、スマートIC","ref":"7-1"},"geometry":{"type":"Point","coordinates":[139.19668,36.16914]}},{"type":"Feature","properties":{"name":"油坂峠出入口","ref":null},"geometry":{"type":"Point","coordinates":[136.81628,35.8702]}},{"type":"Feature","properties":{"name":"北中城IC","ref":"3"},"geometry":{"type":"Point","coordinates":[127.78883,26.29064]}},{"type":"Feature","properties":{"name":"許田IC","ref":"10"},"geometry":{"type":"Point","coordinates":[127.95611,26.54067]}},{"type":"Feature","properties":{"name":"金武IC","ref":"8"},"geometry":{"type":"Point","coordinates":[127.90158,26.45842]}},{"type":"Feature","properties":{"name":"石鎚山SA(下り)","ref":null},"geometry":{"type":"Point","coordinates":[133.11047,33.88467]}},{"type":"Feature","properties":{"name":"徳田大津JCT","ref":null},"geometry":{"type":"Point","coordinates":[136.84221,37.05839]}},{"type":"Feature","properties":{"name":"伊勢IC","ref":"42"},"geometry":{"type":"Point","coordinates":[136.73099,34.48049]}},{"type":"Feature","properties":{"name":"美東SA(下り)","ref":null},"geometry":{"type":"Point","coordinates":[131.34185,34.15072]}},{"type":"Feature","properties":{"name":"美東SA(上り)","ref":null},"geometry":{"type":"Point","coordinates":[131.33319,34.15646]}},{"type":"Feature","properties":{"name":"湯田温泉PA/スマートIC(上り)","ref":"32-1"},"geometry":{"type":"Point","coordinates":[131.46258,34.13728]}},{"type":"Feature","properties":{"name":"六日市IC","ref":"29"},"geometry":{"type":"Point","coordinates":[131.94522,34.35201]}},{"type":"Feature","properties":{"name":"深谷PA(上り)","ref":null},"geometry":{"type":"Point","coordinates":[132.01523,34.3861]}},{"type":"Feature","properties":{"name":"君津ＩＣ","ref":"18"},"geometry":{"type":"Point","coordinates":[139.94433,35.31898]}},{"type":"Feature","properties":{"name":"筒賀PA(下り)","ref":null},"geometry":{"type":"Point","coordinates":[132.25683,34.5632]}},{"type":"Feature","properties":{"name":"吉和IC","ref":"28"},"geometry":{"type":"Point","coordinates":[132.15393,34.48311]}},{"type":"Feature","properties":{"name":"筒賀PA(上り)","ref":null},"geometry":{"type":"Point","coordinates":[132.25211,34.56043]}},{"type":"Feature","properties":{"name":"朝倉PA(上り)","ref":null},"geometry":{"type":"Point","coordinates":[131.8971,34.35995]}},{"type":"Feature","properties":{"name":"朝倉PA(下り)","ref":null},"geometry":{"type":"Point","coordinates":[131.90374,34.35849]}},{"type":"Feature","properties":{"name":"鹿野IC","ref":"30"},"geometry":{"type":"Point","coordinates":[131.80913,34.23372]}},{"type":"Feature","properties":{"name":"中瀬IC","ref":"13"},"geometry":{"type":"Point","coordinates":[136.157,34.7717]}},{"type":"Feature","properties":{"name":"松原IC","ref":"11"},"geometry":{"type":"Point","coordinates":[135.56877,34.58325]}},{"type":"Feature","properties":{"name":"川登SA(下り)","ref":null},"geometry":{"type":"Point","coordinates":[130.02103,33.16064]}},{"type":"Feature","properties":{"name":"金立SA(上り)","ref":null},"geometry":{"type":"Point","coordinates":[130.30674,33.32874]}},{"type":"Feature","properties":{"name":"むかわ穂別IC","ref":"4"},"geometry":{"type":"Point","coordinates":[142.19558,42.91927]}},{"type":"Feature","properties":{"name":"松井田妙義IC","ref":"5"},"geometry":{"type":"Point","coordinates":[138.77613,36.3133]}},{"type":"Feature","properties":{"name":"大沼公園IC","ref":"6"},"geometry":{"type":"Point","coordinates":[140.61965,42.00921]}},{"type":"Feature","properties":{"name":"福岡西PA","ref":null},"geometry":{"type":"Point","coordinates":[130.29164,33.56966]}},{"type":"Feature","properties":{"name":"前原IC","ref":null},"geometry":{"type":"Point","coordinates":[130.20119,33.54185]}},{"type":"Feature","properties":{"name":"小矢部IC","ref":"18"},"geometry":{"type":"Point","coordinates":[136.84955,36.62998]}},{"type":"Feature","properties":{"name":"二丈鹿家IC","ref":"24"},"geometry":{"type":"Point","coordinates":[130.04386,33.47319]}},{"type":"Feature","properties":{"name":"城端SA(上り)","ref":null},"geometry":{"type":"Point","coordinates":[136.8763,36.50874]}},{"type":"Feature","properties":{"name":"城端SA(下り)","ref":null},"geometry":{"type":"Point","coordinates":[136.87417,36.5019]}},{"type":"Feature","properties":{"name":"下仁田IC","ref":"4"},"geometry":{"type":"Point","coordinates":[138.82416,36.23596]}},{"type":"Feature","properties":{"name":"徳山西IC","ref":"38"},"geometry":{"type":"Point","coordinates":[131.68492,34.06992]}},{"type":"Feature","properties":{"name":"丹南篠山口IC","ref":"2"},"geometry":{"type":"Point","coordinates":[135.18002,35.06628]}},{"type":"Feature","properties":{"name":"上之郷IC","ref":"1"},"geometry":{"type":"Point","coordinates":[135.33492,34.36701]}},{"type":"Feature","properties":{"name":"掛川ＩＣ","ref":"14-1"},"geometry":{"type":"Point","coordinates":[138.02387,34.76493]}},{"type":"Feature","properties":{"name":"泉佐野IC","ref":"2"},"geometry":{"type":"Point","coordinates":[135.316,34.39591]}},{"type":"Feature","properties":{"name":"白山IC","ref":"15-2"},"geometry":{"type":"Point","coordinates":[136.57999,36.55315]}},{"type":"Feature","properties":{"name":"美川IC","ref":"15"},"geometry":{"type":"Point","coordinates":[136.49753,36.50414]}},{"type":"Feature","properties":{"name":"安宅PA(下り)/スマートIC","ref":"13-1"},"geometry":{"type":"Point","coordinates":[136.3899,36.39376]}},{"type":"Feature","properties":{"name":"安宅PA(上り)/スマートIC","ref":"13-1"},"geometry":{"type":"Point","coordinates":[136.39467,36.39776]}},{"type":"Feature","properties":{"name":"片山津IC","ref":"13"},"geometry":{"type":"Point","coordinates":[136.35841,36.37176]}},{"type":"Feature","properties":{"name":"江刺田瀬IC","ref":"3"},"geometry":{"type":"Point","coordinates":[141.2736,39.29104]}},{"type":"Feature","properties":{"name":"東和IC","ref":"2"},"geometry":{"type":"Point","coordinates":[141.21799,39.38225]}},{"type":"Feature","properties":{"name":"富浦PA (下り)","ref":null},"geometry":{"type":"Point","coordinates":[141.14239,42.44131]}},{"type":"Feature","properties":{"name":"富浦PA (上り)","ref":null},"geometry":{"type":"Point","coordinates":[141.15283,42.44584]}},{"type":"Feature","properties":{"name":"登別東IC","ref":"18"},"geometry":{"type":"Point","coordinates":[141.17424,42.46173]}},{"type":"Feature","properties":{"name":"刀根PA(上り)","ref":null},"geometry":{"type":"Point","coordinates":[136.14822,35.6035]}},{"type":"Feature","properties":{"name":"刀根PA(下り)","ref":null},"geometry":{"type":"Point","coordinates":[136.15331,35.60341]}},{"type":"Feature","properties":{"name":"五箇山IC","ref":"15"},"geometry":{"type":"Point","coordinates":[136.87869,36.39187]}},{"type":"Feature","properties":{"name":"市布名IC","ref":null},"geometry":{"type":"Point","coordinates":[129.96705,32.8172]}},{"type":"Feature","properties":{"name":"四万十町中央IC","ref":"19"},"geometry":{"type":"Point","coordinates":[133.15661,33.2308]}},{"type":"Feature","properties":{"name":"池田IC","ref":"11"},"geometry":{"type":"Point","coordinates":[143.43702,42.99541]}},{"type":"Feature","properties":{"name":"横川SA（下り）","ref":null},"geometry":{"type":"Point","coordinates":[138.74586,36.33764]}},{"type":"Feature","properties":{"name":"北郷IC","ref":"31"},"geometry":{"type":"Point","coordinates":[141.42662,43.05718]}},{"type":"Feature","properties":{"name":"伊勢西IC","ref":"41"},"geometry":{"type":"Point","coordinates":[136.70921,34.47192]}},{"type":"Feature","properties":{"name":"須美江IC","ref":"20-1"},"geometry":{"type":"Point","coordinates":[131.75816,32.67747]}},{"type":"Feature","properties":{"name":"北川IC","ref":"21"},"geometry":{"type":"Point","coordinates":[131.70679,32.66462]}},{"type":"Feature","properties":{"name":"十勝清水IC","ref":"7"},"geometry":{"type":"Point","coordinates":[142.85575,42.99528]}},{"type":"Feature","properties":{"name":"清武PA(上り)","ref":null},"geometry":{"type":"Point","coordinates":[131.39725,31.8674]}},{"type":"Feature","properties":{"name":"大洲北IC","ref":"17"},"geometry":{"type":"Point","coordinates":[132.57725,33.52053]}},{"type":"Feature","properties":{"name":"大洲北只IC","ref":"21"},"geometry":{"type":"Point","coordinates":[132.53757,33.48514]}},{"type":"Feature","properties":{"name":"黒松内JCT","ref":"12"},"geometry":{"type":"Point","coordinates":[140.44001,42.64051]}},{"type":"Feature","properties":{"name":"養父IC","ref":null},"geometry":{"type":"Point","coordinates":[134.76344,35.35711]}},{"type":"Feature","properties":{"name":"山田川IC","ref":"6"},"geometry":{"type":"Point","coordinates":[135.79177,34.7358]}},{"type":"Feature","properties":{"name":"精華下狛IC","ref":"4"},"geometry":{"type":"Point","coordinates":[135.77342,34.77695]}},{"type":"Feature","properties":{"name":"香住IC","ref":"2"},"geometry":{"type":"Point","coordinates":[134.62405,35.62966]}},{"type":"Feature","properties":{"name":"静狩PA (上り)","ref":null},"geometry":{"type":"Point","coordinates":[140.39765,42.565]}},{"type":"Feature","properties":{"name":"宇和島南IC","ref":"28"},"geometry":{"type":"Point","coordinates":[132.54554,33.1971]}},{"type":"Feature","properties":{"name":"宇和島朝日IC","ref":"25"},"geometry":{"type":"Point","coordinates":[132.55843,33.22938]}},{"type":"Feature","properties":{"name":"宇和島北IC","ref":"24"},"geometry":{"type":"Point","coordinates":[132.56532,33.24085]}},{"type":"Feature","properties":{"name":"柳田IC","ref":null},"geometry":{"type":"Point","coordinates":[136.77373,36.91555]}},{"type":"Feature","properties":{"name":"大府IC","ref":"6"},"geometry":{"type":"Point","coordinates":[136.9215,35.04575]}},{"type":"Feature","properties":{"name":"東海JCT","ref":"7-1"},"geometry":{"type":"Point","coordinates":[136.91049,35.04897]}},{"type":"Feature","properties":{"name":"東海JCT","ref":"7-1"},"geometry":{"type":"Point","coordinates":[136.88849,35.05212]}},{"type":"Feature","properties":{"name":"大東鶴見IC","ref":"4"},"geometry":{"type":"Point","coordinates":[135.59205,34.70667]}},{"type":"Feature","properties":{"name":"金浦IC","ref":"12"},"geometry":{"type":"Point","coordinates":[139.93115,39.25297]}},{"type":"Feature","properties":{"name":"仁賀保IC","ref":"13"},"geometry":{"type":"Point","coordinates":[139.97617,39.29506]}},{"type":"Feature","properties":{"name":"御所IC","ref":null},"geometry":{"type":"Point","coordinates":[135.75272,34.46639]}},{"type":"Feature","properties":{"name":"橿原高田IC","ref":null},"geometry":{"type":"Point","coordinates":[135.76156,34.49171]}},{"type":"Feature","properties":{"name":"紀北かつらぎIC","ref":"16"},"geometry":{"type":"Point","coordinates":[135.50153,34.30223]}},{"type":"Feature","properties":{"name":"鳴門北IC","ref":"11"},"geometry":{"type":"Point","coordinates":[134.62711,34.22196]}},{"type":"Feature","properties":{"name":"向井IC","ref":"4"},"geometry":{"type":"Point","coordinates":[136.34146,34.83753]}},{"type":"Feature","properties":{"name":"三木小野IC","ref":"4"},"geometry":{"type":"Point","coordinates":[134.9587,34.81277]}},{"type":"Feature","properties":{"name":"宮崎PA(上り)","ref":null},"geometry":{"type":"Point","coordinates":[131.3648,31.90578]}},{"type":"Feature","properties":{"name":"引田IC","ref":"9"},"geometry":{"type":"Point","coordinates":[134.38456,34.22688]}},{"type":"Feature","properties":{"name":"阪南IC","ref":"20"},"geometry":{"type":"Point","coordinates":[135.2705,34.33143]}},{"type":"Feature","properties":{"name":"南紀田辺IC","ref":"34"},"geometry":{"type":"Point","coordinates":[135.37326,33.7462]}},{"type":"Feature","properties":{"name":"有田南IC","ref":"26"},"geometry":{"type":"Point","coordinates":[135.20218,34.05029]}},{"type":"Feature","properties":{"name":"湯浅IC","ref":"27"},"geometry":{"type":"Point","coordinates":[135.20089,34.03096]}},{"type":"Feature","properties":{"name":"広川IC","ref":"28"},"geometry":{"type":"Point","coordinates":[135.19165,34.00875]}},{"type":"Feature","properties":{"name":"海南東IC","ref":"22"},"geometry":{"type":"Point","coordinates":[135.2325,34.15978]}},{"type":"Feature","properties":{"name":"鴨方IC","ref":"19"},"geometry":{"type":"Point","coordinates":[133.59134,34.55199]}},{"type":"Feature","properties":{"name":"寒川南IC","ref":"26"},"geometry":{"type":"Point","coordinates":[139.37636,35.35817]}},{"type":"Feature","properties":{"name":"北浦IC","ref":"20"},"geometry":{"type":"Point","coordinates":[131.81569,32.71134]}},{"type":"Feature","properties":{"name":"戸田東IC","ref":"61"},"geometry":{"type":"Point","coordinates":[139.65568,35.8299]}},{"type":"Feature","properties":{"name":"比布大雪PA (下り)","ref":null},"geometry":{"type":"Point","coordinates":[142.45616,43.8875]}},{"type":"Feature","properties":{"name":"比布大雪PA (上り)","ref":null},"geometry":{"type":"Point","coordinates":[142.46043,43.89416]}},{"type":"Feature","properties":{"name":"美幌高野IC","ref":null},"geometry":{"type":"Point","coordinates":[144.08432,43.85581]}},{"type":"Feature","properties":{"name":"都農IC","ref":"26"},"geometry":{"type":"Point","coordinates":[131.52491,32.25202]}},{"type":"Feature","properties":{"name":"女満別空港IC","ref":null},"geometry":{"type":"Point","coordinates":[144.15421,43.88263]}},{"type":"Feature","properties":{"name":"北見西IC","ref":"1"},"geometry":{"type":"Point","coordinates":[143.85379,43.76881]}},{"type":"Feature","properties":{"name":"北見東IC","ref":"3"},"geometry":{"type":"Point","coordinates":[143.9414,43.82673]}},{"type":"Feature","properties":{"name":"幸福IC","ref":"3"},"geometry":{"type":"Point","coordinates":[143.16864,42.74752]}},{"type":"Feature","properties":{"name":"壬生PA（東行き）","ref":null},"geometry":{"type":"Point","coordinates":[139.8016,36.45157]}},{"type":"Feature","properties":{"name":"本輪西展望所 (上り)","ref":null},"geometry":{"type":"Point","coordinates":[140.99191,42.38435]}},{"type":"Feature","properties":{"name":"大浜PA(上り)","ref":null},"geometry":{"type":"Point","coordinates":[133.16832,34.35052]}},{"type":"Feature","properties":{"name":"留萌大和田IC","ref":"6"},"geometry":{"type":"Point","coordinates":[141.69088,43.90947]}},{"type":"Feature","properties":{"name":"内子PA(上り)","ref":null},"geometry":{"type":"Point","coordinates":[132.66635,33.56559]}},{"type":"Feature","properties":{"name":"種差海岸階上岳IC","ref":"73"},"geometry":{"type":"Point","coordinates":[141.59521,40.47066]}},{"type":"Feature","properties":{"name":"圏央厚木ＩＣ","ref":"32"},"geometry":{"type":"Point","coordinates":[139.37281,35.48019]}},{"type":"Feature","properties":{"name":"香南かがみIC","ref":"6"},"geometry":{"type":"Point","coordinates":[133.73286,33.55162]}},{"type":"Feature","properties":{"name":"香南やすIC","ref":"7"},"geometry":{"type":"Point","coordinates":[133.75761,33.54098]}},{"type":"Feature","properties":{"name":"北見川東IC","ref":"2-1"},"geometry":{"type":"Point","coordinates":[143.93288,43.80922]}},{"type":"Feature","properties":{"name":"北見北上IC","ref":"1-1"},"geometry":{"type":"Point","coordinates":[143.873,43.77123]}},{"type":"Feature","properties":{"name":"幌延IC","ref":"1"},"geometry":{"type":"Point","coordinates":[141.83931,45.01112]}},{"type":"Feature","properties":{"name":"豊富北IC","ref":"4"},"geometry":{"type":"Point","coordinates":[141.74853,45.22693]}},{"type":"Feature","properties":{"name":"石川母畑IC","ref":"5"},"geometry":{"type":"Point","coordinates":[140.47806,37.20254]}},{"type":"Feature","properties":{"name":"須崎中央IC","ref":"15"},"geometry":{"type":"Point","coordinates":[133.28448,33.39773]}},{"type":"Feature","properties":{"name":"長岡京IC","ref":"17"},"geometry":{"type":"Point","coordinates":[135.6858,34.91454]}},{"type":"Feature","properties":{"name":"大原野IC","ref":"16"},"geometry":{"type":"Point","coordinates":[135.65433,34.96307]}},{"type":"Feature","properties":{"name":"桜三里PA(下り)","ref":null},"geometry":{"type":"Point","coordinates":[132.94218,33.80423]}},{"type":"Feature","properties":{"name":"酒々井IC","ref":"8-1"},"geometry":{"type":"Point","coordinates":[140.2927,35.72581]}},{"type":"Feature","properties":{"name":"佐久穂IC","ref":null},"geometry":{"type":"Point","coordinates":[138.47018,36.15808]}},{"type":"Feature","properties":{"name":"旭IC","ref":"3"},"geometry":{"type":"Point","coordinates":[132.26146,34.87312]}},{"type":"Feature","properties":{"name":"美野里PA（下り）","ref":null},"geometry":{"type":"Point","coordinates":[140.29586,36.23218]}},{"type":"Feature","properties":{"name":"佐波川SA(上り)","ref":null},"geometry":{"type":"Point","coordinates":[131.50678,34.0547]}},{"type":"Feature","properties":{"name":"下柘植IC","ref":"9"},"geometry":{"type":"Point","coordinates":[136.21601,34.81791]}},{"type":"Feature","properties":{"name":"間IC","ref":"27"},"geometry":{"type":"Point","coordinates":[132.88292,32.96943]}},{"type":"Feature","properties":{"name":"佐久北IC","ref":null},"geometry":{"type":"Point","coordinates":[138.46991,36.29372]}},{"type":"Feature","properties":{"name":"防府西IC","ref":"40"},"geometry":{"type":"Point","coordinates":[131.53589,34.05535]}},{"type":"Feature","properties":{"name":"富海PA(下り)","ref":null},"geometry":{"type":"Point","coordinates":[131.65762,34.06631]}},{"type":"Feature","properties":{"name":"高滝湖ＰＡ（内廻り）","ref":null},"geometry":{"type":"Point","coordinates":[140.15879,35.35901]}},{"type":"Feature","properties":{"name":"千曲川さかきPA（上り）","ref":null},"geometry":{"type":"Point","coordinates":[138.19927,36.45936]}},{"type":"Feature","properties":{"name":"更埴JCT","ref":"12"},"geometry":{"type":"Point","coordinates":[138.13646,36.55049]}},{"type":"Feature","properties":{"name":"郷原IC","ref":"6"},"geometry":{"type":"Point","coordinates":[132.62799,34.30615]}},{"type":"Feature","properties":{"name":"馬木IC","ref":"4"},"geometry":{"type":"Point","coordinates":[132.72915,34.36193]}},{"type":"Feature","properties":{"name":"下三永福本IC","ref":"3"},"geometry":{"type":"Point","coordinates":[132.75161,34.37716]}},{"type":"Feature","properties":{"name":"埴生IC","ref":"45"},"geometry":{"type":"Point","coordinates":[131.0988,34.04675]}},{"type":"Feature","properties":{"name":"下関JCT","ref":"35-2"},"geometry":{"type":"Point","coordinates":[131.07903,34.09131]}},{"type":"Feature","properties":{"name":"美沢PA (上り)","ref":null},"geometry":{"type":"Point","coordinates":[141.6395,42.76008]}},{"type":"Feature","properties":{"name":"美沢PA (下り)","ref":null},"geometry":{"type":"Point","coordinates":[141.64404,42.75334]}},{"type":"Feature","properties":{"name":"樽前SA (下り)","ref":null},"geometry":{"type":"Point","coordinates":[141.46334,42.61116]}},{"type":"Feature","properties":{"name":"大山田ＰＡ（上り）","ref":null},"geometry":{"type":"Point","coordinates":[136.65407,35.0822]}},{"type":"Feature","properties":{"name":"厚木PA/スマートIC（内回り）","ref":"32-1"},"geometry":{"type":"Point","coordinates":[139.36779,35.49452]}},{"type":"Feature","properties":{"name":"萩野PA (下り)","ref":null},"geometry":{"type":"Point","coordinates":[141.28008,42.54069]}},{"type":"Feature","properties":{"name":"八雲PA (下り)","ref":null},"geometry":{"type":"Point","coordinates":[140.31631,42.22458]}},{"type":"Feature","properties":{"name":"玖珂IC","ref":"35"},"geometry":{"type":"Point","coordinates":[132.08236,34.0829]}},{"type":"Feature","properties":{"name":"坂戸西スマートＩＣ","ref":"5-1"},"geometry":{"type":"Point","coordinates":[139.38043,35.96651]}},{"type":"Feature","properties":{"name":"伊佐PA(上り)","ref":null},"geometry":{"type":"Point","coordinates":[131.20208,34.11878]}},{"type":"Feature","properties":{"name":"伊佐PA(下り)","ref":null},"geometry":{"type":"Point","coordinates":[131.20983,34.12022]}},{"type":"Feature","properties":{"name":"茂原長南ＩＣ","ref":"103"},"geometry":{"type":"Point","coordinates":[140.25072,35.40357]}},{"type":"Feature","properties":{"name":"茂原北ＩＣ","ref":"102"},"geometry":{"type":"Point","coordinates":[140.27372,35.48993]}},{"type":"Feature","properties":{"name":"あつみ温泉IC","ref":"13"},"geometry":{"type":"Point","coordinates":[139.58554,38.60442]}},{"type":"Feature","properties":{"name":"関SA(上り)","ref":null},"geometry":{"type":"Point","coordinates":[136.89588,35.49354]}},{"type":"Feature","properties":{"name":"長良川SA(下り)","ref":null},"geometry":{"type":"Point","coordinates":[136.8982,35.50605]}},{"type":"Feature","properties":{"name":"米子東IC","ref":"16"},"geometry":{"type":"Point","coordinates":[133.40296,35.42574]}},{"type":"Feature","properties":{"name":"熊野新鹿IC","ref":"9"},"geometry":{"type":"Point","coordinates":[136.13879,33.93114]}},{"type":"Feature","properties":{"name":"賀田IC","ref":"8"},"geometry":{"type":"Point","coordinates":[136.16303,33.97027]}},{"type":"Feature","properties":{"name":"熊野大泊IC","ref":"10"},"geometry":{"type":"Point","coordinates":[136.11803,33.90305]}},{"type":"Feature","properties":{"name":"稲敷ＩＣ","ref":"84"},"geometry":{"type":"Point","coordinates":[140.29784,35.95772]}},{"type":"Feature","properties":{"name":"国分PA(上り)","ref":null},"geometry":{"type":"Point","coordinates":[130.79229,31.73208]}},{"type":"Feature","properties":{"name":"国分PA(下り)","ref":null},"geometry":{"type":"Point","coordinates":[130.79276,31.73716]}},{"type":"Feature","properties":{"name":"みえ川越IC","ref":"15"},"geometry":{"type":"Point","coordinates":[136.68742,35.02181]}},{"type":"Feature","properties":{"name":"美祢東JCT","ref":"34-2"},"geometry":{"type":"Point","coordinates":[131.3199,34.17217]}},{"type":"Feature","properties":{"name":"唐桑小原木IC","ref":"29"},"geometry":{"type":"Point","coordinates":[141.6282,38.95094]}},{"type":"Feature","properties":{"name":"串木野IC","ref":"20"},"geometry":{"type":"Point","coordinates":[130.29062,31.72607]}},{"type":"Feature","properties":{"name":"薩摩川内都IC","ref":"19"},"geometry":{"type":"Point","coordinates":[130.29438,31.77437]}},{"type":"Feature","properties":{"name":"薩摩川内高江IC","ref":"18"},"geometry":{"type":"Point","coordinates":[130.26143,31.82143]}},{"type":"Feature","properties":{"name":"三木里IC","ref":"７"},"geometry":{"type":"Point","coordinates":[136.18878,34.00259]}},{"type":"Feature","properties":{"name":"みやこ豊津IC","ref":"3"},"geometry":{"type":"Point","coordinates":[130.99714,33.67592]}},{"type":"Feature","properties":{"name":"行橋IC","ref":"2"},"geometry":{"type":"Point","coordinates":[130.94935,33.72215]}},{"type":"Feature","properties":{"name":"口和IC","ref":"2"},"geometry":{"type":"Point","coordinates":[132.88128,34.91379]}},{"type":"Feature","properties":{"name":"安来IC","ref":"20"},"geometry":{"type":"Point","coordinates":[133.26252,35.417]}},{"type":"Feature","properties":{"name":"琴浦船上山IC","ref":"11"},"geometry":{"type":"Point","coordinates":[133.63002,35.50865]}},{"type":"Feature","properties":{"name":"名和IC","ref":"13"},"geometry":{"type":"Point","coordinates":[133.50686,35.50115]}},{"type":"Feature","properties":{"name":"紀ノ川SA(上り)","ref":null},"geometry":{"type":"Point","coordinates":[135.24553,34.27536]}},{"type":"Feature","properties":{"name":"下津IC","ref":"24"},"geometry":{"type":"Point","coordinates":[135.20153,34.12784]}},{"type":"Feature","properties":{"name":"紀ノ川SA(下り)","ref":null},"geometry":{"type":"Point","coordinates":[135.25245,34.27563]}},{"type":"Feature","properties":{"name":"女形谷PA(上り)","ref":null},"geometry":{"type":"Point","coordinates":[136.29477,36.17225]}},{"type":"Feature","properties":{"name":"渋川伊香保IC","ref":"12"},"geometry":{"type":"Point","coordinates":[139.016,36.47559]}},{"type":"Feature","properties":{"name":"磐梯山SA（下り）","ref":null},"geometry":{"type":"Point","coordinates":[140.03323,37.53763]}},{"type":"Feature","properties":{"name":"大潟ＰＡ（上り）","ref":null},"geometry":{"type":"Point","coordinates":[138.32807,37.21858]}},{"type":"Feature","properties":{"name":"長岡北SIC","ref":"37-1"},"geometry":{"type":"Point","coordinates":[138.823,37.48312]}},{"type":"Feature","properties":{"name":"越後川口ＩＣ、越後川口ＳＡ（上り）","ref":"19"},"geometry":{"type":"Point","coordinates":[138.83258,37.27106]}},{"type":"Feature","properties":{"name":"竹矢IC","ref":"22"},"geometry":{"type":"Point","coordinates":[133.1116,35.43977]}},{"type":"Feature","properties":{"name":"上浦幌PA (下り)","ref":null},"geometry":{"type":"Point","coordinates":[143.63355,43.11422]}},{"type":"Feature","properties":{"name":"甘楽PA（下り）","ref":null},"geometry":{"type":"Point","coordinates":[138.94956,36.24169]}},{"type":"Feature","properties":{"name":"横川SA（上り）","ref":null},"geometry":{"type":"Point","coordinates":[138.73497,36.34353]}},{"type":"Feature","properties":{"name":"関西国際空港","ref":"5"},"geometry":{"type":"Point","coordinates":[135.25956,34.44138]}},{"type":"Feature","properties":{"name":"中条IC","ref":"5"},"geometry":{"type":"Point","coordinates":[139.36189,38.03766]}},{"type":"Feature","properties":{"name":"外環浦和","ref":"62"},"geometry":{"type":"Point","coordinates":[139.67854,35.8389]}},{"type":"Feature","properties":{"name":"川口西","ref":"63"},"geometry":{"type":"Point","coordinates":[139.69303,35.84514]}},{"type":"Feature","properties":{"name":"西粟倉IC","ref":"3"},"geometry":{"type":"Point","coordinates":[134.3346,35.17757]}},{"type":"Feature","properties":{"name":"豊田松平IC","ref":"2"},"geometry":{"type":"Point","coordinates":[137.21068,35.07106]}},{"type":"Feature","properties":{"name":"塩尻北IC","ref":"3"},"geometry":{"type":"Point","coordinates":[137.95282,36.16881]}},{"type":"Feature","properties":{"name":"一宮西IC","ref":"1-1"},"geometry":{"type":"Point","coordinates":[136.7798,35.29108]}},{"type":"Feature","properties":{"name":"尾西IC","ref":"2"},"geometry":{"type":"Point","coordinates":[136.77814,35.31761]}},{"type":"Feature","properties":{"name":"中環大井南","ref":"C18"},"geometry":{"type":"Point","coordinates":[139.75556,35.60323]}},{"type":"Feature","properties":{"name":"ぎふ大和IC/PA(上り)","ref":"9"},"geometry":{"type":"Point","coordinates":[136.90348,35.79199]}},{"type":"Feature","properties":{"name":"大館南IC","ref":"26"},"geometry":{"type":"Point","coordinates":[140.5301,40.27078]}},{"type":"Feature","properties":{"name":"田山PA (下り)","ref":null},"geometry":{"type":"Point","coordinates":[140.96527,40.13702]}},{"type":"Feature","properties":{"name":"田山PA (上り)","ref":null},"geometry":{"type":"Point","coordinates":[140.95811,40.136]}},{"type":"Feature","properties":{"name":"花輪SA (上り)","ref":null},"geometry":{"type":"Point","coordinates":[140.80424,40.18671]}},{"type":"Feature","properties":{"name":"鹿角八幡平IC","ref":"48"},"geometry":{"type":"Point","coordinates":[140.8045,40.16005]}},{"type":"Feature","properties":{"name":"湯瀬PA (下り)","ref":null},"geometry":{"type":"Point","coordinates":[140.83804,40.12543]}},{"type":"Feature","properties":{"name":"小坂JCT","ref":"49-2"},"geometry":{"type":"Point","coordinates":[140.71567,40.37186]}},{"type":"Feature","properties":{"name":"小坂PA (上り)","ref":null},"geometry":{"type":"Point","coordinates":[140.73012,40.34762]}},{"type":"Feature","properties":{"name":"須磨IC","ref":"1"},"geometry":{"type":"Point","coordinates":[135.10446,34.65033]}},{"type":"Feature","properties":{"name":"波志江PA（東行き）;波志江スマートIC","ref":null},"geometry":{"type":"Point","coordinates":[139.18577,36.35298]}},{"type":"Feature","properties":{"name":"赤碕中山IC","ref":"12"},"geometry":{"type":"Point","coordinates":[133.5997,35.50876]}},{"type":"Feature","properties":{"name":"中山IC","ref":"12-1"},"geometry":{"type":"Point","coordinates":[133.57833,35.50826]}},{"type":"Feature","properties":{"name":"出流原PA/スマートIC（東行き）","ref":null},"geometry":{"type":"Point","coordinates":[139.54444,36.36902]}},{"type":"Feature","properties":{"name":"出流原PA/スマートIC（西行き）","ref":null},"geometry":{"type":"Point","coordinates":[139.55101,36.366]}},{"type":"Feature","properties":{"name":"八幡PA(上り)","ref":null},"geometry":{"type":"Point","coordinates":[133.09279,34.4747]}},{"type":"Feature","properties":{"name":"道口PA(下り)","ref":null},"geometry":{"type":"Point","coordinates":[133.64706,34.5666]}},{"type":"Feature","properties":{"name":"道口PA(上り)","ref":null},"geometry":{"type":"Point","coordinates":[133.64008,34.56821]}},{"type":"Feature","properties":{"name":"瀬戸PA(下り)","ref":null},"geometry":{"type":"Point","coordinates":[134.07742,34.76914]}},{"type":"Feature","properties":{"name":"社PA(下り)","ref":null},"geometry":{"type":"Point","coordinates":[135.00346,34.91987]}},{"type":"Feature","properties":{"name":"加西SA(下り)","ref":null},"geometry":{"type":"Point","coordinates":[134.80466,34.94581]}},{"type":"Feature","properties":{"name":"徳光PA(上り)/スマートIC","ref":"15-1"},"geometry":{"type":"Point","coordinates":[136.53037,36.53682]}},{"type":"Feature","properties":{"name":"徳光PA(下り)/スマートIC","ref":"15-1"},"geometry":{"type":"Point","coordinates":[136.525,36.53228]}},{"type":"Feature","properties":{"name":"久我IC","ref":"3"},"geometry":{"type":"Point","coordinates":[136.36624,34.84153]}},{"type":"Feature","properties":{"name":"五霞IC","ref":"72"},"geometry":{"type":"Point","coordinates":[139.76066,36.09573]}},{"type":"Feature","properties":{"name":"常総IC","ref":"75"},"geometry":{"type":"Point","coordinates":[139.98311,36.07787]}},{"type":"Feature","properties":{"name":"坂東IC","ref":"74"},"geometry":{"type":"Point","coordinates":[139.89084,36.08886]}},{"type":"Feature","properties":{"name":"尼御前SA(下り)","ref":null},"geometry":{"type":"Point","coordinates":[136.32218,36.35134]}},{"type":"Feature","properties":{"name":"尼御前SA(上り)","ref":null},"geometry":{"type":"Point","coordinates":[136.32442,36.35404]}},{"type":"Feature","properties":{"name":"名古屋西IC","ref":"24"},"geometry":{"type":"Point","coordinates":[136.80897,35.15635]}},{"type":"Feature","properties":{"name":"菩提寺ＰＡ（上り）","ref":null},"geometry":{"type":"Point","coordinates":[136.05642,35.0419]}},{"type":"Feature","properties":{"name":"玖珂PA(上り)","ref":null},"geometry":{"type":"Point","coordinates":[132.09954,34.09786]}},{"type":"Feature","properties":{"name":"玖珂PA(下り)","ref":null},"geometry":{"type":"Point","coordinates":[132.10498,34.10138]}},{"type":"Feature","properties":{"name":"社PA(上り)","ref":null},"geometry":{"type":"Point","coordinates":[134.99656,34.92012]}},{"type":"Feature","properties":{"name":"屏風山PA(上り)","ref":null},"geometry":{"type":"Point","coordinates":[137.27396,35.39334]}},{"type":"Feature","properties":{"name":"砥堀ランプ","ref":"5"},"geometry":{"type":"Point","coordinates":[134.7406,34.87995]}},{"type":"Feature","properties":{"name":"市川北ランプ","ref":"10"},"geometry":{"type":"Point","coordinates":[134.76665,35.02835]}},{"type":"Feature","properties":{"name":"豊田飯山ＩＣ","ref":"16"},"geometry":{"type":"Point","coordinates":[138.32076,36.79665]}},{"type":"Feature","properties":{"name":"信楽IC","ref":"6"},"geometry":{"type":"Point","coordinates":[136.0863,34.92515]}},{"type":"Feature","properties":{"name":"高崎玉村スマートＩＣ","ref":"9-1"},"geometry":{"type":"Point","coordinates":[139.09018,36.309]}},{"type":"Feature","properties":{"name":"唐津IC","ref":"22"},"geometry":{"type":"Point","coordinates":[130.00157,33.41483]}},{"type":"Feature","properties":{"name":"苅田北九州空港IC","ref":"1"},"geometry":{"type":"Point","coordinates":[130.96608,33.79482]}},{"type":"Feature","properties":{"name":"紀北PA","ref":null},"geometry":{"type":"Point","coordinates":[136.27168,34.16859]}},{"type":"Feature","properties":{"name":"海山IC","ref":"4"},"geometry":{"type":"Point","coordinates":[136.22222,34.11803]}},{"type":"Feature","properties":{"name":"福部IC","ref":null},"geometry":{"type":"Point","coordinates":[134.25741,35.54182]}},{"type":"Feature","properties":{"name":"紀の川東IC","ref":"18"},"geometry":{"type":"Point","coordinates":[135.41215,34.29168]}},{"type":"Feature","properties":{"name":"三次東IC","ref":"1"},"geometry":{"type":"Point","coordinates":[132.91099,34.80848]}},{"type":"Feature","properties":{"name":"三島玉沢ＩＣ","ref":"7"},"geometry":{"type":"Point","coordinates":[138.94871,35.12118]}},{"type":"Feature","properties":{"name":"日野IC","ref":null},"geometry":{"type":"Point","coordinates":[139.58255,35.38413]}},{"type":"Feature","properties":{"name":"陸前高田IC","ref":"31"},"geometry":{"type":"Point","coordinates":[141.62958,39.03103]}},{"type":"Feature","properties":{"name":"紀の川IC","ref":"19"},"geometry":{"type":"Point","coordinates":[135.36722,34.28843]}},{"type":"Feature","properties":{"name":"かつらぎ西PA/IC","ref":"17"},"geometry":{"type":"Point","coordinates":[135.47317,34.2968]}},{"type":"Feature","properties":{"name":"三良坂IC","ref":"5"},"geometry":{"type":"Point","coordinates":[132.94216,34.75843]}},{"type":"Feature","properties":{"name":"守口JCT","ref":"2-1"},"geometry":{"type":"Point","coordinates":[135.57572,34.75432]}},{"type":"Feature","properties":{"name":"温泉津IC","ref":"39"},"geometry":{"type":"Point","coordinates":[132.34357,35.08205]}},{"type":"Feature","properties":{"name":"湯里IC","ref":"38"},"geometry":{"type":"Point","coordinates":[132.37547,35.09867]}},{"type":"Feature","properties":{"name":"石見福光IC","ref":"40"},"geometry":{"type":"Point","coordinates":[132.3296,35.07095]}},{"type":"Feature","properties":{"name":"稲敷東IC","ref":"85"},"geometry":{"type":"Point","coordinates":[140.34756,35.9245]}},{"type":"Feature","properties":{"name":"神崎ＩＣ","ref":"86"},"geometry":{"type":"Point","coordinates":[140.37939,35.89509]}},{"type":"Feature","properties":{"name":"七尾大泊IC","ref":"8"},"geometry":{"type":"Point","coordinates":[137.04799,36.97138]}},{"type":"Feature","properties":{"name":"七尾城山IC","ref":"9"},"geometry":{"type":"Point","coordinates":[136.9915,37.02224]}},{"type":"Feature","properties":{"name":"日向IC","ref":"25"},"geometry":{"type":"Point","coordinates":[131.61624,32.40147]}},{"type":"Feature","properties":{"name":"徳島IC","ref":"1"},"geometry":{"type":"Point","coordinates":[134.57672,34.10122]}},{"type":"Feature","properties":{"name":"湯田IC","ref":"2"},"geometry":{"type":"Point","coordinates":[140.74669,39.31255]}},{"type":"Feature","properties":{"name":"山内PA (下り)","ref":null},"geometry":{"type":"Point","coordinates":[140.65205,39.26966]}},{"type":"Feature","properties":{"name":"神崎南ランプ","ref":"11"},"geometry":{"type":"Point","coordinates":[134.76431,35.05713]}},{"type":"Feature","properties":{"name":"大森PA (上り)","ref":null},"geometry":{"type":"Point","coordinates":[140.44204,39.41036]}},{"type":"Feature","properties":{"name":"小池高山IC","ref":"1"},"geometry":{"type":"Point","coordinates":[130.8031,32.74428]}},{"type":"Feature","properties":{"name":"三見IC","ref":null},"geometry":{"type":"Point","coordinates":[131.34974,34.3862]}},{"type":"Feature","properties":{"name":"萩IC","ref":null},"geometry":{"type":"Point","coordinates":[131.39931,34.38898]}},{"type":"Feature","properties":{"name":"八尾PA(上り)","ref":null},"geometry":{"type":"Point","coordinates":[135.579,34.62891]}},{"type":"Feature","properties":{"name":"飛驒白川PA(下り)","ref":null},"geometry":{"type":"Point","coordinates":[136.89441,36.27207]}},{"type":"Feature","properties":{"name":"飛驒白川PA(上り)","ref":null},"geometry":{"type":"Point","coordinates":[136.89551,36.27738]}},{"type":"Feature","properties":{"name":"徳田大津IC","ref":null},"geometry":{"type":"Point","coordinates":[136.8324,37.06489]}},{"type":"Feature","properties":{"name":"西山PA","ref":null},"geometry":{"type":"Point","coordinates":[136.80911,37.00701]}},{"type":"Feature","properties":{"name":"西山IC/PA","ref":null},"geometry":{"type":"Point","coordinates":[136.80619,37.01321]}},{"type":"Feature","properties":{"name":"志雄PA","ref":null},"geometry":{"type":"Point","coordinates":[136.75871,36.8626]}},{"type":"Feature","properties":{"name":"河辺JCT","ref":"5-1"},"geometry":{"type":"Point","coordinates":[140.20948,39.64045]}},{"type":"Feature","properties":{"name":"佐久臼田IC","ref":null},"geometry":{"type":"Point","coordinates":[138.47005,36.18538]}},{"type":"Feature","properties":{"name":"太平山PA (下り)","ref":null},"geometry":{"type":"Point","coordinates":[140.15669,39.74688]}},{"type":"Feature","properties":{"name":"四万十町東IC","ref":"18"},"geometry":{"type":"Point","coordinates":[133.18039,33.28027]}},{"type":"Feature","properties":{"name":"占冠PA (下り)","ref":null},"geometry":{"type":"Point","coordinates":[142.41967,43.0077]}},{"type":"Feature","properties":{"name":"千歳東IC","ref":"1"},"geometry":{"type":"Point","coordinates":[141.71044,42.88214]}},{"type":"Feature","properties":{"name":"キウスPA","ref":null},"geometry":{"type":"Point","coordinates":[141.73079,42.87756]}},{"type":"Feature","properties":{"name":"占冠IC","ref":"5"},"geometry":{"type":"Point","coordinates":[142.40931,42.98047]}},{"type":"Feature","properties":{"name":"占冠PA (上り)","ref":null},"geometry":{"type":"Point","coordinates":[142.4189,43.00729]}},{"type":"Feature","properties":{"name":"西目PA (下り)","ref":null},"geometry":{"type":"Point","coordinates":[140.03128,39.32474]}},{"type":"Feature","properties":{"name":"西目PA (上り)","ref":null},"geometry":{"type":"Point","coordinates":[140.02745,39.32169]}},{"type":"Feature","properties":{"name":"由仁PA (下り)","ref":null},"geometry":{"type":"Point","coordinates":[141.89708,42.9054]}},{"type":"Feature","properties":{"name":"由仁PA (上り)","ref":null},"geometry":{"type":"Point","coordinates":[141.90338,42.90881]}},{"type":"Feature","properties":{"name":"山之口SA(上り)/スマートIC","ref":"3-1"},"geometry":{"type":"Point","coordinates":[131.16744,31.79552]}},{"type":"Feature","properties":{"name":"若狭三方IC","ref":"13"},"geometry":{"type":"Point","coordinates":[135.91308,35.57788]}},{"type":"Feature","properties":{"name":"敦賀JCT","ref":"3-1"},"geometry":{"type":"Point","coordinates":[136.09148,35.63521]}},{"type":"Feature","properties":{"name":"横川IC","ref":"23"},"geometry":{"type":"Point","coordinates":[130.70411,31.89682]}},{"type":"Feature","properties":{"name":"三方五湖PA/スマートIC","ref":"12-1"},"geometry":{"type":"Point","coordinates":[135.90182,35.56167]}},{"type":"Feature","properties":{"name":"敦賀南スマートIC","ref":"15"},"geometry":{"type":"Point","coordinates":[136.04224,35.60567]}},{"type":"Feature","properties":{"name":"有磯海SA(上り)","ref":null},"geometry":{"type":"Point","coordinates":[137.40093,36.77301]}},{"type":"Feature","properties":{"name":"若狭上中IC","ref":"12"},"geometry":{"type":"Point","coordinates":[135.86306,35.51151]}},{"type":"Feature","properties":{"name":"若狭美浜IC","ref":"14"},"geometry":{"type":"Point","coordinates":[135.9784,35.6108]}},{"type":"Feature","properties":{"name":"王司PA(下り)","ref":null},"geometry":{"type":"Point","coordinates":[131.00631,34.05352]}},{"type":"Feature","properties":{"name":"滝沢PA (下り)","ref":null},"geometry":{"type":"Point","coordinates":[141.10812,39.7773]}},{"type":"Feature","properties":{"name":"前森山PA (下り)","ref":null},"geometry":{"type":"Point","coordinates":[141.02816,39.96771]}},{"type":"Feature","properties":{"name":"畑PA (上り)","ref":null},"geometry":{"type":"Point","coordinates":[141.01908,40.0608]}},{"type":"Feature","properties":{"name":"中札内IC","ref":"4"},"geometry":{"type":"Point","coordinates":[143.15381,42.69042]}},{"type":"Feature","properties":{"name":"更別IC","ref":"5"},"geometry":{"type":"Point","coordinates":[143.17895,42.64774]}},{"type":"Feature","properties":{"name":"清武南IC","ref":"30-1"},"geometry":{"type":"Point","coordinates":[131.35799,31.83789]}},{"type":"Feature","properties":{"name":"曽於弥五郎IC","ref":"38"},"geometry":{"type":"Point","coordinates":[130.96599,31.59132]}},{"type":"Feature","properties":{"name":"鹿屋串良JCT","ref":"37"},"geometry":{"type":"Point","coordinates":[130.90294,31.45069]}},{"type":"Feature","properties":{"name":"五所川原IC","ref":null},"geometry":{"type":"Point","coordinates":[140.48024,40.80229]}},{"type":"Feature","properties":{"name":"安達太良SA (上り)","ref":null},"geometry":{"type":"Point","coordinates":[140.38211,37.51895]}},{"type":"Feature","properties":{"name":"相馬IC","ref":"23"},"geometry":{"type":"Point","coordinates":[140.89695,37.78135]}},{"type":"Feature","properties":{"name":"新地IC","ref":"24"},"geometry":{"type":"Point","coordinates":[140.88054,37.85426]}},{"type":"Feature","properties":{"name":"原条IC","ref":null},"geometry":{"type":"Point","coordinates":[131.35916,34.05481]}},{"type":"Feature","properties":{"name":"つがる柏IC","ref":null},"geometry":{"type":"Point","coordinates":[140.42169,40.80675]}},{"type":"Feature","properties":{"name":"桶川加納ＩＣ","ref":"61"},"geometry":{"type":"Point","coordinates":[139.56497,36.02134]}},{"type":"Feature","properties":{"name":"菖蒲ＰＡ（内回り）","ref":null},"geometry":{"type":"Point","coordinates":[139.59326,36.04044]}},{"type":"Feature","properties":{"name":"今川PA/スマートIC","ref":"2-1"},"geometry":{"type":"Point","coordinates":[130.95956,33.70507]}},{"type":"Feature","properties":{"name":"高滝湖ＰＡ（外廻り）","ref":null},"geometry":{"type":"Point","coordinates":[140.16783,35.35646]}},{"type":"Feature","properties":{"name":"釧路中央IC","ref":"19"},"geometry":{"type":"Point","coordinates":[144.40904,43.02646]}},{"type":"Feature","properties":{"name":"釧路西IC","ref":"18"},"geometry":{"type":"Point","coordinates":[144.32394,43.03842]}},{"type":"Feature","properties":{"name":"釧路別保IC","ref":"21"},"geometry":{"type":"Point","coordinates":[144.50243,43.00483]}},{"type":"Feature","properties":{"name":"釧路東IC","ref":"20"},"geometry":{"type":"Point","coordinates":[144.43155,43.0038]}},{"type":"Feature","properties":{"name":"阿久根北IC","ref":"12"},"geometry":{"type":"Point","coordinates":[130.23261,32.06174]}},{"type":"Feature","properties":{"name":"阿久根IC","ref":"13"},"geometry":{"type":"Point","coordinates":[130.22602,32.0293]}},{"type":"Feature","properties":{"name":"野田IC","ref":"11"},"geometry":{"type":"Point","coordinates":[130.27124,32.07559]}},{"type":"Feature","properties":{"name":"野田IC","ref":"62"},"geometry":{"type":"Point","coordinates":[141.80497,40.11264]}},{"type":"Feature","properties":{"name":"薩摩川内水引IC","ref":"17"},"geometry":{"type":"Point","coordinates":[130.25389,31.84833]}},{"type":"Feature","properties":{"name":"喜舎場スマートIC","ref":"3-1"},"geometry":{"type":"Point","coordinates":[127.79245,26.3008]}},{"type":"Feature","properties":{"name":"岡谷JCT","ref":"21"},"geometry":{"type":"Point","coordinates":[138.04307,36.05137]}},{"type":"Feature","properties":{"name":"豊前IC","ref":"7"},"geometry":{"type":"Point","coordinates":[131.12592,33.58757]}},{"type":"Feature","properties":{"name":"中津IC","ref":"8"},"geometry":{"type":"Point","coordinates":[131.23263,33.53293]}},{"type":"Feature","properties":{"name":"大井JCT","ref":null},"geometry":{"type":"Point","coordinates":[139.75287,35.6091]}},{"type":"Feature","properties":{"name":"五反田","ref":"C20"},"geometry":{"type":"Point","coordinates":[139.70966,35.63069]}},{"type":"Feature","properties":{"name":"大橋JCT","ref":null},"geometry":{"type":"Point","coordinates":[139.69033,35.65137]}},{"type":"Feature","properties":{"name":"寒川北IC","ref":"27"},"geometry":{"type":"Point","coordinates":[139.37825,35.38448]}},{"type":"Feature","properties":{"name":"平田西IC","ref":"6"},"geometry":{"type":"Point","coordinates":[140.52371,37.20644]}},{"type":"Feature","properties":{"name":"松茂PA(上り)/スマートIC","ref":"1-1"},"geometry":{"type":"Point","coordinates":[134.56471,34.14165]}},{"type":"Feature","properties":{"name":"松茂PA(下り)/スマートIC","ref":"1-1"},"geometry":{"type":"Point","coordinates":[134.56397,34.14614]}},{"type":"Feature","properties":{"name":"黒瀬IC","ref":"5"},"geometry":{"type":"Point","coordinates":[132.64672,34.33218]}},{"type":"Feature","properties":{"name":"仁摩・石見銀山IC","ref":"37"},"geometry":{"type":"Point","coordinates":[132.41326,35.1419]}},{"type":"Feature","properties":{"name":"佐伯堅田IC","ref":"18-1"},"geometry":{"type":"Point","coordinates":[131.86442,32.93012]}},{"type":"Feature","properties":{"name":"尾道北IC","ref":"1"},"geometry":{"type":"Point","coordinates":[133.16561,34.51587]}},{"type":"Feature","properties":{"name":"甲奴IC","ref":"3"},"geometry":{"type":"Point","coordinates":[133.04417,34.69013]}},{"type":"Feature","properties":{"name":"世羅IC","ref":"2"},"geometry":{"type":"Point","coordinates":[133.08777,34.5918]}},{"type":"Feature","properties":{"name":"吉舎IC","ref":"4"},"geometry":{"type":"Point","coordinates":[132.97889,34.73535]}},{"type":"Feature","properties":{"name":"津島岩松IC","ref":"30"},"geometry":{"type":"Point","coordinates":[132.51534,33.11142]}},{"type":"Feature","properties":{"name":"忠類IC","ref":"6"},"geometry":{"type":"Point","coordinates":[143.29213,42.55877]}},{"type":"Feature","properties":{"name":"忠類大樹IC","ref":"7"},"geometry":{"type":"Point","coordinates":[143.27842,42.53964]}},{"type":"Feature","properties":{"name":"境古河IC","ref":"73"},"geometry":{"type":"Point","coordinates":[139.80672,36.1253]}},{"type":"Feature","properties":{"name":"出水IC","ref":"9"},"geometry":{"type":"Point","coordinates":[130.32861,32.10368]}},{"type":"Feature","properties":{"name":"三宅IC","ref":null},"geometry":{"type":"Point","coordinates":[135.78818,34.58264]}},{"type":"Feature","properties":{"name":"寒曳山PA(上り)","ref":null},"geometry":{"type":"Point","coordinates":[132.45207,34.78072]}},{"type":"Feature","properties":{"name":"郡山下ツ道JCT","ref":"4-2"},"geometry":{"type":"Point","coordinates":[135.79098,34.61241]}},{"type":"Feature","properties":{"name":"美山IC/PA","ref":"22"},"geometry":{"type":"Point","coordinates":[130.35784,31.63847]}},{"type":"Feature","properties":{"name":"原井IC","ref":null},"geometry":{"type":"Point","coordinates":[132.06899,34.88593]}},{"type":"Feature","properties":{"name":"相模原ＩＣ","ref":"34"},"geometry":{"type":"Point","coordinates":[139.29343,35.58182]}},{"type":"Feature","properties":{"name":"真庭PA(下り)","ref":null},"geometry":{"type":"Point","coordinates":[133.72973,35.01162]}},{"type":"Feature","properties":{"name":"安富PA(下り)","ref":null},"geometry":{"type":"Point","coordinates":[134.60652,34.98388]}},{"type":"Feature","properties":{"name":"上毛PA/スマートIC","ref":"7-1"},"geometry":{"type":"Point","coordinates":[131.16972,33.56128]}},{"type":"Feature","properties":{"name":"長泉JCT","ref":"2"},"geometry":{"type":"Point","coordinates":[138.87619,35.14876]}},{"type":"Feature","properties":{"name":"南相馬鹿島SA（下り）;南相馬鹿島スマートIC","ref":"22-1"},"geometry":{"type":"Point","coordinates":[140.92135,37.71256]}},{"type":"Feature","properties":{"name":"下総IC","ref":"87"},"geometry":{"type":"Point","coordinates":[140.3916,35.86191]}},{"type":"Feature","properties":{"name":"八戸是川IC","ref":"75"},"geometry":{"type":"Point","coordinates":[141.51099,40.47924]}},{"type":"Feature","properties":{"name":"茨城空港北IC","ref":"17"},"geometry":{"type":"Point","coordinates":[140.42377,36.23102]}},{"type":"Feature","properties":{"name":"高梁SA(下り)","ref":null},"geometry":{"type":"Point","coordinates":[133.66154,34.87587]}},{"type":"Feature","properties":{"name":"安濃SA(上り)","ref":null},"geometry":{"type":"Point","coordinates":[136.47152,34.77592]}},{"type":"Feature","properties":{"name":"京丹波みずほIC","ref":"5"},"geometry":{"type":"Point","coordinates":[135.36264,35.18535]}},{"type":"Feature","properties":{"name":"五泉PA（上り）","ref":null},"geometry":{"type":"Point","coordinates":[139.20751,37.76552]}},{"type":"Feature","properties":{"name":"船河原PA (下り)","ref":null},"geometry":{"type":"Point","coordinates":[141.70196,39.02725]}},{"type":"Feature","properties":{"name":"上富田IC","ref":"35"},"geometry":{"type":"Point","coordinates":[135.41275,33.70247]}},{"type":"Feature","properties":{"name":"六日町IC","ref":"17"},"geometry":{"type":"Point","coordinates":[138.87509,37.08407]}},{"type":"Feature","properties":{"name":"三陸IC","ref":"36"},"geometry":{"type":"Point","coordinates":[141.796,39.12479]}},{"type":"Feature","properties":{"name":"普代IC","ref":"60"},"geometry":{"type":"Point","coordinates":[141.88764,40.00344]}},{"type":"Feature","properties":{"name":"遠野IC","ref":"5"},"geometry":{"type":"Point","coordinates":[141.50245,39.32468]}},{"type":"Feature","properties":{"name":"宮守IC","ref":"4"},"geometry":{"type":"Point","coordinates":[141.40362,39.29432]}},{"type":"Feature","properties":{"name":"津奈木IC","ref":"5"},"geometry":{"type":"Point","coordinates":[130.46892,32.24223]}},{"type":"Feature","properties":{"name":"釜石両石IC","ref":"42"},"geometry":{"type":"Point","coordinates":[141.87485,39.30194]}},{"type":"Feature","properties":{"name":"君津ＰＡ（下り）、スマートIC","ref":"18-1"},"geometry":{"type":"Point","coordinates":[139.92805,35.28637]}},{"type":"Feature","properties":{"name":"青森IC","ref":"54"},"geometry":{"type":"Point","coordinates":[140.68576,40.81144]}},{"type":"Feature","properties":{"name":"尾花沢IC","ref":"22"},"geometry":{"type":"Point","coordinates":[140.38759,38.60493]}},{"type":"Feature","properties":{"name":"東根IC","ref":"17"},"geometry":{"type":"Point","coordinates":[140.34684,38.40873]}},{"type":"Feature","properties":{"name":"大分宮河内IC","ref":"15"},"geometry":{"type":"Point","coordinates":[131.70087,33.19365]}},{"type":"Feature","properties":{"name":"高岡PA(上り)","ref":null},"geometry":{"type":"Point","coordinates":[137.03226,36.67163]}},{"type":"Feature","properties":{"name":"南砺スマートIC","ref":"17"},"geometry":{"type":"Point","coordinates":[136.90203,36.59959]}},{"type":"Feature","properties":{"name":"金沢西IC","ref":"16"},"geometry":{"type":"Point","coordinates":[136.59378,36.56108]}},{"type":"Feature","properties":{"name":"金沢西IC","ref":"16"},"geometry":{"type":"Point","coordinates":[136.61108,36.57529]}},{"type":"Feature","properties":{"name":"須賀川IC","ref":"16"},"geometry":{"type":"Point","coordinates":[140.35118,37.28961]}},{"type":"Feature","properties":{"name":"いわき小名浜IC","ref":"15-1"},"geometry":{"type":"Point","coordinates":[140.77846,36.95373]}},{"type":"Feature","properties":{"name":"いわき勿来IC","ref":"15"},"geometry":{"type":"Point","coordinates":[140.74964,36.90313]}},{"type":"Feature","properties":{"name":"新清水JCT","ref":"9"},"geometry":{"type":"Point","coordinates":[138.45968,35.07709]}},{"type":"Feature","properties":{"name":"関本PA（下り）","ref":null},"geometry":{"type":"Point","coordinates":[140.74296,36.86515]}},{"type":"Feature","properties":{"name":"関本PA（上り）","ref":null},"geometry":{"type":"Point","coordinates":[140.74251,36.86941]}},{"type":"Feature","properties":{"name":"藤岡IC;藤岡PA（上り）","ref":"1"},"geometry":{"type":"Point","coordinates":[139.07311,36.26987]}},{"type":"Feature","properties":{"name":"谷津船橋 IC","ref":"2-1"},"geometry":{"type":"Point","coordinates":[140.0006,35.67987]}},{"type":"Feature","properties":{"name":"長崎芒塚IC","ref":"12"},"geometry":{"type":"Point","coordinates":[129.92855,32.75405]}},{"type":"Feature","properties":{"name":"木場スマートIC","ref":"9-1"},"geometry":{"type":"Point","coordinates":[129.98018,32.89952]}},{"type":"Feature","properties":{"name":"菊水IC","ref":"13"},"geometry":{"type":"Point","coordinates":[130.60589,32.98737]}},{"type":"Feature","properties":{"name":"玉名PA(上り)","ref":null},"geometry":{"type":"Point","coordinates":[130.5839,33.01139]}},{"type":"Feature","properties":{"name":"緑川PA(上り)","ref":null},"geometry":{"type":"Point","coordinates":[130.75469,32.70656]}},{"type":"Feature","properties":{"name":"須恵PA(下り)/スマートIC","ref":"7-1"},"geometry":{"type":"Point","coordinates":[130.49901,33.58881]}},{"type":"Feature","properties":{"name":"舞野IC","ref":null},"geometry":{"type":"Point","coordinates":[131.60483,32.57347]}},{"type":"Feature","properties":{"name":"大分松岡PA(下り)","ref":null},"geometry":{"type":"Point","coordinates":[131.66103,33.19778]}},{"type":"Feature","properties":{"name":"豊見城IC","ref":"A3"},"geometry":{"type":"Point","coordinates":[127.69732,26.17255]}},{"type":"Feature","properties":{"name":"小倉南IC","ref":"3"},"geometry":{"type":"Point","coordinates":[130.85355,33.80358]}},{"type":"Feature","properties":{"name":"相原PA(下り)","ref":null},"geometry":{"type":"Point","coordinates":[131.56391,33.39668]}},{"type":"Feature","properties":{"name":"ＨＷオアシス富楽里とみやま（上り）","ref":null},"geometry":{"type":"Point","coordinates":[139.85977,35.09694]}},{"type":"Feature","properties":{"name":"ＨＷオアシス富楽里とみやま（下り）","ref":null},"geometry":{"type":"Point","coordinates":[139.8555,35.10162]}},{"type":"Feature","properties":{"name":"伊賀SA","ref":null},"geometry":{"type":"Point","coordinates":[136.25141,34.8371]}},{"type":"Feature","properties":{"name":"天理PA(下り)","ref":null},"geometry":{"type":"Point","coordinates":[135.80771,34.61568]}},{"type":"Feature","properties":{"name":"天理PA(上り)","ref":null},"geometry":{"type":"Point","coordinates":[135.81621,34.61706]}},{"type":"Feature","properties":{"name":"高峰SA","ref":null},"geometry":{"type":"Point","coordinates":[135.88728,34.61281]}},{"type":"Feature","properties":{"name":"伊勢原JCT","ref":"5-1"},"geometry":{"type":"Point","coordinates":[139.31083,35.41189]}},{"type":"Feature","properties":{"name":"富津中央IC","ref":"19"},"geometry":{"type":"Point","coordinates":[139.89338,35.255]}},{"type":"Feature","properties":{"name":"すさみ南IC","ref":"39"},"geometry":{"type":"Point","coordinates":[135.59893,33.51859]}},{"type":"Feature","properties":{"name":"すさみIC","ref":"38"},"geometry":{"type":"Point","coordinates":[135.50982,33.55566]}},{"type":"Feature","properties":{"name":"日置川IC","ref":"37"},"geometry":{"type":"Point","coordinates":[135.45559,33.57955]}},{"type":"Feature","properties":{"name":"南紀白浜IC","ref":"36"},"geometry":{"type":"Point","coordinates":[135.40825,33.64884]}},{"type":"Feature","properties":{"name":"岩出根来IC","ref":"20"},"geometry":{"type":"Point","coordinates":[135.30605,34.28802]}},{"type":"Feature","properties":{"name":"市屋IC","ref":null},"geometry":{"type":"Point","coordinates":[135.91513,33.5906]}},{"type":"Feature","properties":{"name":"那智勝浦IC","ref":null},"geometry":{"type":"Point","coordinates":[135.92903,33.6439]}},{"type":"Feature","properties":{"name":"象潟IC","ref":"11"},"geometry":{"type":"Point","coordinates":[139.92645,39.20022]}},{"type":"Feature","properties":{"name":"菖蒲ＰＡ（外回り）","ref":null},"geometry":{"type":"Point","coordinates":[139.58455,36.03502]}},{"type":"Feature","properties":{"name":"寄居ＰＡ（上り）、スマートIC","ref":"7-1"},"geometry":{"type":"Point","coordinates":[139.19174,36.17736]}},{"type":"Feature","properties":{"name":"湾岸市川 IC","ref":"2"},"geometry":{"type":"Point","coordinates":[139.95765,35.69237]}},{"type":"Feature","properties":{"name":"川口中央","ref":"64"},"geometry":{"type":"Point","coordinates":[139.72763,35.85233]}},{"type":"Feature","properties":{"name":"安八スマートIC","ref":"25-3"},"geometry":{"type":"Point","coordinates":[136.65318,35.31157]}},{"type":"Feature","properties":{"name":"守山PA/スマートIC(下り)","ref":"21-1"},"geometry":{"type":"Point","coordinates":[137.01042,35.23858]}},{"type":"Feature","properties":{"name":"東別院入口","ref":"C04"},"geometry":{"type":"Point","coordinates":[136.89779,35.15156]}},{"type":"Feature","properties":{"name":"美合PA(下り)","ref":null},"geometry":{"type":"Point","coordinates":[137.23748,34.91861]}},{"type":"Feature","properties":{"name":"御殿場JCT","ref":"7-1"},"geometry":{"type":"Point","coordinates":[138.91151,35.26151]}},{"type":"Feature","properties":{"name":"吉田ＩＣ","ref":"13"},"geometry":{"type":"Point","coordinates":[138.23493,34.79163]}},{"type":"Feature","properties":{"name":"亀山西JCT","ref":"3"},"geometry":{"type":"Point","coordinates":[136.39268,34.91548]}},{"type":"Feature","properties":{"name":"米原ＩC","ref":"1"},"geometry":{"type":"Point","coordinates":[136.31919,35.32338]}},{"type":"Feature","properties":{"name":"伊賀上野PA","ref":null},"geometry":{"type":"Point","coordinates":[136.09554,34.72926]}},{"type":"Feature","properties":{"name":"印南IC","ref":"32"},"geometry":{"type":"Point","coordinates":[135.22048,33.82596]}},{"type":"Feature","properties":{"name":"亀山JCT","ref":"32-1"},"geometry":{"type":"Point","coordinates":[136.45794,34.89555]}},{"type":"Feature","properties":{"name":"鈴鹿IC","ref":"32"},"geometry":{"type":"Point","coordinates":[136.48867,34.93195]}},{"type":"Feature","properties":{"name":"菩提寺ＰＡ（下り）","ref":null},"geometry":{"type":"Point","coordinates":[136.06272,35.04289]}},{"type":"Feature","properties":{"name":"淡河PA(上り)","ref":null},"geometry":{"type":"Point","coordinates":[135.15096,34.82883]}},{"type":"Feature","properties":{"name":"亀山PA/スマートIC(上り)","ref":"32-2"},"geometry":{"type":"Point","coordinates":[136.41252,34.86071]}},{"type":"Feature","properties":{"name":"山田北IC","ref":"47"},"geometry":{"type":"Point","coordinates":[141.91948,39.53855]}},{"type":"Feature","properties":{"name":"新潟PA（上り）","ref":null},"geometry":{"type":"Point","coordinates":[139.05577,37.85133]}},{"type":"Feature","properties":{"name":"新潟PA（下り）","ref":null},"geometry":{"type":"Point","coordinates":[139.06385,37.84568]}},{"type":"Feature","properties":{"name":"白鳥PA(下り)","ref":null},"geometry":{"type":"Point","coordinates":[134.62576,34.8771]}},{"type":"Feature","properties":{"name":"橿原北IC","ref":"9"},"geometry":{"type":"Point","coordinates":[135.77785,34.5358]}},{"type":"Feature","properties":{"name":"山陽姫路東IC/豊富PA(下り)","ref":"3"},"geometry":{"type":"Point","coordinates":[134.73621,34.85516]}},{"type":"Feature","properties":{"name":"豊富ランプ","ref":"4"},"geometry":{"type":"Point","coordinates":[134.73951,34.87065]}},{"type":"Feature","properties":{"name":"訓子府IC","ref":null},"geometry":{"type":"Point","coordinates":[143.74026,43.7109]}},{"type":"Feature","properties":{"name":"ならはPA/SIC（下り）","ref":"19-1"},"geometry":{"type":"Point","coordinates":[140.98139,37.28385]}},{"type":"Feature","properties":{"name":"中野長者橋","ref":"C24"},"geometry":{"type":"Point","coordinates":[139.68259,35.69548]}},{"type":"Feature","properties":{"name":"富ヶ谷","ref":"C22"},"geometry":{"type":"Point","coordinates":[139.68803,35.66595]}},{"type":"Feature","properties":{"name":"新城IC","ref":"16"},"geometry":{"type":"Point","coordinates":[137.53744,34.92555]}},{"type":"Feature","properties":{"name":"鴻ノ池SA(上り)","ref":null},"geometry":{"type":"Point","coordinates":[133.78055,34.47409]}},{"type":"Feature","properties":{"name":"浪板PA","ref":null},"geometry":{"type":"Point","coordinates":[141.93871,39.38982]}},{"type":"Feature","properties":{"name":"有田IC","ref":"25"},"geometry":{"type":"Point","coordinates":[135.20034,34.0633]}},{"type":"Feature","properties":{"name":"志度IC","ref":"13"},"geometry":{"type":"Point","coordinates":[134.19386,34.30811]}},{"type":"Feature","properties":{"name":"南相馬鹿島SA（上り）;南相馬鹿島スマートIC","ref":"22-1"},"geometry":{"type":"Point","coordinates":[140.92021,37.71518]}},{"type":"Feature","properties":{"name":"日野川東IC","ref":"17"},"geometry":{"type":"Point","coordinates":[133.38003,35.42176]}},{"type":"Feature","properties":{"name":"垂水PA","ref":null},"geometry":{"type":"Point","coordinates":[135.09379,34.65183]}},{"type":"Feature","properties":{"name":"鶴岡西IC","ref":"16"},"geometry":{"type":"Point","coordinates":[139.75822,38.71761]}},{"type":"Feature","properties":{"name":"富沢IC","ref":"1"},"geometry":{"type":"Point","coordinates":[138.47137,35.25302]}},{"type":"Feature","properties":{"name":"六郷ＩＣ","ref":"4"},"geometry":{"type":"Point","coordinates":[138.46452,35.48902]}},{"type":"Feature","properties":{"name":"養老IC","ref":"17"},"geometry":{"type":"Point","coordinates":[136.57807,35.29249]}},{"type":"Feature","properties":{"name":"大安IC","ref":"19"},"geometry":{"type":"Point","coordinates":[136.54572,35.10729]}},{"type":"Feature","properties":{"name":"和歌山JCT","ref":"20-1"},"geometry":{"type":"Point","coordinates":[135.24056,34.27384]}},{"type":"Feature","properties":{"name":"和歌山JCT","ref":"20-1"},"geometry":{"type":"Point","coordinates":[135.27079,34.28882]}},{"type":"Feature","properties":{"name":"大槌IC","ref":"44"},"geometry":{"type":"Point","coordinates":[141.89822,39.37097]}},{"type":"Feature","properties":{"name":"釜石中央IC","ref":"41"},"geometry":{"type":"Point","coordinates":[141.84303,39.26482]}},{"type":"Feature","properties":{"name":"釜石JCT","ref":"40"},"geometry":{"type":"Point","coordinates":[141.83651,39.25471]}},{"type":"Feature","properties":{"name":"宇城氷川スマートIC","ref":"17-1"},"geometry":{"type":"Point","coordinates":[130.71099,32.57758]}},{"type":"Feature","properties":{"name":"宮田スマートIC","ref":"4-2"},"geometry":{"type":"Point","coordinates":[130.64156,33.75165]}},{"type":"Feature","properties":{"name":"鞍手IC","ref":"4-1"},"geometry":{"type":"Point","coordinates":[130.68955,33.77499]}},{"type":"Feature","properties":{"name":"岡崎東ＩＣ","ref":"17"},"geometry":{"type":"Point","coordinates":[137.27706,34.91935]}},{"type":"Feature","properties":{"name":"浜松いなさJCT","ref":"15"},"geometry":{"type":"Point","coordinates":[137.64686,34.88894]}},{"type":"Feature","properties":{"name":"長篠設楽原ＰＡ（上り）","ref":null},"geometry":{"type":"Point","coordinates":[137.50054,34.92297]}},{"type":"Feature","properties":{"name":"岩泉南IC","ref":"54"},"geometry":{"type":"Point","coordinates":[141.96311,39.82417]}},{"type":"Feature","properties":{"name":"みなべIC","ref":"33"},"geometry":{"type":"Point","coordinates":[135.32648,33.77845]}},{"type":"Feature","properties":{"name":"ぎふ大和IC/PA(下り)","ref":"9"},"geometry":{"type":"Point","coordinates":[136.90784,35.78947]}},{"type":"Feature","properties":{"name":"鶴岡JCT","ref":"17"},"geometry":{"type":"Point","coordinates":[139.7814,38.75381]}},{"type":"Feature","properties":{"name":"西湘PA(上り)","ref":null},"geometry":{"type":"Point","coordinates":[139.23343,35.28688]}},{"type":"Feature","properties":{"name":"高坂PA(上り)","ref":null},"geometry":{"type":"Point","coordinates":[133.00525,34.46447]}},{"type":"Feature","properties":{"name":"白糠IC","ref":"15"},"geometry":{"type":"Point","coordinates":[143.96044,43.07942]}},{"type":"Feature","properties":{"name":"阿寒IC","ref":"17"},"geometry":{"type":"Point","coordinates":[144.1317,43.08687]}},{"type":"Feature","properties":{"name":"須子IC","ref":null},"geometry":{"type":"Point","coordinates":[131.81135,34.66]}},{"type":"Feature","properties":{"name":"浦島大島IC","ref":"26"},"geometry":{"type":"Point","coordinates":[141.59381,38.89505]}},{"type":"Feature","properties":{"name":"気仙沼中央IC","ref":"24"},"geometry":{"type":"Point","coordinates":[141.57739,38.87179]}},{"type":"Feature","properties":{"name":"野方IC","ref":"37-1"},"geometry":{"type":"Point","coordinates":[130.92393,31.49754]}},{"type":"Feature","properties":{"name":"川南PA(上り)","ref":null},"geometry":{"type":"Point","coordinates":[131.4873,32.19609]}},{"type":"Feature","properties":{"name":"三芳PA(上り),スマートIC","ref":null},"geometry":{"type":"Point","coordinates":[139.50266,35.8461]}},{"type":"Feature","properties":{"name":"山元南スマートIC","ref":"25"},"geometry":{"type":"Point","coordinates":[140.86948,37.9086]}},{"type":"Feature","properties":{"name":"上野吉無田IC","ref":"2"},"geometry":{"type":"Point","coordinates":[130.87271,32.74831]}},{"type":"Feature","properties":{"name":"石見三隅IC","ref":null},"geometry":{"type":"Point","coordinates":[131.96803,34.79846]}},{"type":"Feature","properties":{"name":"琴浦東IC","ref":"10"},"geometry":{"type":"Point","coordinates":[133.69658,35.48533]}},{"type":"Feature","properties":{"name":"寒曳山PA(下り)","ref":null},"geometry":{"type":"Point","coordinates":[132.45883,34.77996]}},{"type":"Feature","properties":{"name":"高屋JCT","ref":"25-1"},"geometry":{"type":"Point","coordinates":[132.80477,34.43125]}},{"type":"Feature","properties":{"name":"梓川SA（上り）;梓川スマートIC","ref":"4-1"},"geometry":{"type":"Point","coordinates":[137.9309,36.2742]}},{"type":"Feature","properties":{"name":"北竜ひまわりIC","ref":"4"},"geometry":{"type":"Point","coordinates":[141.83603,43.827]}},{"type":"Feature","properties":{"name":"湯ノ岳PA（下り）","ref":null},"geometry":{"type":"Point","coordinates":[140.81349,37.01693]}},{"type":"Feature","properties":{"name":"越中境PA(上り)","ref":null},"geometry":{"type":"Point","coordinates":[137.61127,36.97313]}},{"type":"Feature","properties":{"name":"庶路IC","ref":"16"},"geometry":{"type":"Point","coordinates":[144.0626,43.07752]}},{"type":"Feature","properties":{"name":"新鶴PA（下り）;新鶴スマートIC","ref":"7-1"},"geometry":{"type":"Point","coordinates":[139.84445,37.52985]}},{"type":"Feature","properties":{"name":"松本JCT（仮称）","ref":null},"geometry":{"type":"Point","coordinates":[137.92994,36.20776]}},{"type":"Feature","properties":{"name":"鳥取西IC","ref":"1"},"geometry":{"type":"Point","coordinates":[134.19074,35.49314]}},{"type":"Feature","properties":{"name":"吉岡温泉IC","ref":"2"},"geometry":{"type":"Point","coordinates":[134.13923,35.49268]}},{"type":"Feature","properties":{"name":"鳥取南IC","ref":"8"},"geometry":{"type":"Point","coordinates":[134.20565,35.42721]}},{"type":"Feature","properties":{"name":"智頭IC","ref":"5"},"geometry":{"type":"Point","coordinates":[134.22512,35.28509]}},{"type":"Feature","properties":{"name":"智頭南IC","ref":"4"},"geometry":{"type":"Point","coordinates":[134.28849,35.23683]}},{"type":"Feature","properties":{"name":"酒田中央IC","ref":"19-1"},"geometry":{"type":"Point","coordinates":[139.87531,38.89903]}},{"type":"Feature","properties":{"name":"白老IC","ref":"19"},"geometry":{"type":"Point","coordinates":[141.32964,42.5653]}},{"type":"Feature","properties":{"name":"釜石南IC","ref":"38"},"geometry":{"type":"Point","coordinates":[141.85107,39.18876]}},{"type":"Feature","properties":{"name":"平塚IC","ref":"6"},"geometry":{"type":"Point","coordinates":[139.30498,35.36163]}},{"type":"Feature","properties":{"name":"上社南IC","ref":"5"},"geometry":{"type":"Point","coordinates":[137.00659,35.16506]}},{"type":"Feature","properties":{"name":"山元IC","ref":"26"},"geometry":{"type":"Point","coordinates":[140.8756,37.98541]}},{"type":"Feature","properties":{"name":"沼ノ端東IC","ref":"2"},"geometry":{"type":"Point","coordinates":[141.73781,42.6744]}},{"type":"Feature","properties":{"name":"三瀬IC","ref":"15"},"geometry":{"type":"Point","coordinates":[139.67262,38.68921]}},{"type":"Feature","properties":{"name":"氷見北IC","ref":"6"},"geometry":{"type":"Point","coordinates":[136.97122,36.87721]}},{"type":"Feature","properties":{"name":"松岡IC","ref":null},"geometry":{"type":"Point","coordinates":[136.30007,36.08067]}},{"type":"Feature","properties":{"name":"八鹿氷ノ山IC","ref":null},"geometry":{"type":"Point","coordinates":[134.74791,35.39084]}},{"type":"Feature","properties":{"name":"大谷IC","ref":null},"geometry":{"type":"Point","coordinates":[134.29596,35.56903]}},{"type":"Feature","properties":{"name":"浦富IC","ref":null},"geometry":{"type":"Point","coordinates":[134.33274,35.58142]}},{"type":"Feature","properties":{"name":"中郷SA（上り）","ref":null},"geometry":{"type":"Point","coordinates":[140.69192,36.75684]}},{"type":"Feature","properties":{"name":"福島大笹生IC","ref":"7"},"geometry":{"type":"Point","coordinates":[140.41065,37.80101]}},{"type":"Feature","properties":{"name":"東員IC","ref":"20"},"geometry":{"type":"Point","coordinates":[136.58272,35.06059]}},{"type":"Feature","properties":{"name":"新四日市JCT","ref":"1"},"geometry":{"type":"Point","coordinates":[136.58453,35.04919]}},{"type":"Feature","properties":{"name":"二戸PA (上り)","ref":null},"geometry":{"type":"Point","coordinates":[141.22086,40.2125]}},{"type":"Feature","properties":{"name":"二戸PA (下り)","ref":null},"geometry":{"type":"Point","coordinates":[141.21704,40.2092]}},{"type":"Feature","properties":{"name":"福地PA (下り)","ref":null},"geometry":{"type":"Point","coordinates":[141.44842,40.44086]}},{"type":"Feature","properties":{"name":"本郷PA(上り)","ref":null},"geometry":{"type":"Point","coordinates":[132.63476,34.71578]}},{"type":"Feature","properties":{"name":"豊栄SA/SIC","ref":"2-1"},"geometry":{"type":"Point","coordinates":[139.15933,37.91429]}},{"type":"Feature","properties":{"name":"櫛引PA (下り)","ref":null},"geometry":{"type":"Point","coordinates":[139.82958,38.64063]}},{"type":"Feature","properties":{"name":"北鯖江PA(下り)","ref":null},"geometry":{"type":"Point","coordinates":[136.2039,35.97053]}},{"type":"Feature","properties":{"name":"屏風山PA(下り)","ref":null},"geometry":{"type":"Point","coordinates":[137.28916,35.40333]}},{"type":"Feature","properties":{"name":"阿智ＰＡ（上り）","ref":null},"geometry":{"type":"Point","coordinates":[137.74445,35.44701]}},{"type":"Feature","properties":{"name":"市川SA(下り)","ref":null},"geometry":{"type":"Point","coordinates":[134.76636,35.02323]}},{"type":"Feature","properties":{"name":"豊栄新潟東港IC","ref":"3"},"geometry":{"type":"Point","coordinates":[139.22168,37.9334]}},{"type":"Feature","properties":{"name":"久居IC","ref":"37"},"geometry":{"type":"Point","coordinates":[136.45964,34.68343]}},{"type":"Feature","properties":{"name":"神林岩船港IC","ref":"7"},"geometry":{"type":"Point","coordinates":[139.45129,38.17488]}},{"type":"Feature","properties":{"name":"長流枝PA (上り)","ref":null},"geometry":{"type":"Point","coordinates":[143.33786,42.99262]}},{"type":"Feature","properties":{"name":"岩見沢SA (下り)","ref":null},"geometry":{"type":"Point","coordinates":[141.79616,43.19122]}},{"type":"Feature","properties":{"name":"岩見沢SA (上り)","ref":null},"geometry":{"type":"Point","coordinates":[141.80786,43.19825]}},{"type":"Feature","properties":{"name":"周防灘PA(下り)","ref":null},"geometry":{"type":"Point","coordinates":[131.11365,34.02953]}},{"type":"Feature","properties":{"name":"加茂岩倉PA(上り)","ref":null},"geometry":{"type":"Point","coordinates":[132.88884,35.36001]}},{"type":"Feature","properties":{"name":"滝沢PA (上り)","ref":null},"geometry":{"type":"Point","coordinates":[141.11045,39.78299]}},{"type":"Feature","properties":{"name":"来島海峡SA(上り)","ref":null},"geometry":{"type":"Point","coordinates":[132.97778,34.09532]}},{"type":"Feature","properties":{"name":"山谷ＰＡ（上り）","ref":null},"geometry":{"type":"Point","coordinates":[138.78213,37.32819]}},{"type":"Feature","properties":{"name":"琴丘森岳IC","ref":"11"},"geometry":{"type":"Point","coordinates":[140.08841,40.03228]}},{"type":"Feature","properties":{"name":"志津川IC","ref":"17"},"geometry":{"type":"Point","coordinates":[141.4312,38.68981]}},{"type":"Feature","properties":{"name":"南三陸海岸IC","ref":"18"},"geometry":{"type":"Point","coordinates":[141.46308,38.69323]}},{"type":"Feature","properties":{"name":"富谷IC","ref":"41"},"geometry":{"type":"Point","coordinates":[140.87843,38.38682]}},{"type":"Feature","properties":{"name":"いらがわIC","ref":"14"},"geometry":{"type":"Point","coordinates":[139.62561,38.6679]}},{"type":"Feature","properties":{"name":"二井田真中IC","ref":"25"},"geometry":{"type":"Point","coordinates":[140.5159,40.25053]}},{"type":"Feature","properties":{"name":"上院内IC","ref":null},"geometry":{"type":"Point","coordinates":[140.39279,39.03746]}},{"type":"Feature","properties":{"name":"安曇野IC","ref":"5"},"geometry":{"type":"Point","coordinates":[137.9255,36.29818]}},{"type":"Feature","properties":{"name":"嵐山PA (上り)","ref":null},"geometry":{"type":"Point","coordinates":[139.29397,36.08496]}},{"type":"Feature","properties":{"name":"駒寄ＰＡ（下り）、スマートＩＣ","ref":"11-1"},"geometry":{"type":"Point","coordinates":[139.01586,36.42745]}},{"type":"Feature","properties":{"name":"赤城ＩＣ、赤城ＰＡ（下り）","ref":"12-1"},"geometry":{"type":"Point","coordinates":[139.04745,36.53458]}},{"type":"Feature","properties":{"name":"下牧ＰＡ（上り）","ref":null},"geometry":{"type":"Point","coordinates":[138.9831,36.70789]}},{"type":"Feature","properties":{"name":"与謝天橋立IC","ref":null},"geometry":{"type":"Point","coordinates":[135.14508,35.54949]}},{"type":"Feature","properties":{"name":"賀陽IC","ref":"2"},"geometry":{"type":"Point","coordinates":[133.68242,34.80955]}},{"type":"Feature","properties":{"name":"高梁SA(上り)","ref":null},"geometry":{"type":"Point","coordinates":[133.66221,34.87714]}},{"type":"Feature","properties":{"name":"横浜町田","ref":"4"},"geometry":{"type":"Point","coordinates":[139.48277,35.50647]}},{"type":"Feature","properties":{"name":"大和PA（下り）;大和スマートIC","ref":"17-1"},"geometry":{"type":"Point","coordinates":[138.95016,37.16206]}},{"type":"Feature","properties":{"name":"牧の原ＳＡ（上り）","ref":null},"geometry":{"type":"Point","coordinates":[138.14972,34.76256]}},{"type":"Feature","properties":{"name":"飯田ＩＣ","ref":"26"},"geometry":{"type":"Point","coordinates":[137.79519,35.49859]}},{"type":"Feature","properties":{"name":"甲府南IC","ref":"14"},"geometry":{"type":"Point","coordinates":[138.58753,35.60099]}},{"type":"Feature","properties":{"name":"白鳥PA(上り)","ref":null},"geometry":{"type":"Point","coordinates":[134.62645,34.8777]}},{"type":"Feature","properties":{"name":"南浮田IC","ref":null},"geometry":{"type":"Point","coordinates":[140.25192,40.78151]}},{"type":"Feature","properties":{"name":"荷卸峠PA(下り)","ref":null},"geometry":{"type":"Point","coordinates":[131.59717,34.17924]}},{"type":"Feature","properties":{"name":"神郷PA(上り)","ref":null},"geometry":{"type":"Point","coordinates":[133.393,34.9926]}},{"type":"Feature","properties":{"name":"真庭PA(上り)","ref":null},"geometry":{"type":"Point","coordinates":[133.7263,35.00284]}},{"type":"Feature","properties":{"name":"安富PA(上り)","ref":null},"geometry":{"type":"Point","coordinates":[134.60045,34.98543]}},{"type":"Feature","properties":{"name":"周防灘PA(上り)","ref":null},"geometry":{"type":"Point","coordinates":[131.10796,34.03337]}},{"type":"Feature","properties":{"name":"宇部IC","ref":"43"},"geometry":{"type":"Point","coordinates":[131.28021,33.99397]}},{"type":"Feature","properties":{"name":"高岡砺波スマートIC","ref":"20-1"},"geometry":{"type":"Point","coordinates":[137.00084,36.6556]}},{"type":"Feature","properties":{"name":"小笠ＰＡ（下り）","ref":null},"geometry":{"type":"Point","coordinates":[138.00688,34.76192]}},{"type":"Feature","properties":{"name":"杉津PA(上り)","ref":null},"geometry":{"type":"Point","coordinates":[136.11376,35.73449]}},{"type":"Feature","properties":{"name":"杉津PA(下り)","ref":null},"geometry":{"type":"Point","coordinates":[136.11348,35.73043]}},{"type":"Feature","properties":{"name":"鷹巣IC","ref":"24"},"geometry":{"type":"Point","coordinates":[140.39605,40.20216]}},{"type":"Feature","properties":{"name":"鰺ヶ沢IC","ref":null},"geometry":{"type":"Point","coordinates":[140.24186,40.78269]}},{"type":"Feature","properties":{"name":"八竜IC","ref":"12"},"geometry":{"type":"Point","coordinates":[140.01114,40.11786]}},{"type":"Feature","properties":{"name":"流杉PA(下り)/スマートIC","ref":"22-1"},"geometry":{"type":"Point","coordinates":[137.26548,36.66294]}},{"type":"Feature","properties":{"name":"村上山辺里IC","ref":"9"},"geometry":{"type":"Point","coordinates":[139.5022,38.22322]}},{"type":"Feature","properties":{"name":"大山PA(下り)/大山高原スマートIC","ref":null},"geometry":{"type":"Point","coordinates":[133.42037,35.38363]}},{"type":"Feature","properties":{"name":"大館能代空港IC","ref":"23"},"geometry":{"type":"Point","coordinates":[140.37483,40.1988]}},{"type":"Feature","properties":{"name":"奥伊勢PA(下り)","ref":null},"geometry":{"type":"Point","coordinates":[136.45711,34.41473]}},{"type":"Feature","properties":{"name":"御坊南IC","ref":"31"},"geometry":{"type":"Point","coordinates":[135.18266,33.88453]}},{"type":"Feature","properties":{"name":"和歌山北IC","ref":"20-2"},"geometry":{"type":"Point","coordinates":[135.22112,34.25987]}},{"type":"Feature","properties":{"name":"岸和田SA(上り)","ref":null},"geometry":{"type":"Point","coordinates":[135.43046,34.40553]}},{"type":"Feature","properties":{"name":"堺JCT","ref":"14"},"geometry":{"type":"Point","coordinates":[135.49298,34.52047]}},{"type":"Feature","properties":{"name":"新潟東SIC","ref":"1-1"},"geometry":{"type":"Point","coordinates":[139.11611,37.89794]}},{"type":"Feature","properties":{"name":"六戸三沢IC","ref":null},"geometry":{"type":"Point","coordinates":[141.31023,40.66987]}},{"type":"Feature","properties":{"name":"滝野川入口","ref":"C31"},"geometry":{"type":"Point","coordinates":[139.71589,35.74922]}},{"type":"Feature","properties":{"name":"松代ＰＡ（上り）","ref":null},"geometry":{"type":"Point","coordinates":[138.18578,36.56509]}},{"type":"Feature","properties":{"name":"上越ＩＣ","ref":"32"},"geometry":{"type":"Point","coordinates":[138.26259,37.15104]}},{"type":"Feature","properties":{"name":"港北ＰＡ（下り）","ref":null},"geometry":{"type":"Point","coordinates":[139.53637,35.53896]}},{"type":"Feature","properties":{"name":"御殿場ＩＣ","ref":"7"},"geometry":{"type":"Point","coordinates":[138.95008,35.29585]}},{"type":"Feature","properties":{"name":"権現湖PA(上り)","ref":null},"geometry":{"type":"Point","coordinates":[134.87562,34.83839]}},{"type":"Feature","properties":{"name":"小谷城スマートIC","ref":"2-1"},"geometry":{"type":"Point","coordinates":[136.25761,35.45135]}},{"type":"Feature","properties":{"name":"北上金ヶ崎IC/PA (下り)","ref":"36-1"},"geometry":{"type":"Point","coordinates":[141.07953,39.23533]}},{"type":"Feature","properties":{"name":"錦秋湖SA (上り)","ref":null},"geometry":{"type":"Point","coordinates":[140.838,39.29321]}},{"type":"Feature","properties":{"name":"小坂北IC","ref":"28"},"geometry":{"type":"Point","coordinates":[140.7061,40.3712]}},{"type":"Feature","properties":{"name":"直方PA(上り)","ref":null},"geometry":{"type":"Point","coordinates":[130.70115,33.77874]}},{"type":"Feature","properties":{"name":"玉名PA(下り)","ref":null},"geometry":{"type":"Point","coordinates":[130.58415,33.01545]}},{"type":"Feature","properties":{"name":"山江SA(下り)","ref":null},"geometry":{"type":"Point","coordinates":[130.76665,32.26427]}},{"type":"Feature","properties":{"name":"吉松PA(下り)","ref":null},"geometry":{"type":"Point","coordinates":[130.75595,32.00871]}},{"type":"Feature","properties":{"name":"萩野PA (上り)","ref":null},"geometry":{"type":"Point","coordinates":[141.28846,42.54447]}},{"type":"Feature","properties":{"name":"静狩PA (下り)","ref":null},"geometry":{"type":"Point","coordinates":[140.3901,42.56057]}},{"type":"Feature","properties":{"name":"八雲PA (上り)","ref":null},"geometry":{"type":"Point","coordinates":[140.3073,42.22719]}},{"type":"Feature","properties":{"name":"落部IC","ref":"8"},"geometry":{"type":"Point","coordinates":[140.39497,42.20548]}},{"type":"Feature","properties":{"name":"城陽IC","ref":"9"},"geometry":{"type":"Point","coordinates":[135.76079,34.85306]}},{"type":"Feature","properties":{"name":"浜松ＳＡ（上り）、スマートＩＣ","ref":"14-1"},"geometry":{"type":"Point","coordinates":[137.74281,34.84406]}},{"type":"Feature","properties":{"name":"遠州森町ＰＡ（下り）;スマートＩＣ","ref":"13-1"},"geometry":{"type":"Point","coordinates":[137.91451,34.82315]}},{"type":"Feature","properties":{"name":"藤枝ＰＡ（上り）","ref":null},"geometry":{"type":"Point","coordinates":[138.2402,34.89762]}},{"type":"Feature","properties":{"name":"藤枝ＰＡ（下り）","ref":null},"geometry":{"type":"Point","coordinates":[138.23826,34.89613]}},{"type":"Feature","properties":{"name":"田野PA（下り）","ref":null},"geometry":{"type":"Point","coordinates":[140.4005,36.4085]}},{"type":"Feature","properties":{"name":"七尾IC","ref":"10"},"geometry":{"type":"Point","coordinates":[136.95346,37.0204]}},{"type":"Feature","properties":{"name":"穴水IC","ref":null},"geometry":{"type":"Point","coordinates":[136.89894,37.23694]}},{"type":"Feature","properties":{"name":"大井川焼津藤枝スマート","ref":"12-1"},"geometry":{"type":"Point","coordinates":[138.26707,34.81934]}},{"type":"Feature","properties":{"name":"山中湖","ref":"4"},"geometry":{"type":"Point","coordinates":[138.83104,35.43444]}},{"type":"Feature","properties":{"name":"山代久原IC","ref":"14"},"geometry":{"type":"Point","coordinates":[129.8056,33.32202]}},{"type":"Feature","properties":{"name":"高知龍馬空港IC","ref":"4"},"geometry":{"type":"Point","coordinates":[133.67272,33.55697]}},{"type":"Feature","properties":{"name":"壬生PA（西行き）","ref":null},"geometry":{"type":"Point","coordinates":[139.80874,36.45437]}},{"type":"Feature","properties":{"name":"松ノ木峠PA(下り)","ref":null},"geometry":{"type":"Point","coordinates":[137.05186,36.06903]}},{"type":"Feature","properties":{"name":"土樽PA（下り）","ref":null},"geometry":{"type":"Point","coordinates":[138.87544,36.86473]}},{"type":"Feature","properties":{"name":"土樽PA（上り）","ref":null},"geometry":{"type":"Point","coordinates":[138.87134,36.86686]}},{"type":"Feature","properties":{"name":"谷川岳PA（下り）","ref":null},"geometry":{"type":"Point","coordinates":[138.94535,36.77674]}},{"type":"Feature","properties":{"name":"遠軽瀬戸瀬IC","ref":"8"},"geometry":{"type":"Point","coordinates":[143.43321,44.00587]}},{"type":"Feature","properties":{"name":"新津西SIC","ref":"13-1"},"geometry":{"type":"Point","coordinates":[139.08879,37.82161]}},{"type":"Feature","properties":{"name":"春日PA (下り)","ref":null},"geometry":{"type":"Point","coordinates":[141.00665,38.3477]}},{"type":"Feature","properties":{"name":"秋田中央IC","ref":"7"},"geometry":{"type":"Point","coordinates":[140.18134,39.72175]}},{"type":"Feature","properties":{"name":"西仙北SA (下り);西仙北スマートIC","ref":"4-1"},"geometry":{"type":"Point","coordinates":[140.32661,39.53728]}},{"type":"Feature","properties":{"name":"横手北スマートIC","ref":"3-1"},"geometry":{"type":"Point","coordinates":[140.51278,39.32527]}},{"type":"Feature","properties":{"name":"横手IC","ref":"3"},"geometry":{"type":"Point","coordinates":[140.54781,39.28183]}},{"type":"Feature","properties":{"name":"十文字IC","ref":null},"geometry":{"type":"Point","coordinates":[140.52174,39.23637]}},{"type":"Feature","properties":{"name":"相馬玉野ＩＣ","ref":"2"},"geometry":{"type":"Point","coordinates":[140.74998,37.77351]}},{"type":"Feature","properties":{"name":"日高神鍋高原IC","ref":null},"geometry":{"type":"Point","coordinates":[134.76338,35.46653]}},{"type":"Feature","properties":{"name":"上三永IC","ref":"2"},"geometry":{"type":"Point","coordinates":[132.79325,34.39566]}},{"type":"Feature","properties":{"name":"明石IC/PA","ref":null},"geometry":{"type":"Point","coordinates":[131.32401,34.38813]}},{"type":"Feature","properties":{"name":"川原子IC","ref":"25"},"geometry":{"type":"Point","coordinates":[140.32451,38.67466]}},{"type":"Feature","properties":{"name":"大船渡碁石海岸IC","ref":"33"},"geometry":{"type":"Point","coordinates":[141.71231,39.03451]}},{"type":"Feature","properties":{"name":"通岡IC","ref":"32"},"geometry":{"type":"Point","coordinates":[141.68137,39.02637]}},{"type":"Feature","properties":{"name":"登米IC","ref":"15"},"geometry":{"type":"Point","coordinates":[141.26611,38.67635]}},{"type":"Feature","properties":{"name":"桃生津山IC","ref":"14"},"geometry":{"type":"Point","coordinates":[141.28187,38.59714]}},{"type":"Feature","properties":{"name":"石巻女川IC","ref":"11-1"},"geometry":{"type":"Point","coordinates":[141.27969,38.46104]}},{"type":"Feature","properties":{"name":"矢本PA","ref":null},"geometry":{"type":"Point","coordinates":[141.18237,38.4257]}},{"type":"Feature","properties":{"name":"氷見IC","ref":"5"},"geometry":{"type":"Point","coordinates":[136.95464,36.85634]}},{"type":"Feature","properties":{"name":"のと里山空港IC","ref":null},"geometry":{"type":"Point","coordinates":[136.92641,37.28459]}},{"type":"Feature","properties":{"name":"別所岳SA(上り)","ref":null},"geometry":{"type":"Point","coordinates":[136.85339,37.18352]}},{"type":"Feature","properties":{"name":"上北IC","ref":null},"geometry":{"type":"Point","coordinates":[141.27791,40.68991]}},{"type":"Feature","properties":{"name":"三沢十和田下田IC","ref":null},"geometry":{"type":"Point","coordinates":[141.37334,40.64331]}},{"type":"Feature","properties":{"name":"下田百石IC","ref":"8"},"geometry":{"type":"Point","coordinates":[141.42265,40.59972]}},{"type":"Feature","properties":{"name":"高野口IC","ref":"15"},"geometry":{"type":"Point","coordinates":[135.54808,34.31192]}},{"type":"Feature","properties":{"name":"荒川PA（上り）","ref":null},"geometry":{"type":"Point","coordinates":[139.42518,38.14045]}},{"type":"Feature","properties":{"name":"胎内SIC","ref":"5-1"},"geometry":{"type":"Point","coordinates":[139.38415,38.07678]}},{"type":"Feature","properties":{"name":"八幡京田辺JCT","ref":"10"},"geometry":{"type":"Point","coordinates":[135.73145,34.84234]}},{"type":"Feature","properties":{"name":"城陽JCT","ref":"9"},"geometry":{"type":"Point","coordinates":[135.75482,34.84664]}},{"type":"Feature","properties":{"name":"高舘PA (下り)","ref":null},"geometry":{"type":"Point","coordinates":[140.62353,40.6809]}},{"type":"Feature","properties":{"name":"中尊寺PA (上り)","ref":null},"geometry":{"type":"Point","coordinates":[141.11254,38.96578]}},{"type":"Feature","properties":{"name":"増穂ＩＣ（下り；双葉方面）","ref":"5"},"geometry":{"type":"Point","coordinates":[138.47173,35.55936]}},{"type":"Feature","properties":{"name":"上月PA(上り)","ref":null},"geometry":{"type":"Point","coordinates":[134.30299,35.0109]}},{"type":"Feature","properties":{"name":"岩美IC","ref":null},"geometry":{"type":"Point","coordinates":[134.3159,35.57312]}},{"type":"Feature","properties":{"name":"はわいSA","ref":null},"geometry":{"type":"Point","coordinates":[133.88964,35.49633]}},{"type":"Feature","properties":{"name":"琴浦PA/琴の浦IC","ref":"10-1"},"geometry":{"type":"Point","coordinates":[133.65851,35.50019]}},{"type":"Feature","properties":{"name":"米子南IC","ref":"18"},"geometry":{"type":"Point","coordinates":[133.35745,35.41716]}},{"type":"Feature","properties":{"name":"出雲IC","ref":"31"},"geometry":{"type":"Point","coordinates":[132.71527,35.32566]}},{"type":"Feature","properties":{"name":"福原PA(上り)","ref":null},"geometry":{"type":"Point","coordinates":[134.29855,35.22957]}},{"type":"Feature","properties":{"name":"増穂IC・PA（上り）","ref":"5"},"geometry":{"type":"Point","coordinates":[138.47327,35.56496]}},{"type":"Feature","properties":{"name":"増穂ＰＡ（下り；双葉方面）","ref":null},"geometry":{"type":"Point","coordinates":[138.47047,35.55471]}},{"type":"Feature","properties":{"name":"広野IC","ref":"19"},"geometry":{"type":"Point","coordinates":[140.9838,37.23844]}},{"type":"Feature","properties":{"name":"佐々IC","ref":"8"},"geometry":{"type":"Point","coordinates":[129.64602,33.22602]}},{"type":"Feature","properties":{"name":"院内IC","ref":"9-1"},"geometry":{"type":"Point","coordinates":[131.33522,33.47293]}},{"type":"Feature","properties":{"name":"宇佐IC","ref":"9"},"geometry":{"type":"Point","coordinates":[131.31727,33.49739]}},{"type":"Feature","properties":{"name":"築城IC","ref":"4"},"geometry":{"type":"Point","coordinates":[131.01397,33.66262]}},{"type":"Feature","properties":{"name":"佐伯IC","ref":"18"},"geometry":{"type":"Point","coordinates":[131.86209,32.97279]}},{"type":"Feature","properties":{"name":"国富スマートIC","ref":"28-1"},"geometry":{"type":"Point","coordinates":[131.36815,31.97917]}},{"type":"Feature","properties":{"name":"鳴門西PA(上り)","ref":null},"geometry":{"type":"Point","coordinates":[134.48858,34.16053]}},{"type":"Feature","properties":{"name":"芸西西IC","ref":"8"},"geometry":{"type":"Point","coordinates":[133.78182,33.52062]}},{"type":"Feature","properties":{"name":"大島南IC","ref":"11"},"geometry":{"type":"Point","coordinates":[133.03038,34.13051]}},{"type":"Feature","properties":{"name":"大浜PA(下り)","ref":null},"geometry":{"type":"Point","coordinates":[133.17203,34.3536]}},{"type":"Feature","properties":{"name":"紀伊長島IC","ref":"3"},"geometry":{"type":"Point","coordinates":[136.32975,34.21733]}},{"type":"Feature","properties":{"name":"永平寺IC","ref":null},"geometry":{"type":"Point","coordinates":[136.32944,36.087]}},{"type":"Feature","properties":{"name":"矢引PA（下り）","ref":null},"geometry":{"type":"Point","coordinates":[139.71759,38.70057]}},{"type":"Feature","properties":{"name":"大竹JCT","ref":null},"geometry":{"type":"Point","coordinates":[132.21416,34.23747]}},{"type":"Feature","properties":{"name":"三滝堂IC","ref":"16-1"},"geometry":{"type":"Point","coordinates":[141.32739,38.70678]}},{"type":"Feature","properties":{"name":"茂原長柄スマートIC","ref":"102-1"},"geometry":{"type":"Point","coordinates":[140.24825,35.44687]}},{"type":"Feature","properties":{"name":"市原鶴舞ＩＣ","ref":"104"},"geometry":{"type":"Point","coordinates":[140.18201,35.35849]}},{"type":"Feature","properties":{"name":"木更津東ＩＣ","ref":"105"},"geometry":{"type":"Point","coordinates":[140.04946,35.35914]}},{"type":"Feature","properties":{"name":"木更津東IC","ref":"105"},"geometry":{"type":"Point","coordinates":[140.044,35.35889]}},{"type":"Feature","properties":{"name":"城南スマートIC","ref":"16-1"},"geometry":{"type":"Point","coordinates":[130.74233,32.69423]}},{"type":"Feature","properties":{"name":"大森IC","ref":"8"},"geometry":{"type":"Point","coordinates":[136.991,35.20485]}},{"type":"Feature","properties":{"name":"五條北IC","ref":"10"},"geometry":{"type":"Point","coordinates":[135.71311,34.39075]}},{"type":"Feature","properties":{"name":"大治南IC","ref":"22"},"geometry":{"type":"Point","coordinates":[136.81702,35.16619]}},{"type":"Feature","properties":{"name":"陸別小利別IC","ref":null},"geometry":{"type":"Point","coordinates":[143.67274,43.59325]}},{"type":"Feature","properties":{"name":"米沢北IC","ref":"10"},"geometry":{"type":"Point","coordinates":[140.11639,37.95527]}},{"type":"Feature","properties":{"name":"米沢八幡原IC","ref":"8"},"geometry":{"type":"Point","coordinates":[140.15557,37.89492]}},{"type":"Feature","properties":{"name":"米沢中央IC","ref":"9"},"geometry":{"type":"Point","coordinates":[140.13607,37.92099]}},{"type":"Feature","properties":{"name":"大滝CB","ref":null},"geometry":{"type":"Point","coordinates":[140.33578,37.84009]}},{"type":"Feature","properties":{"name":"高尾野北IC","ref":"10"},"geometry":{"type":"Point","coordinates":[130.29886,32.08499]}},{"type":"Feature","properties":{"name":"津軽石PA","ref":null},"geometry":{"type":"Point","coordinates":[141.93495,39.5842]}},{"type":"Feature","properties":{"name":"余部IC","ref":"3"},"geometry":{"type":"Point","coordinates":[134.56486,35.63879]}},{"type":"Feature","properties":{"name":"久斗IC","ref":"4"},"geometry":{"type":"Point","coordinates":[134.50284,35.62176]}},{"type":"Feature","properties":{"name":"新温泉浜坂IC","ref":"5"},"geometry":{"type":"Point","coordinates":[134.47334,35.6126]}},{"type":"Feature","properties":{"name":"茨木千提寺IC/PA","ref":"12"},"geometry":{"type":"Point","coordinates":[135.53154,34.88185]}},{"type":"Feature","properties":{"name":"箕面とどろみIC","ref":"13"},"geometry":{"type":"Point","coordinates":[135.45563,34.87634]}},{"type":"Feature","properties":{"name":"川西IC","ref":"14"},"geometry":{"type":"Point","coordinates":[135.39486,34.88588]}},{"type":"Feature","properties":{"name":"高槻IC","ref":"11"},"geometry":{"type":"Point","coordinates":[135.62754,34.87625]}},{"type":"Feature","properties":{"name":"鉾田IC","ref":"16"},"geometry":{"type":"Point","coordinates":[140.48502,36.17691]}},{"type":"Feature","properties":{"name":"本巣PA","ref":null},"geometry":{"type":"Point","coordinates":[136.66287,35.45625]}},{"type":"Feature","properties":{"name":"本巣IC","ref":"14"},"geometry":{"type":"Point","coordinates":[136.67816,35.46239]}},{"type":"Feature","properties":{"name":"山県IC","ref":"12"},"geometry":{"type":"Point","coordinates":[136.78013,35.51096]}},{"type":"Feature","properties":{"name":"岐阜IC","ref":"13"},"geometry":{"type":"Point","coordinates":[136.72774,35.47563]}},{"type":"Feature","properties":{"name":"京丹波PA(下り)","ref":null},"geometry":{"type":"Point","coordinates":[135.41716,35.15407]}},{"type":"Feature","properties":{"name":"京丹波わちIC","ref":"4"},"geometry":{"type":"Point","coordinates":[135.33783,35.27932]}},{"type":"Feature","properties":{"name":"由良川PA(下り)","ref":null},"geometry":{"type":"Point","coordinates":[135.21164,35.42498]}},{"type":"Feature","properties":{"name":"滝沢中央スマートIC","ref":"42-1"},"geometry":{"type":"Point","coordinates":[141.094,39.74524]}},{"type":"Feature","properties":{"name":"智恵文IC","ref":null},"geometry":{"type":"Point","coordinates":[142.37005,44.4399]}},{"type":"Feature","properties":{"name":"智恵文南入口","ref":null},"geometry":{"type":"Point","coordinates":[142.40315,44.41451]}},{"type":"Feature","properties":{"name":"名寄IC","ref":null},"geometry":{"type":"Point","coordinates":[142.44838,44.32647]}},{"type":"Feature","properties":{"name":"厚木南IC","ref":"2"},"geometry":{"type":"Point","coordinates":[139.35624,35.40627]}},{"type":"Feature","properties":{"name":"虻田洞爺湖IC","ref":"14"},"geometry":{"type":"Point","coordinates":[140.77113,42.55817]}},{"type":"Feature","properties":{"name":"豊浦噴火湾PA (上り)","ref":null},"geometry":{"type":"Point","coordinates":[140.69963,42.59319]}},{"type":"Feature","properties":{"name":"黒松内南IC","ref":null},"geometry":{"type":"Point","coordinates":[140.43588,42.64578]}},{"type":"Feature","properties":{"name":"七飯藤城IC","ref":"4"},"geometry":{"type":"Point","coordinates":[140.67276,41.92213]}},{"type":"Feature","properties":{"name":"侍浜南IC","ref":"67"},"geometry":{"type":"Point","coordinates":[141.7868,40.26]}},{"type":"Feature","properties":{"name":"淡路島中央スマートIC","ref":"7-1"},"geometry":{"type":"Point","coordinates":[134.86022,34.37316]}},{"type":"Feature","properties":{"name":"門川南スマートIC","ref":"24-1"},"geometry":{"type":"Point","coordinates":[131.6504,32.49066]}},{"type":"Feature","properties":{"name":"鈴鹿PA/スマートIC","ref":"2-1"},"geometry":{"type":"Point","coordinates":[136.46363,34.96269]}},{"type":"Feature","properties":{"name":"宇和島坂下津IC","ref":"26"},"geometry":{"type":"Point","coordinates":[132.55004,33.21574]}},{"type":"Feature","properties":{"name":"香南のいちIC","ref":"5"},"geometry":{"type":"Point","coordinates":[133.70829,33.55524]}},{"type":"Feature","properties":{"name":"奥州スマートIC","ref":"35-1"},"geometry":{"type":"Point","coordinates":[141.11949,39.11161]}},{"type":"Feature","properties":{"name":"菰野IC","ref":"2"},"geometry":{"type":"Point","coordinates":[136.49843,35.02345]}},{"type":"Feature","properties":{"name":"歌津IC","ref":"19"},"geometry":{"type":"Point","coordinates":[141.50433,38.70831]}},{"type":"Feature","properties":{"name":"霊山飯舘IC","ref":"3"},"geometry":{"type":"Point","coordinates":[140.70377,37.75475]}},{"type":"Feature","properties":{"name":"飯田上久堅・喬木富田IC","ref":"5"},"geometry":{"type":"Point","coordinates":[137.8773,35.46323]}},{"type":"Feature","properties":{"name":"千代IC","ref":"3"},"geometry":{"type":"Point","coordinates":[137.82023,35.43221]}},{"type":"Feature","properties":{"name":"宝塚北SA/スマートIC","ref":"14-1"},"geometry":{"type":"Point","coordinates":[135.30368,34.8655]}},{"type":"Feature","properties":{"name":"上浦幌PA (上り)","ref":null},"geometry":{"type":"Point","coordinates":[143.64197,43.11688]}},{"type":"Feature","properties":{"name":"大田中央・三瓶山IC","ref":"35"},"geometry":{"type":"Point","coordinates":[132.5094,35.2134]}},{"type":"Feature","properties":{"name":"大田朝山IC","ref":"34"},"geometry":{"type":"Point","coordinates":[132.56403,35.24316]}},{"type":"Feature","properties":{"name":"春日PA (上り)","ref":null},"geometry":{"type":"Point","coordinates":[141.0119,38.35051]}},{"type":"Feature","properties":{"name":"尾鷲北IC","ref":"5"},"geometry":{"type":"Point","coordinates":[136.18462,34.08272]}},{"type":"Feature","properties":{"name":"日高門別IC","ref":"7"},"geometry":{"type":"Point","coordinates":[142.08253,42.49514]}},{"type":"Feature","properties":{"name":"二ツ井白神IC","ref":"15"},"geometry":{"type":"Point","coordinates":[140.18839,40.20837]}},{"type":"Feature","properties":{"name":"田老真崎海岸IC","ref":"52"},"geometry":{"type":"Point","coordinates":[141.96714,39.7544]}},{"type":"Feature","properties":{"name":"田老北IC","ref":"53"},"geometry":{"type":"Point","coordinates":[141.96499,39.78386]}},{"type":"Feature","properties":{"name":"幸手IC","ref":"71"},"geometry":{"type":"Point","coordinates":[139.73885,36.06567]}},{"type":"Feature","properties":{"name":"ならはPA/SIC（上り）","ref":"19-1"},"geometry":{"type":"Point","coordinates":[140.98245,37.28992]}},{"type":"Feature","properties":{"name":"吉浜IC","ref":"37"},"geometry":{"type":"Point","coordinates":[141.82962,39.14995]}},{"type":"Feature","properties":{"name":"用瀬IC","ref":"6"},"geometry":{"type":"Point","coordinates":[134.19644,35.35577]}},{"type":"Feature","properties":{"name":"大石田村山IC","ref":"21"},"geometry":{"type":"Point","coordinates":[140.39852,38.56281]}},{"type":"Feature","properties":{"name":"三郷中央IC","ref":"81"},"geometry":{"type":"Point","coordinates":[139.87208,35.82351]}},{"type":"Feature","properties":{"name":"日高厚賀IC","ref":"8"},"geometry":{"type":"Point","coordinates":[142.24137,42.43153]}},{"type":"Feature","properties":{"name":"佐久南IC","ref":null},"geometry":{"type":"Point","coordinates":[138.44184,36.24316]}},{"type":"Feature","properties":{"name":"八千穂高原 IC","ref":null},"geometry":{"type":"Point","coordinates":[138.46409,36.12557]}},{"type":"Feature","properties":{"name":"白川郷IC","ref":"14"},"geometry":{"type":"Point","coordinates":[136.89887,36.26334]}},{"type":"Feature","properties":{"name":"伊万里東府招IC","ref":"18"},"geometry":{"type":"Point","coordinates":[129.91408,33.29887]}},{"type":"Feature","properties":{"name":"水俣IC","ref":"6"},"geometry":{"type":"Point","coordinates":[130.42659,32.21448]}},{"type":"Feature","properties":{"name":"居組IC","ref":null},"geometry":{"type":"Point","coordinates":[134.39283,35.61496]}},{"type":"Feature","properties":{"name":"佐津IC","ref":"1"},"geometry":{"type":"Point","coordinates":[134.68474,35.62478]}},{"type":"Feature","properties":{"name":"市川南","ref":"91"},"geometry":{"type":"Point","coordinates":[139.93532,35.69905]}},{"type":"Feature","properties":{"name":"市川中央IC","ref":"86"},"geometry":{"type":"Point","coordinates":[139.91709,35.71904]}},{"type":"Feature","properties":{"name":"松戸IC","ref":"83"},"geometry":{"type":"Point","coordinates":[139.90385,35.76045]}},{"type":"Feature","properties":{"name":"市川北IC","ref":"85"},"geometry":{"type":"Point","coordinates":[139.91898,35.7497]}},{"type":"Feature","properties":{"name":"伊勢原大山IC","ref":"3"},"geometry":{"type":"Point","coordinates":[139.28643,35.41577]}},{"type":"Feature","properties":{"name":"身延山IC","ref":"2-2"},"geometry":{"type":"Point","coordinates":[138.45237,35.34703]}},{"type":"Feature","properties":{"name":"下部温泉早川IC","ref":"3"},"geometry":{"type":"Point","coordinates":[138.46221,35.41764]}},{"type":"Feature","properties":{"name":"能美根上スマートIC","ref":"14-1"},"geometry":{"type":"Point","coordinates":[136.46471,36.46897]}},{"type":"Feature","properties":{"name":"駒帰交差点","ref":null},"geometry":{"type":"Point","coordinates":[134.3227,35.21963]}},{"type":"Feature","properties":{"name":"かみのやま温泉IC","ref":"12"},"geometry":{"type":"Point","coordinates":[140.25621,38.12637]}},{"type":"Feature","properties":{"name":"南陽高畠IC","ref":"11"},"geometry":{"type":"Point","coordinates":[140.16493,38.02531]}},{"type":"Feature","properties":{"name":"長篠設楽原ＰＡ（下り）","ref":null},"geometry":{"type":"Point","coordinates":[137.5158,34.92686]}},{"type":"Feature","properties":{"name":"陸前高田長部IC","ref":"30"},"geometry":{"type":"Point","coordinates":[141.6139,38.98533]}},{"type":"Feature","properties":{"name":"太田強戸ＰA ／ スマートＩＣ","ref":"4-1"},"geometry":{"type":"Point","coordinates":[139.34811,36.33908]}},{"type":"Feature","properties":{"name":"楢原PA(下り)","ref":null},"geometry":{"type":"Point","coordinates":[134.19791,35.02068]}},{"type":"Feature","properties":{"name":"今治北IC","ref":"12"},"geometry":{"type":"Point","coordinates":[132.97724,34.10273]}},{"type":"Feature","properties":{"name":"門司港IC","ref":"38"},"geometry":{"type":"Point","coordinates":[130.96367,33.95919]}},{"type":"Feature","properties":{"name":"めかりPA(上り)","ref":null},"geometry":{"type":"Point","coordinates":[130.96679,33.95738]}},{"type":"Feature","properties":{"name":"高知南IC","ref":"2"},"geometry":{"type":"Point","coordinates":[133.58886,33.5402]}},{"type":"Feature","properties":{"name":"はわいIC","ref":"7"},"geometry":{"type":"Point","coordinates":[133.86988,35.49634]}},{"type":"Feature","properties":{"name":"米子中IC","ref":"19-1"},"geometry":{"type":"Point","coordinates":[133.33475,35.41283]}},{"type":"Feature","properties":{"name":"宍道湖SA(下り)","ref":null},"geometry":{"type":"Point","coordinates":[133.02037,35.43038]}},{"type":"Feature","properties":{"name":"浜田港IC","ref":null},"geometry":{"type":"Point","coordinates":[132.06629,34.87793]}},{"type":"Feature","properties":{"name":"西村IC","ref":null},"geometry":{"type":"Point","coordinates":[132.00873,34.84098]}},{"type":"Feature","properties":{"name":"今福IC","ref":"13"},"geometry":{"type":"Point","coordinates":[129.76589,33.34925]}},{"type":"Feature","properties":{"name":"調川IC","ref":"12"},"geometry":{"type":"Point","coordinates":[129.74306,33.35505]}},{"type":"Feature","properties":{"name":"四万十町西IC","ref":"20"},"geometry":{"type":"Point","coordinates":[133.14552,33.18487]}},{"type":"Feature","properties":{"name":"黒潮拳ノ川IC","ref":"21"},"geometry":{"type":"Point","coordinates":[133.1315,33.1416]}},{"type":"Feature","properties":{"name":"長門湯本温泉IC","ref":null},"geometry":{"type":"Point","coordinates":[131.1752,34.34277]}},{"type":"Feature","properties":{"name":"俵山北IC","ref":null},"geometry":{"type":"Point","coordinates":[131.14181,34.30768]}},{"type":"Feature","properties":{"name":"中川IC","ref":null},"geometry":{"type":"Point","coordinates":[142.06539,44.78225]}},{"type":"Feature","properties":{"name":"小樽JCT","ref":"9"},"geometry":{"type":"Point","coordinates":[141.06529,43.16549]}},{"type":"Feature","properties":{"name":"矢引PA（上り）","ref":null},"geometry":{"type":"Point","coordinates":[139.72304,38.70412]}},{"type":"Feature","properties":{"name":"荒川PA（下り）","ref":null},"geometry":{"type":"Point","coordinates":[139.42262,38.1377]}},{"type":"Feature","properties":{"name":"久慈南IC","ref":"64"},"geometry":{"type":"Point","coordinates":[141.76943,40.16205]}},{"type":"Feature","properties":{"name":"大谷海岸IC","ref":"23"},"geometry":{"type":"Point","coordinates":[141.55534,38.81522]}},{"type":"Feature","properties":{"name":"石橋IC","ref":"9"},"geometry":{"type":"Point","coordinates":[139.14233,35.22844]}},{"type":"Feature","properties":{"name":"山都中島西IC","ref":"3"},"geometry":{"type":"Point","coordinates":[130.89461,32.73985]}},{"type":"Feature","properties":{"name":"余市IC","ref":"13"},"geometry":{"type":"Point","coordinates":[140.82053,43.1789]}},{"type":"Feature","properties":{"name":"小樽塩谷IC","ref":"12"},"geometry":{"type":"Point","coordinates":[140.92653,43.19842]}},{"type":"Feature","properties":{"name":"雲海橋交差点","ref":null},"geometry":{"type":"Point","coordinates":[131.32492,32.70509]}},{"type":"Feature","properties":{"name":"日之影深角IC","ref":null},"geometry":{"type":"Point","coordinates":[131.34859,32.69141]}},{"type":"Feature","properties":{"name":"本吉PA","ref":null},"geometry":{"type":"Point","coordinates":[141.53767,38.80303]}},{"type":"Feature","properties":{"name":"歌津北IC","ref":"20"},"geometry":{"type":"Point","coordinates":[141.5231,38.74263]}},{"type":"Feature","properties":{"name":"高須IC","ref":null},"geometry":{"type":"Point","coordinates":[133.22334,34.43536]}},{"type":"Feature","properties":{"name":"佐久間川合IC","ref":null},"geometry":{"type":"Point","coordinates":[137.7884,35.07372]}},{"type":"Feature","properties":{"name":"志波姫PA (下り)","ref":null},"geometry":{"type":"Point","coordinates":[141.04637,38.74466]}},{"type":"Feature","properties":{"name":"遠野住田IC","ref":"6"},"geometry":{"type":"Point","coordinates":[141.58942,39.26466]}},{"type":"Feature","properties":{"name":"中富IC","ref":"3-2"},"geometry":{"type":"Point","coordinates":[138.45083,35.45938]}},{"type":"Feature","properties":{"name":"七戸IC","ref":null},"geometry":{"type":"Point","coordinates":[141.21234,40.73214]}},{"type":"Feature","properties":{"name":"出雲多伎IC","ref":"33"},"geometry":{"type":"Point","coordinates":[132.64149,35.28556]}},{"type":"Feature","properties":{"name":"東北IC","ref":null},"geometry":{"type":"Point","coordinates":[141.23555,40.71892]}},{"type":"Feature","properties":{"name":"田村スマートIC","ref":"2-1"},"geometry":{"type":"Point","coordinates":[140.60377,37.37051]}},{"type":"Feature","properties":{"name":"京丹波PA(上り)","ref":null},"geometry":{"type":"Point","coordinates":[135.41108,35.15644]}},{"type":"Feature","properties":{"name":"北熊本SA/スマートIC(下り)","ref":"14-1"},"geometry":{"type":"Point","coordinates":[130.71716,32.90085]}},{"type":"Feature","properties":{"name":"鴨川東IC","ref":"8-02"},"geometry":{"type":"Point","coordinates":[135.76779,34.97285]}},{"type":"Feature","properties":{"name":"大熊IC（上り）","ref":"20-1"},"geometry":{"type":"Point","coordinates":[140.96229,37.41351]}},{"type":"Feature","properties":{"name":"大熊IC（下り）","ref":"20-1"},"geometry":{"type":"Point","coordinates":[140.96229,37.40892]}},{"type":"Feature","properties":{"name":"美濃加茂IC/SA(上り)","ref":"9"},"geometry":{"type":"Point","coordinates":[137.01848,35.47225]}},{"type":"Feature","properties":{"name":"南陽PA","ref":null},"geometry":{"type":"Point","coordinates":[140.19421,38.07561]}},{"type":"Feature","properties":{"name":"清洲西IC","ref":"18"},"geometry":{"type":"Point","coordinates":[136.82601,35.21383]}},{"type":"Feature","properties":{"name":"留萌IC","ref":"7"},"geometry":{"type":"Point","coordinates":[141.66964,43.93878]}},{"type":"Feature","properties":{"name":"浜村鹿野温泉IC","ref":"4"},"geometry":{"type":"Point","coordinates":[134.05379,35.49881]}},{"type":"Feature","properties":{"name":"大網白里スマートIC","ref":"101-1"},"geometry":{"type":"Point","coordinates":[140.29524,35.51218]}},{"type":"Feature","properties":{"name":"和光","ref":"51"},"geometry":{"type":"Point","coordinates":[139.60892,35.77862]}},{"type":"Feature","properties":{"name":"青谷IC","ref":"5"},"geometry":{"type":"Point","coordinates":[134.00527,35.51144]}},{"type":"Feature","properties":{"name":"浦川IC","ref":null},"geometry":{"type":"Point","coordinates":[137.7569,35.06135]}},{"type":"Feature","properties":{"name":"小牧IC","ref":"24"},"geometry":{"type":"Point","coordinates":[136.90842,35.30308]}},{"type":"Feature","properties":{"name":"新庄鮭川IC","ref":"28"},"geometry":{"type":"Point","coordinates":[140.28914,38.77662]}},{"type":"Feature","properties":{"name":"太宰府IC","ref":"8"},"geometry":{"type":"Point","coordinates":[130.49672,33.52896]}},{"type":"Feature","properties":{"name":"東栄IC","ref":null},"geometry":{"type":"Point","coordinates":[137.72356,35.04231]}},{"type":"Feature","properties":{"name":"佐伯弥生PA","ref":null},"geometry":{"type":"Point","coordinates":[131.86646,32.99887]}},{"type":"Feature","properties":{"name":"大根布JCT","ref":null},"geometry":{"type":"Point","coordinates":[136.63761,36.65451]}},{"type":"Feature","properties":{"name":"伊達桑折IC","ref":"6"},"geometry":{"type":"Point","coordinates":[140.50981,37.82856]}},{"type":"Feature","properties":{"name":"新庄真室川IC","ref":null},"geometry":{"type":"Point","coordinates":[140.32665,38.83234]}},{"type":"Feature","properties":{"name":"南部IC","ref":"2"},"geometry":{"type":"Point","coordinates":[138.4456,35.30431]}},{"type":"Feature","properties":{"name":"侍浜IC","ref":"68"},"geometry":{"type":"Point","coordinates":[141.78513,40.28282]}},{"type":"Feature","properties":{"name":"洋野種市IC","ref":"71"},"geometry":{"type":"Point","coordinates":[141.70131,40.41006]}},{"type":"Feature","properties":{"name":"喬木ＩＣ","ref":null},"geometry":{"type":"Point","coordinates":[137.94436,35.45164]}},{"type":"Feature","properties":{"name":"御所南IC","ref":null},"geometry":{"type":"Point","coordinates":[135.74069,34.44713]}},{"type":"Feature","properties":{"name":"君津ＰＡ（上り）、スマートIC","ref":"18-1"},"geometry":{"type":"Point","coordinates":[139.92514,35.28087]}},{"type":"Feature","properties":{"name":"大野神戸IC","ref":"15"},"geometry":{"type":"Point","coordinates":[136.62636,35.42637]}},{"type":"Feature","properties":{"name":"相馬山上IC","ref":"1"},"geometry":{"type":"Point","coordinates":[140.84437,37.77054]}},{"type":"Feature","properties":{"name":"遠軽IC","ref":"9"},"geometry":{"type":"Point","coordinates":[143.49426,44.02229]}},{"type":"Feature","properties":{"name":"輪厚PA (上り) / スマートIC","ref":"27"},"geometry":{"type":"Point","coordinates":[141.50867,42.95424]}},{"type":"Feature","properties":{"name":"霊山IC","ref":"4"},"geometry":{"type":"Point","coordinates":[140.59145,37.76442]}},{"type":"Feature","properties":{"name":"高井戸IC","ref":"1"},"geometry":{"type":"Point","coordinates":[139.60474,35.68049]}},{"type":"Feature","properties":{"name":"新御殿場IC","ref":"5"},"geometry":{"type":"Point","coordinates":[138.91694,35.32332]}},{"type":"Feature","properties":{"name":"富士吉田忍野スマートIC","ref":"3-1"},"geometry":{"type":"Point","coordinates":[138.79854,35.45171]}},{"type":"Feature","properties":{"name":"阿智ＰＡ（下り）","ref":null},"geometry":{"type":"Point","coordinates":[137.74748,35.45061]}},{"type":"Feature","properties":{"name":"金城PA/スマートIC(下り)","ref":"3-1"},"geometry":{"type":"Point","coordinates":[132.19625,34.88327]}},{"type":"Feature","properties":{"name":"桑折JCT","ref":"22-1"},"geometry":{"type":"Point","coordinates":[140.49003,37.83255]}},{"type":"Feature","properties":{"name":"木古内IC","ref":"6"},"geometry":{"type":"Point","coordinates":[140.44873,41.69616]}},{"type":"Feature","properties":{"name":"釧路空港IC","ref":"17-1"},"geometry":{"type":"Point","coordinates":[144.23238,43.06422]}},{"type":"Feature","properties":{"name":"岐阜三輪PA/スマートIC","ref":"11-1"},"geometry":{"type":"Point","coordinates":[136.83337,35.51306]}},{"type":"Feature","properties":{"name":"常磐双葉IC","ref":"20-2"},"geometry":{"type":"Point","coordinates":[140.96233,37.45847]}},{"type":"Feature","properties":{"name":"飛島北IC","ref":"27"},"geometry":{"type":"Point","coordinates":[136.81578,35.07487]}},{"type":"Feature","properties":{"name":"南陽IC","ref":"26"},"geometry":{"type":"Point","coordinates":[136.81503,35.10213]}},{"type":"Feature","properties":{"name":"日高北IC","ref":null},"geometry":{"type":"Point","coordinates":[134.78281,35.49288]}},{"type":"Feature","properties":{"name":"気仙沼港IC","ref":"25"},"geometry":{"type":"Point","coordinates":[141.58535,38.88008]}},{"type":"Feature","properties":{"name":"大多田IC","ref":"4-1"},"geometry":{"type":"Point","coordinates":[132.68657,34.34611]}},{"type":"Feature","properties":{"name":"月ヶ瀬IC","ref":null},"geometry":{"type":"Point","coordinates":[138.93125,34.92229]}},{"type":"Feature","properties":{"name":"中井ＰＡ（下り）","ref":null},"geometry":{"type":"Point","coordinates":[139.20428,35.34591]}},{"type":"Feature","properties":{"name":"岩井崎IC","ref":"23-1"},"geometry":{"type":"Point","coordinates":[141.55923,38.83876]}},{"type":"Feature","properties":{"name":"本吉津谷IC","ref":"22"},"geometry":{"type":"Point","coordinates":[141.52316,38.79364]}},{"type":"Feature","properties":{"name":"根室IC","ref":null},"geometry":{"type":"Point","coordinates":[145.55102,43.31554]}},{"type":"Feature","properties":{"name":"温根沼IC","ref":null},"geometry":{"type":"Point","coordinates":[145.50055,43.27419]}},{"type":"Feature","properties":{"name":"大場・函南IC","ref":"8"},"geometry":{"type":"Point","coordinates":[138.94689,35.09764]}},{"type":"Feature","properties":{"name":"新秦野IC","ref":"4"},"geometry":{"type":"Point","coordinates":[139.1565,35.38615]}},{"type":"Feature","properties":{"name":"徳島沖洲IC","ref":"1"},"geometry":{"type":"Point","coordinates":[134.59318,34.06353]}},{"type":"Feature","properties":{"name":"徳島津田IC","ref":"2"},"geometry":{"type":"Point","coordinates":[134.58564,34.04922]}},{"type":"Feature","properties":{"name":"河津七滝IC","ref":null},"geometry":{"type":"Point","coordinates":[138.94646,34.77713]}},{"type":"Feature","properties":{"name":"河津逆川IC","ref":null},"geometry":{"type":"Point","coordinates":[138.94502,34.75545]}},{"type":"Feature","properties":{"name":"唐桑半島IC","ref":"28"},"geometry":{"type":"Point","coordinates":[141.60826,38.92741]}},{"type":"Feature","properties":{"name":"練馬IC","ref":"1"},"geometry":{"type":"Point","coordinates":[139.6069,35.75481]}},{"type":"Feature","properties":{"name":"荒島IC","ref":null},"geometry":{"type":"Point","coordinates":[136.55269,35.97505]}},{"type":"Feature","properties":{"name":"大田静間IC","ref":"36"},"geometry":{"type":"Point","coordinates":[132.45859,35.199]}},{"type":"Feature","properties":{"name":"伊勢堂岱IC","ref":"22"},"geometry":{"type":"Point","coordinates":[140.33368,40.20717]}},{"type":"Feature","properties":{"name":"蟹沢IC","ref":"21"},"geometry":{"type":"Point","coordinates":[140.31452,40.20567]}},{"type":"Feature","properties":{"name":"きみまち坂IC","ref":"19"},"geometry":{"type":"Point","coordinates":[140.2632,40.21706]}},{"type":"Feature","properties":{"name":"北秋田今泉IC","ref":"20"},"geometry":{"type":"Point","coordinates":[140.29996,40.21708]}},{"type":"Feature","properties":{"name":"のと三井IC","ref":null},"geometry":{"type":"Point","coordinates":[136.90981,37.31854]}},{"type":"Feature","properties":{"name":"岡見IC","ref":null},"geometry":{"type":"Point","coordinates":[131.92997,34.76548]}},{"type":"Feature","properties":{"name":"いなべIC","ref":"18"},"geometry":{"type":"Point","coordinates":[136.51165,35.15473]}},{"type":"Feature","properties":{"name":"美深北IC","ref":null},"geometry":{"type":"Point","coordinates":[142.34003,44.49616]}},{"type":"Feature","properties":{"name":"高津IC","ref":null},"geometry":{"type":"Point","coordinates":[131.82299,34.68559]}},{"type":"Feature","properties":{"name":"長崎IC","ref":"13"},"geometry":{"type":"Point","coordinates":[129.90746,32.73159]}},{"type":"Feature","properties":{"name":"座光寺PA/スマートIC（下り）","ref":"25-1"},"geometry":{"type":"Point","coordinates":[137.84422,35.54563]}},{"type":"Feature","properties":{"name":"宿毛和田IC","ref":"29"},"geometry":{"type":"Point","coordinates":[132.74764,32.94772]}},{"type":"Feature","properties":{"name":"志布志IC","ref":"35"},"geometry":{"type":"Point","coordinates":[131.08305,31.48594]}},{"type":"Feature","properties":{"name":"座光寺PA/スマートIC（上り）","ref":"25-1"},"geometry":{"type":"Point","coordinates":[137.84045,35.54217]}},{"type":"Feature","properties":{"name":"志布志有明IC","ref":"35-1"},"geometry":{"type":"Point","coordinates":[131.05888,31.46764]}},{"type":"Feature","properties":{"name":"大崎IC","ref":"36"},"geometry":{"type":"Point","coordinates":[130.99918,31.44684]}},{"type":"Feature","properties":{"name":"宮古北IC","ref":"50"},"geometry":{"type":"Point","coordinates":[141.92927,39.65368]}},{"type":"Feature","properties":{"name":"田老南IC","ref":"51"},"geometry":{"type":"Point","coordinates":[141.95953,39.7289]}},{"type":"Feature","properties":{"name":"小泉海岸IC","ref":"21"},"geometry":{"type":"Point","coordinates":[141.50633,38.7779]}},{"type":"Feature","properties":{"name":"釜石唐丹IC","ref":"39"},"geometry":{"type":"Point","coordinates":[141.867,39.22016]}},{"type":"Feature","properties":{"name":"鳥の海PA (上り),スマートIC","ref":"27"},"geometry":{"type":"Point","coordinates":[140.89304,38.04136]}},{"type":"Feature","properties":{"name":"山都中島東IC","ref":"4"},"geometry":{"type":"Point","coordinates":[130.93527,32.73109]}},{"type":"Feature","properties":{"name":"本郷","ref":"5-2"},"geometry":{"type":"Point","coordinates":[137.01239,35.17439]}},{"type":"Feature","properties":{"name":"新冠IC","ref":"9"},"geometry":{"type":"Point","coordinates":[142.30008,42.37448]}},{"type":"Feature","properties":{"name":"但馬空港IC","ref":null},"geometry":{"type":"Point","coordinates":[134.80132,35.50632]}},{"type":"Feature","properties":{"name":"内灘白帆台IC","ref":null},"geometry":{"type":"Point","coordinates":[136.64943,36.67132]}},{"type":"Feature","properties":{"name":"村山IC","ref":"19"},"geometry":{"type":"Point","coordinates":[140.36381,38.47823]}},{"type":"Feature","properties":{"name":"阿賀IC","ref":"6"},"geometry":{"type":"Point","coordinates":[132.60767,34.23918]}},{"type":"Feature","properties":{"name":"階上IC","ref":"72"},"geometry":{"type":"Point","coordinates":[141.64732,40.44798]}},{"type":"Feature","properties":{"name":"遊佐比子IC","ref":"21"},"geometry":{"type":"Point","coordinates":[139.85684,39.00834]}},{"type":"Feature","properties":{"name":"釈迦内PA","ref":null},"geometry":{"type":"Point","coordinates":[140.57721,40.31116]}},{"type":"Feature","properties":{"name":"沓掛IC","ref":"15"},"geometry":{"type":"Point","coordinates":[135.65928,34.97663]}},{"type":"Feature","properties":{"name":"清洲東IC","ref":"17"},"geometry":{"type":"Point","coordinates":[136.85286,35.22131]}},{"type":"Feature","properties":{"name":"田野畑北IC","ref":"59"},"geometry":{"type":"Point","coordinates":[141.84031,39.94059]}},{"type":"Feature","properties":{"name":"奥伊勢PA(上り)","ref":null},"geometry":{"type":"Point","coordinates":[136.45126,34.41294]}},{"type":"Feature","properties":{"name":"音威子府IC","ref":null},"geometry":{"type":"Point","coordinates":[142.25349,44.73499]}},{"type":"Feature","properties":{"name":"下山IC","ref":null},"geometry":{"type":"Point","coordinates":[136.62614,35.92116]}},{"type":"Feature","properties":{"name":"九頭竜IC","ref":null},"geometry":{"type":"Point","coordinates":[136.66618,35.9127]}},{"type":"Feature","properties":{"name":"新宮北IC","ref":null},"geometry":{"type":"Point","coordinates":[136.00383,33.72515]}},{"type":"Feature","properties":{"name":"紀宝鵜殿IC","ref":null},"geometry":{"type":"Point","coordinates":[136.00467,33.73356]}},{"type":"Feature","properties":{"name":"紀宝IC","ref":null},"geometry":{"type":"Point","coordinates":[136.00563,33.73896]}},{"type":"Feature","properties":{"name":"山田東IC","ref":"14"},"geometry":{"type":"Point","coordinates":[136.89761,35.22797]}},{"type":"Feature","properties":{"name":"楠IC","ref":"12"},"geometry":{"type":"Point","coordinates":[136.92083,35.22968]}},{"type":"Feature","properties":{"name":"田野畑中央IC","ref":"58"},"geometry":{"type":"Point","coordinates":[141.89165,39.92485]}},{"type":"Feature","properties":{"name":"吉備湯浅PA(上り)","ref":null},"geometry":{"type":"Point","coordinates":[135.20078,34.03478]}},{"type":"Feature","properties":{"name":"川辺","ref":"29"},"geometry":{"type":"Point","coordinates":[135.19388,33.93135]}},{"type":"Feature","properties":{"name":"川辺IC","ref":"29"},"geometry":{"type":"Point","coordinates":[135.19624,33.93742]}},{"type":"Feature","properties":{"name":"伊達中央IC","ref":"5"},"geometry":{"type":"Point","coordinates":[140.53568,37.81222]}},{"type":"Feature","properties":{"name":"気仙沼鹿折IC","ref":"27"},"geometry":{"type":"Point","coordinates":[141.59128,38.91542]}},{"type":"Feature","properties":{"name":"洋野有家IC","ref":"69"},"geometry":{"type":"Point","coordinates":[141.76193,40.32154]}},{"type":"Feature","properties":{"name":"洋野宿戸IC","ref":"70"},"geometry":{"type":"Point","coordinates":[141.7447,40.36156]}},{"type":"Feature","properties":{"name":"白根ＩＣ","ref":"７"},"geometry":{"type":"Point","coordinates":[138.4724,35.6414]}},{"type":"Feature","properties":{"name":"一宮稲沢北IC","ref":"1"},"geometry":{"type":"Point","coordinates":[136.78084,35.28794]}},{"type":"Feature","properties":{"name":"松浦IC","ref":"11"},"geometry":{"type":"Point","coordinates":[129.71777,33.34787]}},{"type":"Feature","properties":{"name":"四倉PA（下り）","ref":null},"geometry":{"type":"Point","coordinates":[140.90888,37.11668]}},{"type":"Feature","properties":{"name":"灘浦IC","ref":"7"},"geometry":{"type":"Point","coordinates":[137.00514,36.92012]}},{"type":"Feature","properties":{"name":"播磨新宮IC","ref":"1"},"geometry":{"type":"Point","coordinates":[134.45564,34.9334]}},{"type":"Feature","properties":{"name":"福井北IC","ref":"9"},"geometry":{"type":"Point","coordinates":[136.28364,36.08608]}},{"type":"Feature","properties":{"name":"富田IC","ref":"25"},"geometry":{"type":"Point","coordinates":[136.8172,35.12612]}},{"type":"Feature","properties":{"name":"千音寺南IC","ref":"24"},"geometry":{"type":"Point","coordinates":[136.81752,35.14973]}},{"type":"Feature","properties":{"name":"久地PA(下り)","ref":null},"geometry":{"type":"Point","coordinates":[132.40473,34.49914]}},{"type":"Feature","properties":{"name":"田野畑南IC","ref":"57"},"geometry":{"type":"Point","coordinates":[141.91683,39.88727]}},{"type":"Feature","properties":{"name":"田野畑思惟IC","ref":"57-1"},"geometry":{"type":"Point","coordinates":[141.9009,39.91258]}},{"type":"Feature","properties":{"name":"佐用平福IC","ref":"1"},"geometry":{"type":"Point","coordinates":[134.36218,35.06322]}},{"type":"Feature","properties":{"name":"平泉スマートIC","ref":"34-1"},"geometry":{"type":"Point","coordinates":[141.11137,38.97536]}},{"type":"Feature","properties":{"name":"村山本飯田IC","ref":"20-2"},"geometry":{"type":"Point","coordinates":[140.3843,38.52794]}},{"type":"Feature","properties":{"name":"東根北IC","ref":"18"},"geometry":{"type":"Point","coordinates":[140.35391,38.4466]}},{"type":"Feature","properties":{"name":"秦野丹沢SIC","ref":"3-1"},"geometry":{"type":"Point","coordinates":[139.1788,35.39995]}},{"type":"Feature","properties":{"name":"普代北IC","ref":"61"},"geometry":{"type":"Point","coordinates":[141.86743,40.0414]}},{"type":"Feature","properties":{"name":"久慈宇部IC","ref":"63"},"geometry":{"type":"Point","coordinates":[141.77258,40.13672]}},{"type":"Feature","properties":{"name":"筑北スマートIC","ref":"5-1"},"geometry":{"type":"Point","coordinates":[138.00217,36.39358]}},{"type":"Feature","properties":{"name":"吉備SA(上り)","ref":"14-1"},"geometry":{"type":"Point","coordinates":[133.86857,34.69274]}},{"type":"Feature","properties":{"name":"豊岡出石IC","ref":null},"geometry":{"type":"Point","coordinates":[134.80405,35.51966]}},{"type":"Feature","properties":{"name":"常滑JCT（仮称）","ref":null},"geometry":{"type":"Point","coordinates":[136.84577,34.8983]}},{"type":"Feature","properties":{"name":"精華学研IC","ref":"5"},"geometry":{"type":"Point","coordinates":[135.78442,34.74655]}},{"type":"Feature","properties":{"name":"青森東IC","ref":"56"},"geometry":{"type":"Point","coordinates":[140.83848,40.82929]}},{"type":"Feature","properties":{"name":"村山名取IC","ref":"20-1"},"geometry":{"type":"Point","coordinates":[140.37165,38.51747]}},{"type":"Feature","properties":{"name":"福岡PA(下り)","ref":null},"geometry":{"type":"Point","coordinates":[136.94705,36.70558]}},{"type":"Feature","properties":{"name":"七戸北IC","ref":null},"geometry":{"type":"Point","coordinates":[141.14744,40.78729]}},{"type":"Feature","properties":{"name":"遊佐菅里IC","ref":null},"geometry":{"type":"Point","coordinates":[139.86542,39.0324]}},{"type":"Feature","properties":{"name":"勝原IC","ref":null},"geometry":{"type":"Point","coordinates":[136.60034,35.96459]}},{"type":"Feature","properties":{"name":"山都通潤橋IC","ref":"5"},"geometry":{"type":"Point","coordinates":[130.98878,32.69629]}},{"type":"Feature","properties":{"name":"八木西IC","ref":"8"},"geometry":{"type":"Point","coordinates":[135.5038,35.08751]}},{"type":"Feature","properties":{"name":"東温SIC","ref":"12-1"},"geometry":{"type":"Point","coordinates":[132.86917,33.78599]}},{"type":"Feature","properties":{"name":"滝根IC","ref":"9"},"geometry":{"type":"Point","coordinates":[140.63783,37.2908]}},{"type":"Feature","properties":{"name":"仁木IC","ref":"14"},"geometry":{"type":"Point","coordinates":[140.79443,43.16115]}},{"type":"Feature","properties":{"name":"つくば西スマートIC","ref":"75-1"},"geometry":{"type":"Point","coordinates":[140.04947,36.0568]}},{"type":"Feature","properties":{"name":"間ノ瀬IC","ref":"11-2"},"geometry":{"type":"Point","coordinates":[129.93587,32.8115]}},{"type":"Feature","properties":{"name":"出雲湖陵IC","ref":"32"},"geometry":{"type":"Point","coordinates":[132.68238,35.30143]}},{"type":"Feature","properties":{"name":"昭和町IC","ref":null},"geometry":{"type":"Point","coordinates":[129.87244,32.79239]}},{"type":"Feature","properties":{"name":"中津川西IC（仮称）","ref":null},"geometry":{"type":"Point","coordinates":[137.45882,35.46307]}},{"type":"Feature","properties":{"name":"下院内IC","ref":"36"},"geometry":{"type":"Point","coordinates":[140.43179,39.05141]}},{"type":"Feature","properties":{"name":"平戸IC","ref":null},"geometry":{"type":"Point","coordinates":[129.64853,33.32978]}},{"type":"Feature","properties":{"name":"観音寺SIC","ref":"4-1"},"geometry":{"type":"Point","coordinates":[133.69425,34.12368]}}]}